power,stamina,energy,base,remaining,agr,att,def,spd,thr,pow,sta,int
100,100,1,100,0,100,100,100,100,100,100,100,100
100,100,1,101,0,100,100,100,100,100,100,100,100
100,100,1,173,0,169,169,169,169,169,169,100,169
100,100,1,250,0,246,246,246,246,246,246,100,246
100,100,8,100,0,100,100,100,100,100,100,100,100
100,100,8,101,0,100,100,100,100,100,100,100,100
100,100,8,173,0,169,169,169,169,169,169,100,169
100,100,8,250,0,246,246,246,246,246,246,100,246
100,100,16,100,7,100,100,100,100,100,100,100,100
100,100,16,101,7,100,100,100,100,100,100,100,100
100,100,16,173,7,169,169,169,169,169,169,100,169
100,100,16,250,7,246,246,246,246,246,246,100,246
100,100,64,100,55,100,100,100,100,100,100,100,100
100,100,64,101,55,100,100,100,100,100,100,100,100
100,100,64,173,55,169,169,169,169,169,169,100,169
100,100,64,250,55,246,246,246,246,246,246,100,246
100,100,127,100,118,100,100,100,100,100,100,100,100
100,100,127,101,118,100,100,100,100,100,100,100,100
100,100,127,173,118,169,169,169,169,169,169,100,169
100,100,127,250,118,246,246,246,246,246,246,100,246
100,100,128,100,119,100,100,100,100,100,100,100,100
100,100,128,101,119,100,100,100,100,100,100,100,100
100,100,128,173,119,169,169,169,169,169,169,100,169
100,100,128,250,119,246,246,246,246,246,246,100,246
100,140,1,100,0,100,100,100,100,100,100,137,100
100,140,1,101,0,100,100,100,100,100,100,137,100
100,140,1,173,0,170,170,170,170,170,170,137,170
100,140,1,250,0,247,247,247,247,247,247,137,247
100,140,8,100,2,100,100,100,100,100,100,137,100
100,140,8,101,2,100,100,100,100,100,100,137,100
100,140,8,173,2,170,170,170,170,170,170,137,170
100,140,8,250,2,247,247,247,247,247,247,137,247
100,140,16,100,10,100,100,100,100,100,100,137,100
100,140,16,101,10,100,100,100,100,100,100,137,100
100,140,16,173,10,170,170,170,170,170,170,137,170
100,140,16,250,10,247,247,247,247,247,247,137,247
100,140,64,100,58,100,100,100,100,100,100,137,100
100,140,64,101,58,100,100,100,100,100,100,137,100
100,140,64,173,58,170,170,170,170,170,170,137,170
100,140,64,250,58,247,247,247,247,247,247,137,247
100,140,127,100,121,100,100,100,100,100,100,137,100
100,140,127,101,121,100,100,100,100,100,100,137,100
100,140,127,173,121,170,170,170,170,170,170,137,170
100,140,127,250,121,247,247,247,247,247,247,137,247
100,140,128,100,122,100,100,100,100,100,100,137,100
100,140,128,101,122,100,100,100,100,100,100,137,100
100,140,128,173,122,170,170,170,170,170,170,137,170
100,140,128,250,122,247,247,247,247,247,247,137,247
100,170,1,100,0,100,100,100,100,100,100,168,100
100,170,1,101,0,100,100,100,100,100,100,168,100
100,170,1,173,0,171,171,171,171,171,171,168,171
100,170,1,250,0,248,248,248,248,248,248,168,248
100,170,8,100,3,100,100,100,100,100,100,168,100
100,170,8,101,3,100,100,100,100,100,100,168,100
100,170,8,173,3,171,171,171,171,171,171,168,171
100,170,8,250,3,248,248,248,248,248,248,168,248
100,170,16,100,11,100,100,100,100,100,100,168,100
100,170,16,101,11,100,100,100,100,100,100,168,100
100,170,16,173,11,171,171,171,171,171,171,168,171
100,170,16,250,11,248,248,248,248,248,248,168,248
100,170,64,100,59,100,100,100,100,100,100,168,100
100,170,64,101,59,100,100,100,100,100,100,168,100
100,170,64,173,59,171,171,171,171,171,171,168,171
100,170,64,250,59,248,248,248,248,248,248,168,248
100,170,127,100,122,100,100,100,100,100,100,168,100
100,170,127,101,122,100,100,100,100,100,100,168,100
100,170,127,173,122,171,171,171,171,171,171,168,171
100,170,127,250,122,248,248,248,248,248,248,168,248
100,170,128,100,123,100,100,100,100,100,100,168,100
100,170,128,101,123,100,100,100,100,100,100,168,100
100,170,128,173,123,171,171,171,171,171,171,168,171
100,170,128,250,123,248,248,248,248,248,248,168,248
100,200,1,100,0,100,100,100,100,100,100,199,100
100,200,1,101,0,100,100,100,100,100,100,199,100
100,200,1,173,0,172,172,172,172,172,172,199,172
100,200,1,250,0,249,249,249,249,249,249,199,249
100,200,8,100,5,100,100,100,100,100,100,199,100
100,200,8,101,5,100,100,100,100,100,100,199,100
100,200,8,173,5,172,172,172,172,172,172,199,172
100,200,8,250,5,249,249,249,249,249,249,199,249
100,200,16,100,13,100,100,100,100,100,100,199,100
100,200,16,101,13,100,100,100,100,100,100,199,100
100,200,16,173,13,172,172,172,172,172,172,199,172
100,200,16,250,13,249,249,249,249,249,249,199,249
100,200,64,100,61,100,100,100,100,100,100,199,100
100,200,64,101,61,100,100,100,100,100,100,199,100
100,200,64,173,61,172,172,172,172,172,172,199,172
100,200,64,250,61,249,249,249,249,249,249,199,249
100,200,127,100,124,100,100,100,100,100,100,199,100
100,200,127,101,124,100,100,100,100,100,100,199,100
100,200,127,173,124,172,172,172,172,172,172,199,172
100,200,127,250,124,249,249,249,249,249,249,199,249
100,200,128,100,125,100,100,100,100,100,100,199,100
100,200,128,101,125,100,100,100,100,100,100,199,100
100,200,128,173,125,172,172,172,172,172,172,199,172
100,200,128,250,125,249,249,249,249,249,249,199,249
100,204,1,100,0,100,100,100,100,100,100,203,100
100,204,1,101,0,100,100,100,100,100,100,203,100
100,204,1,173,0,172,172,172,172,172,172,203,172
100,204,1,250,0,249,249,249,249,249,249,203,249
100,204,8,100,6,100,100,100,100,100,100,203,100
100,204,8,101,6,100,100,100,100,100,100,203,100
100,204,8,173,6,172,172,172,172,172,172,203,172
100,204,8,250,6,249,249,249,249,249,249,203,249
100,204,16,100,14,100,100,100,100,100,100,203,100
100,204,16,101,14,100,100,100,100,100,100,203,100
100,204,16,173,14,172,172,172,172,172,172,203,172
100,204,16,250,14,249,249,249,249,249,249,203,249
100,204,64,100,62,100,100,100,100,100,100,203,100
100,204,64,101,62,100,100,100,100,100,100,203,100
100,204,64,173,62,172,172,172,172,172,172,203,172
100,204,64,250,62,249,249,249,249,249,249,203,249
100,204,127,100,125,100,100,100,100,100,100,203,100
100,204,127,101,125,100,100,100,100,100,100,203,100
100,204,127,173,125,172,172,172,172,172,172,203,172
100,204,127,250,125,249,249,249,249,249,249,203,249
100,204,128,100,126,100,100,100,100,100,100,203,100
100,204,128,101,126,100,100,100,100,100,100,203,100
100,204,128,173,126,172,172,172,172,172,172,203,172
100,204,128,250,126,249,249,249,249,249,249,203,249
100,205,1,100,0,100,100,100,100,100,100,204,100
100,205,1,101,0,100,100,100,100,100,100,204,100
100,205,1,173,0,172,172,172,172,172,172,204,172
100,205,1,250,0,249,249,249,249,249,249,204,249
100,205,8,100,6,100,100,100,100,100,100,204,100
100,205,8,101,6,100,100,100,100,100,100,204,100
100,205,8,173,6,172,172,172,172,172,172,204,172
100,205,8,250,6,249,249,249,249,249,249,204,249
100,205,16,100,14,100,100,100,100,100,100,204,100
100,205,16,101,14,100,100,100,100,100,100,204,100
100,205,16,173,14,172,172,172,172,172,172,204,172
100,205,16,250,14,249,249,249,249,249,249,204,249
100,205,64,100,62,100,100,100,100,100,100,204,100
100,205,64,101,62,100,100,100,100,100,100,204,100
100,205,64,173,62,172,172,172,172,172,172,204,172
100,205,64,250,62,249,249,249,249,249,249,204,249
100,205,127,100,125,100,100,100,100,100,100,204,100
100,205,127,101,125,100,100,100,100,100,100,204,100
100,205,127,173,125,172,172,172,172,172,172,204,172
100,205,127,250,125,249,249,249,249,249,249,204,249
100,205,128,100,126,100,100,100,100,100,100,204,100
100,205,128,101,126,100,100,100,100,100,100,204,100
100,205,128,173,126,172,172,172,172,172,172,204,172
100,205,128,250,126,249,249,249,249,249,249,204,249
100,249,1,100,0,100,100,100,100,100,100,248,100
100,249,1,101,0,100,100,100,100,100,100,248,100
100,249,1,173,0,172,172,172,172,172,172,248,172
100,249,1,250,0,249,249,249,249,249,249,248,249
100,249,8,100,7,100,100,100,100,100,100,248,100
100,249,8,101,7,100,100,100,100,100,100,248,100
100,249,8,173,7,172,172,172,172,172,172,248,172
100,249,8,250,7,249,249,249,249,249,249,248,249
100,249,16,100,15,100,100,100,100,100,100,248,100
100,249,16,101,15,100,100,100,100,100,100,248,100
100,249,16,173,15,172,172,172,172,172,172,248,172
100,249,16,250,15,249,249,249,249,249,249,248,249
100,249,64,100,63,100,100,100,100,100,100,248,100
100,249,64,101,63,100,100,100,100,100,100,248,100
100,249,64,173,63,172,172,172,172,172,172,248,172
100,249,64,250,63,249,249,249,249,249,249,248,249
100,249,127,100,126,100,100,100,100,100,100,248,100
100,249,127,101,126,100,100,100,100,100,100,248,100
100,249,127,173,126,172,172,172,172,172,172,248,172
100,249,127,250,126,249,249,249,249,249,249,248,249
100,249,128,100,127,100,100,100,100,100,100,248,100
100,249,128,101,127,100,100,100,100,100,100,248,100
100,249,128,173,127,172,172,172,172,172,172,248,172
100,249,128,250,127,249,249,249,249,249,249,248,249
100,250,1,100,0,100,100,100,100,100,100,249,100
100,250,1,101,0,100,100,100,100,100,100,249,100
100,250,1,173,0,172,172,172,172,172,172,249,172
100,250,1,250,0,249,249,249,249,249,249,249,249
100,250,8,100,7,100,100,100,100,100,100,249,100
100,250,8,101,7,100,100,100,100,100,100,249,100
100,250,8,173,7,172,172,172,172,172,172,249,172
100,250,8,250,7,249,249,249,249,249,249,249,249
100,250,16,100,15,100,100,100,100,100,100,249,100
100,250,16,101,15,100,100,100,100,100,100,249,100
100,250,16,173,15,172,172,172,172,172,172,249,172
100,250,16,250,15,249,249,249,249,249,249,249,249
100,250,64,100,63,100,100,100,100,100,100,249,100
100,250,64,101,63,100,100,100,100,100,100,249,100
100,250,64,173,63,172,172,172,172,172,172,249,172
100,250,64,250,63,249,249,249,249,249,249,249,249
100,250,127,100,126,100,100,100,100,100,100,249,100
100,250,127,101,126,100,100,100,100,100,100,249,100
100,250,127,173,126,172,172,172,172,172,172,249,172
100,250,127,250,126,249,249,249,249,249,249,249,249
100,250,128,100,127,100,100,100,100,100,100,249,100
100,250,128,101,127,100,100,100,100,100,100,249,100
100,250,128,173,127,172,172,172,172,172,172,249,172
100,250,128,250,127,249,249,249,249,249,249,249,249
140,100,1,100,0,100,100,100,100,100,100,100,100
140,100,1,101,0,100,100,100,100,100,100,100,100
140,100,1,173,0,168,168,168,168,168,168,100,168
140,100,1,250,0,245,245,245,245,245,245,100,245
140,100,8,100,0,100,100,100,100,100,100,100,100
140,100,8,101,0,100,100,100,100,100,100,100,100
140,100,8,173,0,168,168,168,168,168,168,100,168
140,100,8,250,0,245,245,245,245,245,245,100,245
140,100,16,100,5,100,100,100,100,100,100,100,100
140,100,16,101,5,100,100,100,100,100,100,100,100
140,100,16,173,5,168,168,168,168,168,168,100,168
140,100,16,250,5,245,245,245,245,245,245,100,245
140,100,64,100,53,100,100,100,100,100,100,100,100
140,100,64,101,53,100,100,100,100,100,100,100,100
140,100,64,173,53,168,168,168,168,168,168,100,168
140,100,64,250,53,245,245,245,245,245,245,100,245
140,100,127,100,116,100,100,100,100,100,100,100,100
140,100,127,101,116,100,100,100,100,100,100,100,100
140,100,127,173,116,168,168,168,168,168,168,100,168
140,100,127,250,116,245,245,245,245,245,245,100,245
140,100,128,100,117,100,100,100,100,100,100,100,100
140,100,128,101,117,100,100,100,100,100,100,100,100
140,100,128,173,117,168,168,168,168,168,168,100,168
140,100,128,250,117,245,245,245,245,245,245,100,245
140,140,1,100,0,100,100,100,100,100,100,136,100
140,140,1,101,0,100,100,100,100,100,100,136,100
140,140,1,173,0,169,169,169,169,169,169,136,169
140,140,1,250,0,246,246,246,246,246,246,136,246
140,140,8,100,0,100,100,100,100,100,100,136,100
140,140,8,101,0,100,100,100,100,100,100,136,100
140,140,8,173,0,169,169,169,169,169,169,136,169
140,140,8,250,0,246,246,246,246,246,246,136,246
140,140,16,100,7,100,100,100,100,100,100,136,100
140,140,16,101,7,100,100,100,100,100,100,136,100
140,140,16,173,7,169,169,169,169,169,169,136,169
140,140,16,250,7,246,246,246,246,246,246,136,246
140,140,64,100,55,100,100,100,100,100,100,136,100
140,140,64,101,55,100,100,100,100,100,100,136,100
140,140,64,173,55,169,169,169,169,169,169,136,169
140,140,64,250,55,246,246,246,246,246,246,136,246
140,140,127,100,118,100,100,100,100,100,100,136,100
140,140,127,101,118,100,100,100,100,100,100,136,100
140,140,127,173,118,169,169,169,169,169,169,136,169
140,140,127,250,118,246,246,246,246,246,246,136,246
140,140,128,100,119,100,100,100,100,100,100,136,100
140,140,128,101,119,100,100,100,100,100,100,136,100
140,140,128,173,119,169,169,169,169,169,169,136,169
140,140,128,250,119,246,246,246,246,246,246,136,246
140,170,1,100,0,100,100,100,100,100,100,167,100
140,170,1,101,0,100,100,100,100,100,100,167,100
140,170,1,173,0,170,170,170,170,170,170,167,170
140,170,1,250,0,247,247,247,247,247,247,167,247
140,170,8,100,1,100,100,100,100,100,100,167,100
140,170,8,101,1,100,100,100,100,100,100,167,100
140,170,8,173,1,170,170,170,170,170,170,167,170
140,170,8,250,1,247,247,247,247,247,247,167,247
140,170,16,100,9,100,100,100,100,100,100,167,100
140,170,16,101,9,100,100,100,100,100,100,167,100
140,170,16,173,9,170,170,170,170,170,170,167,170
140,170,16,250,9,247,247,247,247,247,247,167,247
140,170,64,100,57,100,100,100,100,100,100,167,100
140,170,64,101,57,100,100,100,100,100,100,167,100
140,170,64,173,57,170,170,170,170,170,170,167,170
140,170,64,250,57,247,247,247,247,247,247,167,247
140,170,127,100,120,100,100,100,100,100,100,167,100
140,170,127,101,120,100,100,100,100,100,100,167,100
140,170,127,173,120,170,170,170,170,170,170,167,170
140,170,127,250,120,247,247,247,247,247,247,167,247
140,170,128,100,121,100,100,100,100,100,100,167,100
140,170,128,101,121,100,100,100,100,100,100,167,100
140,170,128,173,121,170,170,170,170,170,170,167,170
140,170,128,250,121,247,247,247,247,247,247,167,247
140,200,1,100,0,100,100,100,100,100,100,198,100
140,200,1,101,0,100,100,100,100,100,100,198,100
140,200,1,173,0,171,171,171,171,171,171,198,171
140,200,1,250,0,248,248,248,248,248,248,198,248
140,200,8,100,3,100,100,100,100,100,100,198,100
140,200,8,101,3,100,100,100,100,100,100,198,100
140,200,8,173,3,171,171,171,171,171,171,198,171
140,200,8,250,3,248,248,248,248,248,248,198,248
140,200,16,100,11,100,100,100,100,100,100,198,100
140,200,16,101,11,100,100,100,100,100,100,198,100
140,200,16,173,11,171,171,171,171,171,171,198,171
140,200,16,250,11,248,248,248,248,248,248,198,248
140,200,64,100,59,100,100,100,100,100,100,198,100
140,200,64,101,59,100,100,100,100,100,100,198,100
140,200,64,173,59,171,171,171,171,171,171,198,171
140,200,64,250,59,248,248,248,248,248,248,198,248
140,200,127,100,122,100,100,100,100,100,100,198,100
140,200,127,101,122,100,100,100,100,100,100,198,100
140,200,127,173,122,171,171,171,171,171,171,198,171
140,200,127,250,122,248,248,248,248,248,248,198,248
140,200,128,100,123,100,100,100,100,100,100,198,100
140,200,128,101,123,100,100,100,100,100,100,198,100
140,200,128,173,123,171,171,171,171,171,171,198,171
140,200,128,250,123,248,248,248,248,248,248,198,248
140,204,1,100,0,100,100,100,100,100,100,202,100
140,204,1,101,0,100,100,100,100,100,100,202,100
140,204,1,173,0,171,171,171,171,171,171,202,171
140,204,1,250,0,248,248,248,248,248,248,202,248
140,204,8,100,3,100,100,100,100,100,100,202,100
140,204,8,101,3,100,100,100,100,100,100,202,100
140,204,8,173,3,171,171,171,171,171,171,202,171
140,204,8,250,3,248,248,248,248,248,248,202,248
140,204,16,100,11,100,100,100,100,100,100,202,100
140,204,16,101,11,100,100,100,100,100,100,202,100
140,204,16,173,11,171,171,171,171,171,171,202,171
140,204,16,250,11,248,248,248,248,248,248,202,248
140,204,64,100,59,100,100,100,100,100,100,202,100
140,204,64,101,59,100,100,100,100,100,100,202,100
140,204,64,173,59,171,171,171,171,171,171,202,171
140,204,64,250,59,248,248,248,248,248,248,202,248
140,204,127,100,122,100,100,100,100,100,100,202,100
140,204,127,101,122,100,100,100,100,100,100,202,100
140,204,127,173,122,171,171,171,171,171,171,202,171
140,204,127,250,122,248,248,248,248,248,248,202,248
140,204,128,100,123,100,100,100,100,100,100,202,100
140,204,128,101,123,100,100,100,100,100,100,202,100
140,204,128,173,123,171,171,171,171,171,171,202,171
140,204,128,250,123,248,248,248,248,248,248,202,248
140,205,1,100,0,100,100,100,100,100,100,203,100
140,205,1,101,0,100,100,100,100,100,100,203,100
140,205,1,173,0,171,171,171,171,171,171,203,171
140,205,1,250,0,248,248,248,248,248,248,203,248
140,205,8,100,3,100,100,100,100,100,100,203,100
140,205,8,101,3,100,100,100,100,100,100,203,100
140,205,8,173,3,171,171,171,171,171,171,203,171
140,205,8,250,3,248,248,248,248,248,248,203,248
140,205,16,100,11,100,100,100,100,100,100,203,100
140,205,16,101,11,100,100,100,100,100,100,203,100
140,205,16,173,11,171,171,171,171,171,171,203,171
140,205,16,250,11,248,248,248,248,248,248,203,248
140,205,64,100,59,100,100,100,100,100,100,203,100
140,205,64,101,59,100,100,100,100,100,100,203,100
140,205,64,173,59,171,171,171,171,171,171,203,171
140,205,64,250,59,248,248,248,248,248,248,203,248
140,205,127,100,122,100,100,100,100,100,100,203,100
140,205,127,101,122,100,100,100,100,100,100,203,100
140,205,127,173,122,171,171,171,171,171,171,203,171
140,205,127,250,122,248,248,248,248,248,248,203,248
140,205,128,100,123,100,100,100,100,100,100,203,100
140,205,128,101,123,100,100,100,100,100,100,203,100
140,205,128,173,123,171,171,171,171,171,171,203,171
140,205,128,250,123,248,248,248,248,248,248,203,248
140,249,1,100,0,100,100,100,100,100,100,248,100
140,249,1,101,0,100,100,100,100,100,100,248,100
140,249,1,173,0,172,172,172,172,172,172,248,172
140,249,1,250,0,249,249,249,249,249,249,248,249
140,249,8,100,6,100,100,100,100,100,100,248,100
140,249,8,101,6,100,100,100,100,100,100,248,100
140,249,8,173,6,172,172,172,172,172,172,248,172
140,249,8,250,6,249,249,249,249,249,249,248,249
140,249,16,100,14,100,100,100,100,100,100,248,100
140,249,16,101,14,100,100,100,100,100,100,248,100
140,249,16,173,14,172,172,172,172,172,172,248,172
140,249,16,250,14,249,249,249,249,249,249,248,249
140,249,64,100,62,100,100,100,100,100,100,248,100
140,249,64,101,62,100,100,100,100,100,100,248,100
140,249,64,173,62,172,172,172,172,172,172,248,172
140,249,64,250,62,249,249,249,249,249,249,248,249
140,249,127,100,125,100,100,100,100,100,100,248,100
140,249,127,101,125,100,100,100,100,100,100,248,100
140,249,127,173,125,172,172,172,172,172,172,248,172
140,249,127,250,125,249,249,249,249,249,249,248,249
140,249,128,100,126,100,100,100,100,100,100,248,100
140,249,128,101,126,100,100,100,100,100,100,248,100
140,249,128,173,126,172,172,172,172,172,172,248,172
140,249,128,250,126,249,249,249,249,249,249,248,249
140,250,1,100,0,100,100,100,100,100,100,249,100
140,250,1,101,0,100,100,100,100,100,100,249,100
140,250,1,173,0,172,172,172,172,172,172,249,172
140,250,1,250,0,249,249,249,249,249,249,249,249
140,250,8,100,6,100,100,100,100,100,100,249,100
140,250,8,101,6,100,100,100,100,100,100,249,100
140,250,8,173,6,172,172,172,172,172,172,249,172
140,250,8,250,6,249,249,249,249,249,249,249,249
140,250,16,100,14,100,100,100,100,100,100,249,100
140,250,16,101,14,100,100,100,100,100,100,249,100
140,250,16,173,14,172,172,172,172,172,172,249,172
140,250,16,250,14,249,249,249,249,249,249,249,249
140,250,64,100,62,100,100,100,100,100,100,249,100
140,250,64,101,62,100,100,100,100,100,100,249,100
140,250,64,173,62,172,172,172,172,172,172,249,172
140,250,64,250,62,249,249,249,249,249,249,249,249
140,250,127,100,125,100,100,100,100,100,100,249,100
140,250,127,101,125,100,100,100,100,100,100,249,100
140,250,127,173,125,172,172,172,172,172,172,249,172
140,250,127,250,125,249,249,249,249,249,249,249,249
140,250,128,100,126,100,100,100,100,100,100,249,100
140,250,128,101,126,100,100,100,100,100,100,249,100
140,250,128,173,126,172,172,172,172,172,172,249,172
140,250,128,250,126,249,249,249,249,249,249,249,249
170,100,1,100,0,100,100,100,100,100,100,100,100
170,100,1,101,0,100,100,100,100,100,100,100,100
170,100,1,173,0,167,167,167,167,167,167,100,167
170,100,1,250,0,244,244,244,244,244,244,100,244
170,100,8,100,0,100,100,100,100,100,100,100,100
170,100,8,101,0,100,100,100,100,100,100,100,100
170,100,8,173,0,167,167,167,167,167,167,100,167
170,100,8,250,0,244,244,244,244,244,244,100,244
170,100,16,100,3,100,100,100,100,100,100,100,100
170,100,16,101,3,100,100,100,100,100,100,100,100
170,100,16,173,3,167,167,167,167,167,167,100,167
170,100,16,250,3,244,244,244,244,244,244,100,244
170,100,64,100,51,100,100,100,100,100,100,100,100
170,100,64,101,51,100,100,100,100,100,100,100,100
170,100,64,173,51,167,167,167,167,167,167,100,167
170,100,64,250,51,244,244,244,244,244,244,100,244
170,100,127,100,114,100,100,100,100,100,100,100,100
170,100,127,101,114,100,100,100,100,100,100,100,100
170,100,127,173,114,167,167,167,167,167,167,100,167
170,100,127,250,114,244,244,244,244,244,244,100,244
170,100,128,100,115,100,100,100,100,100,100,100,100
170,100,128,101,115,100,100,100,100,100,100,100,100
170,100,128,173,115,167,167,167,167,167,167,100,167
170,100,128,250,115,244,244,244,244,244,244,100,244
170,140,1,100,0,100,100,100,100,100,100,135,100
170,140,1,101,0,100,100,100,100,100,100,135,100
170,140,1,173,0,168,168,168,168,168,168,135,168
170,140,1,250,0,245,245,245,245,245,245,135,245
170,140,8,100,0,100,100,100,100,100,100,135,100
170,140,8,101,0,100,100,100,100,100,100,135,100
170,140,8,173,0,168,168,168,168,168,168,135,168
170,140,8,250,0,245,245,245,245,245,245,135,245
170,140,16,100,5,100,100,100,100,100,100,135,100
170,140,16,101,5,100,100,100,100,100,100,135,100
170,140,16,173,5,168,168,168,168,168,168,135,168
170,140,16,250,5,245,245,245,245,245,245,135,245
170,140,64,100,53,100,100,100,100,100,100,135,100
170,140,64,101,53,100,100,100,100,100,100,135,100
170,140,64,173,53,168,168,168,168,168,168,135,168
170,140,64,250,53,245,245,245,245,245,245,135,245
170,140,127,100,116,100,100,100,100,100,100,135,100
170,140,127,101,116,100,100,100,100,100,100,135,100
170,140,127,173,116,168,168,168,168,168,168,135,168
170,140,127,250,116,245,245,245,245,245,245,135,245
170,140,128,100,117,100,100,100,100,100,100,135,100
170,140,128,101,117,100,100,100,100,100,100,135,100
170,140,128,173,117,168,168,168,168,168,168,135,168
170,140,128,250,117,245,245,245,245,245,245,135,245
170,170,1,100,0,100,100,100,100,100,100,166,100
170,170,1,101,0,100,100,100,100,100,100,166,100
170,170,1,173,0,169,169,169,169,169,169,166,169
170,170,1,250,0,246,246,246,246,246,246,166,246
170,170,8,100,0,100,100,100,100,100,100,166,100
170,170,8,101,0,100,100,100,100,100,100,166,100
170,170,8,173,0,169,169,169,169,169,169,166,169
170,170,8,250,0,246,246,246,246,246,246,166,246
170,170,16,100,7,100,100,100,100,100,100,166,100
170,170,16,101,7,100,100,100,100,100,100,166,100
170,170,16,173,7,169,169,169,169,169,169,166,169
170,170,16,250,7,246,246,246,246,246,246,166,246
170,170,64,100,55,100,100,100,100,100,100,166,100
170,170,64,101,55,100,100,100,100,100,100,166,100
170,170,64,173,55,169,169,169,169,169,169,166,169
170,170,64,250,55,246,246,246,246,246,246,166,246
170,170,127,100,118,100,100,100,100,100,100,166,100
170,170,127,101,118,100,100,100,100,100,100,166,100
170,170,127,173,118,169,169,169,169,169,169,166,169
170,170,127,250,118,246,246,246,246,246,246,166,246
170,170,128,100,119,100,100,100,100,100,100,166,100
170,170,128,101,119,100,100,100,100,100,100,166,100
170,170,128,173,119,169,169,169,169,169,169,166,169
170,170,128,250,119,246,246,246,246,246,246,166,246
170,200,1,100,0,100,100,100,100,100,100,197,100
170,200,1,101,0,100,100,100,100,100,100,197,100
170,200,1,173,0,170,170,170,170,170,170,197,170
170,200,1,250,0,247,247,247,247,247,247,197,247
170,200,8,100,1,100,100,100,100,100,100,197,100
170,200,8,101,1,100,100,100,100,100,100,197,100
170,200,8,173,1,170,170,170,170,170,170,197,170
170,200,8,250,1,247,247,247,247,247,247,197,247
170,200,16,100,9,100,100,100,100,100,100,197,100
170,200,16,101,9,100,100,100,100,100,100,197,100
170,200,16,173,9,170,170,170,170,170,170,197,170
170,200,16,250,9,247,247,247,247,247,247,197,247
170,200,64,100,57,100,100,100,100,100,100,197,100
170,200,64,101,57,100,100,100,100,100,100,197,100
170,200,64,173,57,170,170,170,170,170,170,197,170
170,200,64,250,57,247,247,247,247,247,247,197,247
170,200,127,100,120,100,100,100,100,100,100,197,100
170,200,127,101,120,100,100,100,100,100,100,197,100
170,200,127,173,120,170,170,170,170,170,170,197,170
170,200,127,250,120,247,247,247,247,247,247,197,247
170,200,128,100,121,100,100,100,100,100,100,197,100
170,200,128,101,121,100,100,100,100,100,100,197,100
170,200,128,173,121,170,170,170,170,170,170,197,170
170,200,128,250,121,247,247,247,247,247,247,197,247
170,204,1,100,0,100,100,100,100,100,100,201,100
170,204,1,101,0,100,100,100,100,100,100,201,100
170,204,1,173,0,170,170,170,170,170,170,201,170
170,204,1,250,0,247,247,247,247,247,247,201,247
170,204,8,100,1,100,100,100,100,100,100,201,100
170,204,8,101,1,100,100,100,100,100,100,201,100
170,204,8,173,1,170,170,170,170,170,170,201,170
170,204,8,250,1,247,247,247,247,247,247,201,247
170,204,16,100,9,100,100,100,100,100,100,201,100
170,204,16,101,9,100,100,100,100,100,100,201,100
170,204,16,173,9,170,170,170,170,170,170,201,170
170,204,16,250,9,247,247,247,247,247,247,201,247
170,204,64,100,57,100,100,100,100,100,100,201,100
170,204,64,101,57,100,100,100,100,100,100,201,100
170,204,64,173,57,170,170,170,170,170,170,201,170
170,204,64,250,57,247,247,247,247,247,247,201,247
170,204,127,100,120,100,100,100,100,100,100,201,100
170,204,127,101,120,100,100,100,100,100,100,201,100
170,204,127,173,120,170,170,170,170,170,170,201,170
170,204,127,250,120,247,247,247,247,247,247,201,247
170,204,128,100,121,100,100,100,100,100,100,201,100
170,204,128,101,121,100,100,100,100,100,100,201,100
170,204,128,173,121,170,170,170,170,170,170,201,170
170,204,128,250,121,247,247,247,247,247,247,201,247
170,205,1,100,0,100,100,100,100,100,100,202,100
170,205,1,101,0,100,100,100,100,100,100,202,100
170,205,1,173,0,170,170,170,170,170,170,202,170
170,205,1,250,0,247,247,247,247,247,247,202,247
170,205,8,100,1,100,100,100,100,100,100,202,100
170,205,8,101,1,100,100,100,100,100,100,202,100
170,205,8,173,1,170,170,170,170,170,170,202,170
170,205,8,250,1,247,247,247,247,247,247,202,247
170,205,16,100,9,100,100,100,100,100,100,202,100
170,205,16,101,9,100,100,100,100,100,100,202,100
170,205,16,173,9,170,170,170,170,170,170,202,170
170,205,16,250,9,247,247,247,247,247,247,202,247
170,205,64,100,57,100,100,100,100,100,100,202,100
170,205,64,101,57,100,100,100,100,100,100,202,100
170,205,64,173,57,170,170,170,170,170,170,202,170
170,205,64,250,57,247,247,247,247,247,247,202,247
170,205,127,100,120,100,100,100,100,100,100,202,100
170,205,127,101,120,100,100,100,100,100,100,202,100
170,205,127,173,120,170,170,170,170,170,170,202,170
170,205,127,250,120,247,247,247,247,247,247,202,247
170,205,128,100,121,100,100,100,100,100,100,202,100
170,205,128,101,121,100,100,100,100,100,100,202,100
170,205,128,173,121,170,170,170,170,170,170,202,170
170,205,128,250,121,247,247,247,247,247,247,202,247
170,249,1,100,0,100,100,100,100,100,100,247,100
170,249,1,101,0,100,100,100,100,100,100,247,100
170,249,1,173,0,171,171,171,171,171,171,247,171
170,249,1,250,0,248,248,248,248,248,248,247,248
170,249,8,100,4,100,100,100,100,100,100,247,100
170,249,8,101,4,100,100,100,100,100,100,247,100
170,249,8,173,4,171,171,171,171,171,171,247,171
170,249,8,250,4,248,248,248,248,248,248,247,248
170,249,16,100,12,100,100,100,100,100,100,247,100
170,249,16,101,12,100,100,100,100,100,100,247,100
170,249,16,173,12,171,171,171,171,171,171,247,171
170,249,16,250,12,248,248,248,248,248,248,247,248
170,249,64,100,60,100,100,100,100,100,100,247,100
170,249,64,101,60,100,100,100,100,100,100,247,100
170,249,64,173,60,171,171,171,171,171,171,247,171
170,249,64,250,60,248,248,248,248,248,248,247,248
170,249,127,100,123,100,100,100,100,100,100,247,100
170,249,127,101,123,100,100,100,100,100,100,247,100
170,249,127,173,123,171,171,171,171,171,171,247,171
170,249,127,250,123,248,248,248,248,248,248,247,248
170,249,128,100,124,100,100,100,100,100,100,247,100
170,249,128,101,124,100,100,100,100,100,100,247,100
170,249,128,173,124,171,171,171,171,171,171,247,171
170,249,128,250,124,248,248,248,248,248,248,247,248
170,250,1,100,0,100,100,100,100,100,100,248,100
170,250,1,101,0,100,100,100,100,100,100,248,100
170,250,1,173,0,171,171,171,171,171,171,248,171
170,250,1,250,0,248,248,248,248,248,248,248,248
170,250,8,100,4,100,100,100,100,100,100,248,100
170,250,8,101,4,100,100,100,100,100,100,248,100
170,250,8,173,4,171,171,171,171,171,171,248,171
170,250,8,250,4,248,248,248,248,248,248,248,248
170,250,16,100,12,100,100,100,100,100,100,248,100
170,250,16,101,12,100,100,100,100,100,100,248,100
170,250,16,173,12,171,171,171,171,171,171,248,171
170,250,16,250,12,248,248,248,248,248,248,248,248
170,250,64,100,60,100,100,100,100,100,100,248,100
170,250,64,101,60,100,100,100,100,100,100,248,100
170,250,64,173,60,171,171,171,171,171,171,248,171
170,250,64,250,60,248,248,248,248,248,248,248,248
170,250,127,100,123,100,100,100,100,100,100,248,100
170,250,127,101,123,100,100,100,100,100,100,248,100
170,250,127,173,123,171,171,171,171,171,171,248,171
170,250,127,250,123,248,248,248,248,248,248,248,248
170,250,128,100,124,100,100,100,100,100,100,248,100
170,250,128,101,124,100,100,100,100,100,100,248,100
170,250,128,173,124,171,171,171,171,171,171,248,171
170,250,128,250,124,248,248,248,248,248,248,248,248
200,100,1,100,0,100,100,100,100,100,100,100,100
200,100,1,101,0,100,100,100,100,100,100,100,100
200,100,1,173,0,166,166,166,166,166,166,100,166
200,100,1,250,0,243,243,243,243,243,243,100,243
200,100,8,100,0,100,100,100,100,100,100,100,100
200,100,8,101,0,100,100,100,100,100,100,100,100
200,100,8,173,0,166,166,166,166,166,166,100,166
200,100,8,250,0,243,243,243,243,243,243,100,243
200,100,16,100,1,100,100,100,100,100,100,100,100
200,100,16,101,1,100,100,100,100,100,100,100,100
200,100,16,173,1,166,166,166,166,166,166,100,166
200,100,16,250,1,243,243,243,243,243,243,100,243
200,100,64,100,49,100,100,100,100,100,100,100,100
200,100,64,101,49,100,100,100,100,100,100,100,100
200,100,64,173,49,166,166,166,166,166,166,100,166
200,100,64,250,49,243,243,243,243,243,243,100,243
200,100,127,100,112,100,100,100,100,100,100,100,100
200,100,127,101,112,100,100,100,100,100,100,100,100
200,100,127,173,112,166,166,166,166,166,166,100,166
200,100,127,250,112,243,243,243,243,243,243,100,243
200,100,128,100,113,100,100,100,100,100,100,100,100
200,100,128,101,113,100,100,100,100,100,100,100,100
200,100,128,173,113,166,166,166,166,166,166,100,166
200,100,128,250,113,243,243,243,243,243,243,100,243
200,140,1,100,0,100,100,100,100,100,100,134,100
200,140,1,101,0,100,100,100,100,100,100,134,100
200,140,1,173,0,167,167,167,167,167,167,134,167
200,140,1,250,0,244,244,244,244,244,244,134,244
200,140,8,100,0,100,100,100,100,100,100,134,100
200,140,8,101,0,100,100,100,100,100,100,134,100
200,140,8,173,0,167,167,167,167,167,167,134,167
200,140,8,250,0,244,244,244,244,244,244,134,244
200,140,16,100,3,100,100,100,100,100,100,134,100
200,140,16,101,3,100,100,100,100,100,100,134,100
200,140,16,173,3,167,167,167,167,167,167,134,167
200,140,16,250,3,244,244,244,244,244,244,134,244
200,140,64,100,51,100,100,100,100,100,100,134,100
200,140,64,101,51,100,100,100,100,100,100,134,100
200,140,64,173,51,167,167,167,167,167,167,134,167
200,140,64,250,51,244,244,244,244,244,244,134,244
200,140,127,100,114,100,100,100,100,100,100,134,100
200,140,127,101,114,100,100,100,100,100,100,134,100
200,140,127,173,114,167,167,167,167,167,167,134,167
200,140,127,250,114,244,244,244,244,244,244,134,244
200,140,128,100,115,100,100,100,100,100,100,134,100
200,140,128,101,115,100,100,100,100,100,100,134,100
200,140,128,173,115,167,167,167,167,167,167,134,167
200,140,128,250,115,244,244,244,244,244,244,134,244
200,170,1,100,0,100,100,100,100,100,100,165,100
200,170,1,101,0,100,100,100,100,100,100,165,100
200,170,1,173,0,168,168,168,168,168,168,165,168
200,170,1,250,0,245,245,245,245,245,245,165,245
200,170,8,100,0,100,100,100,100,100,100,165,100
200,170,8,101,0,100,100,100,100,100,100,165,100
200,170,8,173,0,168,168,168,168,168,168,165,168
200,170,8,250,0,245,245,245,245,245,245,165,245
200,170,16,100,5,100,100,100,100,100,100,165,100
200,170,16,101,5,100,100,100,100,100,100,165,100
200,170,16,173,5,168,168,168,168,168,168,165,168
200,170,16,250,5,245,245,245,245,245,245,165,245
200,170,64,100,53,100,100,100,100,100,100,165,100
200,170,64,101,53,100,100,100,100,100,100,165,100
200,170,64,173,53,168,168,168,168,168,168,165,168
200,170,64,250,53,245,245,245,245,245,245,165,245
200,170,127,100,116,100,100,100,100,100,100,165,100
200,170,127,101,116,100,100,100,100,100,100,165,100
200,170,127,173,116,168,168,168,168,168,168,165,168
200,170,127,250,116,245,245,245,245,245,245,165,245
200,170,128,100,117,100,100,100,100,100,100,165,100
200,170,128,101,117,100,100,100,100,100,100,165,100
200,170,128,173,117,168,168,168,168,168,168,165,168
200,170,128,250,117,245,245,245,245,245,245,165,245
200,200,1,100,0,100,100,100,100,100,100,196,100
200,200,1,101,0,100,100,100,100,100,100,196,100
200,200,1,173,0,169,169,169,169,169,169,196,169
200,200,1,250,0,246,246,246,246,246,246,196,246
200,200,8,100,0,100,100,100,100,100,100,196,100
200,200,8,101,0,100,100,100,100,100,100,196,100
200,200,8,173,0,169,169,169,169,169,169,196,169
200,200,8,250,0,246,246,246,246,246,246,196,246
200,200,16,100,7,100,100,100,100,100,100,196,100
200,200,16,101,7,100,100,100,100,100,100,196,100
200,200,16,173,7,169,169,169,169,169,169,196,169
200,200,16,250,7,246,246,246,246,246,246,196,246
200,200,64,100,55,100,100,100,100,100,100,196,100
200,200,64,101,55,100,100,100,100,100,100,196,100
200,200,64,173,55,169,169,169,169,169,169,196,169
200,200,64,250,55,246,246,246,246,246,246,196,246
200,200,127,100,118,100,100,100,100,100,100,196,100
200,200,127,101,118,100,100,100,100,100,100,196,100
200,200,127,173,118,169,169,169,169,169,169,196,169
200,200,127,250,118,246,246,246,246,246,246,196,246
200,200,128,100,119,100,100,100,100,100,100,196,100
200,200,128,101,119,100,100,100,100,100,100,196,100
200,200,128,173,119,169,169,169,169,169,169,196,169
200,200,128,250,119,246,246,246,246,246,246,196,246
200,204,1,100,0,100,100,100,100,100,100,200,100
200,204,1,101,0,100,100,100,100,100,100,200,100
200,204,1,173,0,169,169,169,169,169,169,200,169
200,204,1,250,0,246,246,246,246,246,246,200,246
200,204,8,100,0,100,100,100,100,100,100,200,100
200,204,8,101,0,100,100,100,100,100,100,200,100
200,204,8,173,0,169,169,169,169,169,169,200,169
200,204,8,250,0,246,246,246,246,246,246,200,246
200,204,16,100,7,100,100,100,100,100,100,200,100
200,204,16,101,7,100,100,100,100,100,100,200,100
200,204,16,173,7,169,169,169,169,169,169,200,169
200,204,16,250,7,246,246,246,246,246,246,200,246
200,204,64,100,55,100,100,100,100,100,100,200,100
200,204,64,101,55,100,100,100,100,100,100,200,100
200,204,64,173,55,169,169,169,169,169,169,200,169
200,204,64,250,55,246,246,246,246,246,246,200,246
200,204,127,100,118,100,100,100,100,100,100,200,100
200,204,127,101,118,100,100,100,100,100,100,200,100
200,204,127,173,118,169,169,169,169,169,169,200,169
200,204,127,250,118,246,246,246,246,246,246,200,246
200,204,128,100,119,100,100,100,100,100,100,200,100
200,204,128,101,119,100,100,100,100,100,100,200,100
200,204,128,173,119,169,169,169,169,169,169,200,169
200,204,128,250,119,246,246,246,246,246,246,200,246
200,205,1,100,0,100,100,100,100,100,100,201,100
200,205,1,101,0,100,100,100,100,100,100,201,100
200,205,1,173,0,169,169,169,169,169,169,201,169
200,205,1,250,0,246,246,246,246,246,246,201,246
200,205,8,100,0,100,100,100,100,100,100,201,100
200,205,8,101,0,100,100,100,100,100,100,201,100
200,205,8,173,0,169,169,169,169,169,169,201,169
200,205,8,250,0,246,246,246,246,246,246,201,246
200,205,16,100,7,100,100,100,100,100,100,201,100
200,205,16,101,7,100,100,100,100,100,100,201,100
200,205,16,173,7,169,169,169,169,169,169,201,169
200,205,16,250,7,246,246,246,246,246,246,201,246
200,205,64,100,55,100,100,100,100,100,100,201,100
200,205,64,101,55,100,100,100,100,100,100,201,100
200,205,64,173,55,169,169,169,169,169,169,201,169
200,205,64,250,55,246,246,246,246,246,246,201,246
200,205,127,100,118,100,100,100,100,100,100,201,100
200,205,127,101,118,100,100,100,100,100,100,201,100
200,205,127,173,118,169,169,169,169,169,169,201,169
200,205,127,250,118,246,246,246,246,246,246,201,246
200,205,128,100,119,100,100,100,100,100,100,201,100
200,205,128,101,119,100,100,100,100,100,100,201,100
200,205,128,173,119,169,169,169,169,169,169,201,169
200,205,128,250,119,246,246,246,246,246,246,201,246
200,249,1,100,0,100,100,100,100,100,100,246,100
200,249,1,101,0,100,100,100,100,100,100,246,100
200,249,1,173,0,170,170,170,170,170,170,246,170
200,249,1,250,0,247,247,247,247,247,247,246,247
200,249,8,100,2,100,100,100,100,100,100,246,100
200,249,8,101,2,100,100,100,100,100,100,246,100
200,249,8,173,2,170,170,170,170,170,170,246,170
200,249,8,250,2,247,247,247,247,247,247,246,247
200,249,16,100,10,100,100,100,100,100,100,246,100
200,249,16,101,10,100,100,100,100,100,100,246,100
200,249,16,173,10,170,170,170,170,170,170,246,170
200,249,16,250,10,247,247,247,247,247,247,246,247
200,249,64,100,58,100,100,100,100,100,100,246,100
200,249,64,101,58,100,100,100,100,100,100,246,100
200,249,64,173,58,170,170,170,170,170,170,246,170
200,249,64,250,58,247,247,247,247,247,247,246,247
200,249,127,100,121,100,100,100,100,100,100,246,100
200,249,127,101,121,100,100,100,100,100,100,246,100
200,249,127,173,121,170,170,170,170,170,170,246,170
200,249,127,250,121,247,247,247,247,247,247,246,247
200,249,128,100,122,100,100,100,100,100,100,246,100
200,249,128,101,122,100,100,100,100,100,100,246,100
200,249,128,173,122,170,170,170,170,170,170,246,170
200,249,128,250,122,247,247,247,247,247,247,246,247
200,250,1,100,0,100,100,100,100,100,100,247,100
200,250,1,101,0,100,100,100,100,100,100,247,100
200,250,1,173,0,170,170,170,170,170,170,247,170
200,250,1,250,0,247,247,247,247,247,247,247,247
200,250,8,100,2,100,100,100,100,100,100,247,100
200,250,8,101,2,100,100,100,100,100,100,247,100
200,250,8,173,2,170,170,170,170,170,170,247,170
200,250,8,250,2,247,247,247,247,247,247,247,247
200,250,16,100,10,100,100,100,100,100,100,247,100
200,250,16,101,10,100,100,100,100,100,100,247,100
200,250,16,173,10,170,170,170,170,170,170,247,170
200,250,16,250,10,247,247,247,247,247,247,247,247
200,250,64,100,58,100,100,100,100,100,100,247,100
200,250,64,101,58,100,100,100,100,100,100,247,100
200,250,64,173,58,170,170,170,170,170,170,247,170
200,250,64,250,58,247,247,247,247,247,247,247,247
200,250,127,100,121,100,100,100,100,100,100,247,100
200,250,127,101,121,100,100,100,100,100,100,247,100
200,250,127,173,121,170,170,170,170,170,170,247,170
200,250,127,250,121,247,247,247,247,247,247,247,247
200,250,128,100,122,100,100,100,100,100,100,247,100
200,250,128,101,122,100,100,100,100,100,100,247,100
200,250,128,173,122,170,170,170,170,170,170,247,170
200,250,128,250,122,247,247,247,247,247,247,247,247
204,100,1,100,0,100,100,100,100,100,100,100,100
204,100,1,101,0,100,100,100,100,100,100,100,100
204,100,1,173,0,166,166,166,166,166,166,100,166
204,100,1,250,0,243,243,243,243,243,243,100,243
204,100,8,100,0,100,100,100,100,100,100,100,100
204,100,8,101,0,100,100,100,100,100,100,100,100
204,100,8,173,0,166,166,166,166,166,166,100,166
204,100,8,250,0,243,243,243,243,243,243,100,243
204,100,16,100,1,100,100,100,100,100,100,100,100
204,100,16,101,1,100,100,100,100,100,100,100,100
204,100,16,173,1,166,166,166,166,166,166,100,166
204,100,16,250,1,243,243,243,243,243,243,100,243
204,100,64,100,49,100,100,100,100,100,100,100,100
204,100,64,101,49,100,100,100,100,100,100,100,100
204,100,64,173,49,166,166,166,166,166,166,100,166
204,100,64,250,49,243,243,243,243,243,243,100,243
204,100,127,100,112,100,100,100,100,100,100,100,100
204,100,127,101,112,100,100,100,100,100,100,100,100
204,100,127,173,112,166,166,166,166,166,166,100,166
204,100,127,250,112,243,243,243,243,243,243,100,243
204,100,128,100,113,100,100,100,100,100,100,100,100
204,100,128,101,113,100,100,100,100,100,100,100,100
204,100,128,173,113,166,166,166,166,166,166,100,166
204,100,128,250,113,243,243,243,243,243,243,100,243
204,140,1,100,0,100,100,100,100,100,100,134,100
204,140,1,101,0,100,100,100,100,100,100,134,100
204,140,1,173,0,167,167,167,167,167,167,134,167
204,140,1,250,0,244,244,244,244,244,244,134,244
204,140,8,100,0,100,100,100,100,100,100,134,100
204,140,8,101,0,100,100,100,100,100,100,134,100
204,140,8,173,0,167,167,167,167,167,167,134,167
204,140,8,250,0,244,244,244,244,244,244,134,244
204,140,16,100,3,100,100,100,100,100,100,134,100
204,140,16,101,3,100,100,100,100,100,100,134,100
204,140,16,173,3,167,167,167,167,167,167,134,167
204,140,16,250,3,244,244,244,244,244,244,134,244
204,140,64,100,51,100,100,100,100,100,100,134,100
204,140,64,101,51,100,100,100,100,100,100,134,100
204,140,64,173,51,167,167,167,167,167,167,134,167
204,140,64,250,51,244,244,244,244,244,244,134,244
204,140,127,100,114,100,100,100,100,100,100,134,100
204,140,127,101,114,100,100,100,100,100,100,134,100
204,140,127,173,114,167,167,167,167,167,167,134,167
204,140,127,250,114,244,244,244,244,244,244,134,244
204,140,128,100,115,100,100,100,100,100,100,134,100
204,140,128,101,115,100,100,100,100,100,100,134,100
204,140,128,173,115,167,167,167,167,167,167,134,167
204,140,128,250,115,244,244,244,244,244,244,134,244
204,170,1,100,0,100,100,100,100,100,100,165,100
204,170,1,101,0,100,100,100,100,100,100,165,100
204,170,1,173,0,168,168,168,168,168,168,165,168
204,170,1,250,0,245,245,245,245,245,245,165,245
204,170,8,100,0,100,100,100,100,100,100,165,100
204,170,8,101,0,100,100,100,100,100,100,165,100
204,170,8,173,0,168,168,168,168,168,168,165,168
204,170,8,250,0,245,245,245,245,245,245,165,245
204,170,16,100,5,100,100,100,100,100,100,165,100
204,170,16,101,5,100,100,100,100,100,100,165,100
204,170,16,173,5,168,168,168,168,168,168,165,168
204,170,16,250,5,245,245,245,245,245,245,165,245
204,170,64,100,53,100,100,100,100,100,100,165,100
204,170,64,101,53,100,100,100,100,100,100,165,100
204,170,64,173,53,168,168,168,168,168,168,165,168
204,170,64,250,53,245,245,245,245,245,245,165,245
204,170,127,100,116,100,100,100,100,100,100,165,100
204,170,127,101,116,100,100,100,100,100,100,165,100
204,170,127,173,116,168,168,168,168,168,168,165,168
204,170,127,250,116,245,245,245,245,245,245,165,245
204,170,128,100,117,100,100,100,100,100,100,165,100
204,170,128,101,117,100,100,100,100,100,100,165,100
204,170,128,173,117,168,168,168,168,168,168,165,168
204,170,128,250,117,245,245,245,245,245,245,165,245
204,200,1,100,0,100,100,100,100,100,100,196,100
204,200,1,101,0,100,100,100,100,100,100,196,100
204,200,1,173,0,169,169,169,169,169,169,196,169
204,200,1,250,0,246,246,246,246,246,246,196,246
204,200,8,100,0,100,100,100,100,100,100,196,100
204,200,8,101,0,100,100,100,100,100,100,196,100
204,200,8,173,0,169,169,169,169,169,169,196,169
204,200,8,250,0,246,246,246,246,246,246,196,246
204,200,16,100,7,100,100,100,100,100,100,196,100
204,200,16,101,7,100,100,100,100,100,100,196,100
204,200,16,173,7,169,169,169,169,169,169,196,169
204,200,16,250,7,246,246,246,246,246,246,196,246
204,200,64,100,55,100,100,100,100,100,100,196,100
204,200,64,101,55,100,100,100,100,100,100,196,100
204,200,64,173,55,169,169,169,169,169,169,196,169
204,200,64,250,55,246,246,246,246,246,246,196,246
204,200,127,100,118,100,100,100,100,100,100,196,100
204,200,127,101,118,100,100,100,100,100,100,196,100
204,200,127,173,118,169,169,169,169,169,169,196,169
204,200,127,250,118,246,246,246,246,246,246,196,246
204,200,128,100,119,100,100,100,100,100,100,196,100
204,200,128,101,119,100,100,100,100,100,100,196,100
204,200,128,173,119,169,169,169,169,169,169,196,169
204,200,128,250,119,246,246,246,246,246,246,196,246
204,204,1,100,0,100,100,100,100,100,100,200,100
204,204,1,101,0,100,100,100,100,100,100,200,100
204,204,1,173,0,169,169,169,169,169,169,200,169
204,204,1,250,0,246,246,246,246,246,246,200,246
204,204,8,100,0,100,100,100,100,100,100,200,100
204,204,8,101,0,100,100,100,100,100,100,200,100
204,204,8,173,0,169,169,169,169,169,169,200,169
204,204,8,250,0,246,246,246,246,246,246,200,246
204,204,16,100,7,100,100,100,100,100,100,200,100
204,204,16,101,7,100,100,100,100,100,100,200,100
204,204,16,173,7,169,169,169,169,169,169,200,169
204,204,16,250,7,246,246,246,246,246,246,200,246
204,204,64,100,55,100,100,100,100,100,100,200,100
204,204,64,101,55,100,100,100,100,100,100,200,100
204,204,64,173,55,169,169,169,169,169,169,200,169
204,204,64,250,55,246,246,246,246,246,246,200,246
204,204,127,100,118,100,100,100,100,100,100,200,100
204,204,127,101,118,100,100,100,100,100,100,200,100
204,204,127,173,118,169,169,169,169,169,169,200,169
204,204,127,250,118,246,246,246,246,246,246,200,246
204,204,128,100,119,100,100,100,100,100,100,200,100
204,204,128,101,119,100,100,100,100,100,100,200,100
204,204,128,173,119,169,169,169,169,169,169,200,169
204,204,128,250,119,246,246,246,246,246,246,200,246
204,205,1,100,0,100,100,100,100,100,100,201,100
204,205,1,101,0,100,100,100,100,100,100,201,100
204,205,1,173,0,169,169,169,169,169,169,201,169
204,205,1,250,0,246,246,246,246,246,246,201,246
204,205,8,100,0,100,100,100,100,100,100,201,100
204,205,8,101,0,100,100,100,100,100,100,201,100
204,205,8,173,0,169,169,169,169,169,169,201,169
204,205,8,250,0,246,246,246,246,246,246,201,246
204,205,16,100,7,100,100,100,100,100,100,201,100
204,205,16,101,7,100,100,100,100,100,100,201,100
204,205,16,173,7,169,169,169,169,169,169,201,169
204,205,16,250,7,246,246,246,246,246,246,201,246
204,205,64,100,55,100,100,100,100,100,100,201,100
204,205,64,101,55,100,100,100,100,100,100,201,100
204,205,64,173,55,169,169,169,169,169,169,201,169
204,205,64,250,55,246,246,246,246,246,246,201,246
204,205,127,100,118,100,100,100,100,100,100,201,100
204,205,127,101,118,100,100,100,100,100,100,201,100
204,205,127,173,118,169,169,169,169,169,169,201,169
204,205,127,250,118,246,246,246,246,246,246,201,246
204,205,128,100,119,100,100,100,100,100,100,201,100
204,205,128,101,119,100,100,100,100,100,100,201,100
204,205,128,173,119,169,169,169,169,169,169,201,169
204,205,128,250,119,246,246,246,246,246,246,201,246
204,249,1,100,0,100,100,100,100,100,100,246,100
204,249,1,101,0,100,100,100,100,100,100,246,100
204,249,1,173,0,170,170,170,170,170,170,246,170
204,249,1,250,0,247,247,247,247,247,247,246,247
204,249,8,100,2,100,100,100,100,100,100,246,100
204,249,8,101,2,100,100,100,100,100,100,246,100
204,249,8,173,2,170,170,170,170,170,170,246,170
204,249,8,250,2,247,247,247,247,247,247,246,247
204,249,16,100,10,100,100,100,100,100,100,246,100
204,249,16,101,10,100,100,100,100,100,100,246,100
204,249,16,173,10,170,170,170,170,170,170,246,170
204,249,16,250,10,247,247,247,247,247,247,246,247
204,249,64,100,58,100,100,100,100,100,100,246,100
204,249,64,101,58,100,100,100,100,100,100,246,100
204,249,64,173,58,170,170,170,170,170,170,246,170
204,249,64,250,58,247,247,247,247,247,247,246,247
204,249,127,100,121,100,100,100,100,100,100,246,100
204,249,127,101,121,100,100,100,100,100,100,246,100
204,249,127,173,121,170,170,170,170,170,170,246,170
204,249,127,250,121,247,247,247,247,247,247,246,247
204,249,128,100,122,100,100,100,100,100,100,246,100
204,249,128,101,122,100,100,100,100,100,100,246,100
204,249,128,173,122,170,170,170,170,170,170,246,170
204,249,128,250,122,247,247,247,247,247,247,246,247
204,250,1,100,0,100,100,100,100,100,100,247,100
204,250,1,101,0,100,100,100,100,100,100,247,100
204,250,1,173,0,170,170,170,170,170,170,247,170
204,250,1,250,0,247,247,247,247,247,247,247,247
204,250,8,100,2,100,100,100,100,100,100,247,100
204,250,8,101,2,100,100,100,100,100,100,247,100
204,250,8,173,2,170,170,170,170,170,170,247,170
204,250,8,250,2,247,247,247,247,247,247,247,247
204,250,16,100,10,100,100,100,100,100,100,247,100
204,250,16,101,10,100,100,100,100,100,100,247,100
204,250,16,173,10,170,170,170,170,170,170,247,170
204,250,16,250,10,247,247,247,247,247,247,247,247
204,250,64,100,58,100,100,100,100,100,100,247,100
204,250,64,101,58,100,100,100,100,100,100,247,100
204,250,64,173,58,170,170,170,170,170,170,247,170
204,250,64,250,58,247,247,247,247,247,247,247,247
204,250,127,100,121,100,100,100,100,100,100,247,100
204,250,127,101,121,100,100,100,100,100,100,247,100
204,250,127,173,121,170,170,170,170,170,170,247,170
204,250,127,250,121,247,247,247,247,247,247,247,247
204,250,128,100,122,100,100,100,100,100,100,247,100
204,250,128,101,122,100,100,100,100,100,100,247,100
204,250,128,173,122,170,170,170,170,170,170,247,170
204,250,128,250,122,247,247,247,247,247,247,247,247
205,100,1,100,0,100,100,100,100,100,100,100,100
205,100,1,101,0,100,100,100,100,100,100,100,100
205,100,1,173,0,166,166,166,166,166,166,100,166
205,100,1,250,0,243,243,243,243,243,243,100,243
205,100,8,100,0,100,100,100,100,100,100,100,100
205,100,8,101,0,100,100,100,100,100,100,100,100
205,100,8,173,0,166,166,166,166,166,166,100,166
205,100,8,250,0,243,243,243,243,243,243,100,243
205,100,16,100,1,100,100,100,100,100,100,100,100
205,100,16,101,1,100,100,100,100,100,100,100,100
205,100,16,173,1,166,166,166,166,166,166,100,166
205,100,16,250,1,243,243,243,243,243,243,100,243
205,100,64,100,49,100,100,100,100,100,100,100,100
205,100,64,101,49,100,100,100,100,100,100,100,100
205,100,64,173,49,166,166,166,166,166,166,100,166
205,100,64,250,49,243,243,243,243,243,243,100,243
205,100,127,100,112,100,100,100,100,100,100,100,100
205,100,127,101,112,100,100,100,100,100,100,100,100
205,100,127,173,112,166,166,166,166,166,166,100,166
205,100,127,250,112,243,243,243,243,243,243,100,243
205,100,128,100,113,100,100,100,100,100,100,100,100
205,100,128,101,113,100,100,100,100,100,100,100,100
205,100,128,173,113,166,166,166,166,166,166,100,166
205,100,128,250,113,243,243,243,243,243,243,100,243
205,140,1,100,0,100,100,100,100,100,100,134,100
205,140,1,101,0,100,100,100,100,100,100,134,100
205,140,1,173,0,167,167,167,167,167,167,134,167
205,140,1,250,0,244,244,244,244,244,244,134,244
205,140,8,100,0,100,100,100,100,100,100,134,100
205,140,8,101,0,100,100,100,100,100,100,134,100
205,140,8,173,0,167,167,167,167,167,167,134,167
205,140,8,250,0,244,244,244,244,244,244,134,244
205,140,16,100,3,100,100,100,100,100,100,134,100
205,140,16,101,3,100,100,100,100,100,100,134,100
205,140,16,173,3,167,167,167,167,167,167,134,167
205,140,16,250,3,244,244,244,244,244,244,134,244
205,140,64,100,51,100,100,100,100,100,100,134,100
205,140,64,101,51,100,100,100,100,100,100,134,100
205,140,64,173,51,167,167,167,167,167,167,134,167
205,140,64,250,51,244,244,244,244,244,244,134,244
205,140,127,100,114,100,100,100,100,100,100,134,100
205,140,127,101,114,100,100,100,100,100,100,134,100
205,140,127,173,114,167,167,167,167,167,167,134,167
205,140,127,250,114,244,244,244,244,244,244,134,244
205,140,128,100,115,100,100,100,100,100,100,134,100
205,140,128,101,115,100,100,100,100,100,100,134,100
205,140,128,173,115,167,167,167,167,167,167,134,167
205,140,128,250,115,244,244,244,244,244,244,134,244
205,170,1,100,0,100,100,100,100,100,100,165,100
205,170,1,101,0,100,100,100,100,100,100,165,100
205,170,1,173,0,168,168,168,168,168,168,165,168
205,170,1,250,0,245,245,245,245,245,245,165,245
205,170,8,100,0,100,100,100,100,100,100,165,100
205,170,8,101,0,100,100,100,100,100,100,165,100
205,170,8,173,0,168,168,168,168,168,168,165,168
205,170,8,250,0,245,245,245,245,245,245,165,245
205,170,16,100,5,100,100,100,100,100,100,165,100
205,170,16,101,5,100,100,100,100,100,100,165,100
205,170,16,173,5,168,168,168,168,168,168,165,168
205,170,16,250,5,245,245,245,245,245,245,165,245
205,170,64,100,53,100,100,100,100,100,100,165,100
205,170,64,101,53,100,100,100,100,100,100,165,100
205,170,64,173,53,168,168,168,168,168,168,165,168
205,170,64,250,53,245,245,245,245,245,245,165,245
205,170,127,100,116,100,100,100,100,100,100,165,100
205,170,127,101,116,100,100,100,100,100,100,165,100
205,170,127,173,116,168,168,168,168,168,168,165,168
205,170,127,250,116,245,245,245,245,245,245,165,245
205,170,128,100,117,100,100,100,100,100,100,165,100
205,170,128,101,117,100,100,100,100,100,100,165,100
205,170,128,173,117,168,168,168,168,168,168,165,168
205,170,128,250,117,245,245,245,245,245,245,165,245
205,200,1,100,0,100,100,100,100,100,100,196,100
205,200,1,101,0,100,100,100,100,100,100,196,100
205,200,1,173,0,169,169,169,169,169,169,196,169
205,200,1,250,0,246,246,246,246,246,246,196,246
205,200,8,100,0,100,100,100,100,100,100,196,100
205,200,8,101,0,100,100,100,100,100,100,196,100
205,200,8,173,0,169,169,169,169,169,169,196,169
205,200,8,250,0,246,246,246,246,246,246,196,246
205,200,16,100,7,100,100,100,100,100,100,196,100
205,200,16,101,7,100,100,100,100,100,100,196,100
205,200,16,173,7,169,169,169,169,169,169,196,169
205,200,16,250,7,246,246,246,246,246,246,196,246
205,200,64,100,55,100,100,100,100,100,100,196,100
205,200,64,101,55,100,100,100,100,100,100,196,100
205,200,64,173,55,169,169,169,169,169,169,196,169
205,200,64,250,55,246,246,246,246,246,246,196,246
205,200,127,100,118,100,100,100,100,100,100,196,100
205,200,127,101,118,100,100,100,100,100,100,196,100
205,200,127,173,118,169,169,169,169,169,169,196,169
205,200,127,250,118,246,246,246,246,246,246,196,246
205,200,128,100,119,100,100,100,100,100,100,196,100
205,200,128,101,119,100,100,100,100,100,100,196,100
205,200,128,173,119,169,169,169,169,169,169,196,169
205,200,128,250,119,246,246,246,246,246,246,196,246
205,204,1,100,0,100,100,100,100,100,100,200,100
205,204,1,101,0,100,100,100,100,100,100,200,100
205,204,1,173,0,169,169,169,169,169,169,200,169
205,204,1,250,0,246,246,246,246,246,246,200,246
205,204,8,100,0,100,100,100,100,100,100,200,100
205,204,8,101,0,100,100,100,100,100,100,200,100
205,204,8,173,0,169,169,169,169,169,169,200,169
205,204,8,250,0,246,246,246,246,246,246,200,246
205,204,16,100,7,100,100,100,100,100,100,200,100
205,204,16,101,7,100,100,100,100,100,100,200,100
205,204,16,173,7,169,169,169,169,169,169,200,169
205,204,16,250,7,246,246,246,246,246,246,200,246
205,204,64,100,55,100,100,100,100,100,100,200,100
205,204,64,101,55,100,100,100,100,100,100,200,100
205,204,64,173,55,169,169,169,169,169,169,200,169
205,204,64,250,55,246,246,246,246,246,246,200,246
205,204,127,100,118,100,100,100,100,100,100,200,100
205,204,127,101,118,100,100,100,100,100,100,200,100
205,204,127,173,118,169,169,169,169,169,169,200,169
205,204,127,250,118,246,246,246,246,246,246,200,246
205,204,128,100,119,100,100,100,100,100,100,200,100
205,204,128,101,119,100,100,100,100,100,100,200,100
205,204,128,173,119,169,169,169,169,169,169,200,169
205,204,128,250,119,246,246,246,246,246,246,200,246
205,205,1,100,0,100,100,100,100,100,100,201,100
205,205,1,101,0,100,100,100,100,100,100,201,100
205,205,1,173,0,169,169,169,169,169,169,201,169
205,205,1,250,0,246,246,246,246,246,246,201,246
205,205,8,100,0,100,100,100,100,100,100,201,100
205,205,8,101,0,100,100,100,100,100,100,201,100
205,205,8,173,0,169,169,169,169,169,169,201,169
205,205,8,250,0,246,246,246,246,246,246,201,246
205,205,16,100,7,100,100,100,100,100,100,201,100
205,205,16,101,7,100,100,100,100,100,100,201,100
205,205,16,173,7,169,169,169,169,169,169,201,169
205,205,16,250,7,246,246,246,246,246,246,201,246
205,205,64,100,55,100,100,100,100,100,100,201,100
205,205,64,101,55,100,100,100,100,100,100,201,100
205,205,64,173,55,169,169,169,169,169,169,201,169
205,205,64,250,55,246,246,246,246,246,246,201,246
205,205,127,100,118,100,100,100,100,100,100,201,100
205,205,127,101,118,100,100,100,100,100,100,201,100
205,205,127,173,118,169,169,169,169,169,169,201,169
205,205,127,250,118,246,246,246,246,246,246,201,246
205,205,128,100,119,100,100,100,100,100,100,201,100
205,205,128,101,119,100,100,100,100,100,100,201,100
205,205,128,173,119,169,169,169,169,169,169,201,169
205,205,128,250,119,246,246,246,246,246,246,201,246
205,249,1,100,0,100,100,100,100,100,100,246,100
205,249,1,101,0,100,100,100,100,100,100,246,100
205,249,1,173,0,170,170,170,170,170,170,246,170
205,249,1,250,0,247,247,247,247,247,247,246,247
205,249,8,100,2,100,100,100,100,100,100,246,100
205,249,8,101,2,100,100,100,100,100,100,246,100
205,249,8,173,2,170,170,170,170,170,170,246,170
205,249,8,250,2,247,247,247,247,247,247,246,247
205,249,16,100,10,100,100,100,100,100,100,246,100
205,249,16,101,10,100,100,100,100,100,100,246,100
205,249,16,173,10,170,170,170,170,170,170,246,170
205,249,16,250,10,247,247,247,247,247,247,246,247
205,249,64,100,58,100,100,100,100,100,100,246,100
205,249,64,101,58,100,100,100,100,100,100,246,100
205,249,64,173,58,170,170,170,170,170,170,246,170
205,249,64,250,58,247,247,247,247,247,247,246,247
205,249,127,100,121,100,100,100,100,100,100,246,100
205,249,127,101,121,100,100,100,100,100,100,246,100
205,249,127,173,121,170,170,170,170,170,170,246,170
205,249,127,250,121,247,247,247,247,247,247,246,247
205,249,128,100,122,100,100,100,100,100,100,246,100
205,249,128,101,122,100,100,100,100,100,100,246,100
205,249,128,173,122,170,170,170,170,170,170,246,170
205,249,128,250,122,247,247,247,247,247,247,246,247
205,250,1,100,0,100,100,100,100,100,100,247,100
205,250,1,101,0,100,100,100,100,100,100,247,100
205,250,1,173,0,170,170,170,170,170,170,247,170
205,250,1,250,0,247,247,247,247,247,247,247,247
205,250,8,100,2,100,100,100,100,100,100,247,100
205,250,8,101,2,100,100,100,100,100,100,247,100
205,250,8,173,2,170,170,170,170,170,170,247,170
205,250,8,250,2,247,247,247,247,247,247,247,247
205,250,16,100,10,100,100,100,100,100,100,247,100
205,250,16,101,10,100,100,100,100,100,100,247,100
205,250,16,173,10,170,170,170,170,170,170,247,170
205,250,16,250,10,247,247,247,247,247,247,247,247
205,250,64,100,58,100,100,100,100,100,100,247,100
205,250,64,101,58,100,100,100,100,100,100,247,100
205,250,64,173,58,170,170,170,170,170,170,247,170
205,250,64,250,58,247,247,247,247,247,247,247,247
205,250,127,100,121,100,100,100,100,100,100,247,100
205,250,127,101,121,100,100,100,100,100,100,247,100
205,250,127,173,121,170,170,170,170,170,170,247,170
205,250,127,250,121,247,247,247,247,247,247,247,247
205,250,128,100,122,100,100,100,100,100,100,247,100
205,250,128,101,122,100,100,100,100,100,100,247,100
205,250,128,173,122,170,170,170,170,170,170,247,170
205,250,128,250,122,247,247,247,247,247,247,247,247
249,100,1,100,0,100,100,100,100,100,100,100,100
249,100,1,101,0,100,100,100,100,100,100,100,100
249,100,1,173,0,164,164,164,164,164,164,100,164
249,100,1,250,0,241,241,241,241,241,241,100,241
249,100,8,100,0,100,100,100,100,100,100,100,100
249,100,8,101,0,100,100,100,100,100,100,100,100
249,100,8,173,0,164,164,164,164,164,164,100,164
249,100,8,250,0,241,241,241,241,241,241,100,241
249,100,16,100,0,100,100,100,100,100,100,100,100
249,100,16,101,0,100,100,100,100,100,100,100,100
249,100,16,173,0,164,164,164,164,164,164,100,164
249,100,16,250,0,241,241,241,241,241,241,100,241
249,100,64,100,46,100,100,100,100,100,100,100,100
249,100,64,101,46,100,100,100,100,100,100,100,100
249,100,64,173,46,164,164,164,164,164,164,100,164
249,100,64,250,46,241,241,241,241,241,241,100,241
249,100,127,100,109,100,100,100,100,100,100,100,100
249,100,127,101,109,100,100,100,100,100,100,100,100
249,100,127,173,109,164,164,164,164,164,164,100,164
249,100,127,250,109,241,241,241,241,241,241,100,241
249,100,128,100,110,100,100,100,100,100,100,100,100
249,100,128,101,110,100,100,100,100,100,100,100,100
249,100,128,173,110,164,164,164,164,164,164,100,164
249,100,128,250,110,241,241,241,241,241,241,100,241
249,140,1,100,0,100,100,100,100,100,100,132,100
249,140,1,101,0,100,100,100,100,100,100,132,100
249,140,1,173,0,165,165,165,165,165,165,132,165
249,140,1,250,0,242,242,242,242,242,242,132,242
249,140,8,100,0,100,100,100,100,100,100,132,100
249,140,8,101,0,100,100,100,100,100,100,132,100
249,140,8,173,0,165,165,165,165,165,165,132,165
249,140,8,250,0,242,242,242,242,242,242,132,242
249,140,16,100,0,100,100,100,100,100,100,132,100
249,140,16,101,0,100,100,100,100,100,100,132,100
249,140,16,173,0,165,165,165,165,165,165,132,165
249,140,16,250,0,242,242,242,242,242,242,132,242
249,140,64,100,48,100,100,100,100,100,100,132,100
249,140,64,101,48,100,100,100,100,100,100,132,100
249,140,64,173,48,165,165,165,165,165,165,132,165
249,140,64,250,48,242,242,242,242,242,242,132,242
249,140,127,100,111,100,100,100,100,100,100,132,100
249,140,127,101,111,100,100,100,100,100,100,132,100
249,140,127,173,111,165,165,165,165,165,165,132,165
249,140,127,250,111,242,242,242,242,242,242,132,242
249,140,128,100,112,100,100,100,100,100,100,132,100
249,140,128,101,112,100,100,100,100,100,100,132,100
249,140,128,173,112,165,165,165,165,165,165,132,165
249,140,128,250,112,242,242,242,242,242,242,132,242
249,170,1,100,0,100,100,100,100,100,100,163,100
249,170,1,101,0,100,100,100,100,100,100,163,100
249,170,1,173,0,166,166,166,166,166,166,163,166
249,170,1,250,0,243,243,243,243,243,243,163,243
249,170,8,100,0,100,100,100,100,100,100,163,100
249,170,8,101,0,100,100,100,100,100,100,163,100
249,170,8,173,0,166,166,166,166,166,166,163,166
249,170,8,250,0,243,243,243,243,243,243,163,243
249,170,16,100,2,100,100,100,100,100,100,163,100
249,170,16,101,2,100,100,100,100,100,100,163,100
249,170,16,173,2,166,166,166,166,166,166,163,166
249,170,16,250,2,243,243,243,243,243,243,163,243
249,170,64,100,50,100,100,100,100,100,100,163,100
249,170,64,101,50,100,100,100,100,100,100,163,100
249,170,64,173,50,166,166,166,166,166,166,163,166
249,170,64,250,50,243,243,243,243,243,243,163,243
249,170,127,100,113,100,100,100,100,100,100,163,100
249,170,127,101,113,100,100,100,100,100,100,163,100
249,170,127,173,113,166,166,166,166,166,166,163,166
249,170,127,250,113,243,243,243,243,243,243,163,243
249,170,128,100,114,100,100,100,100,100,100,163,100
249,170,128,101,114,100,100,100,100,100,100,163,100
249,170,128,173,114,166,166,166,166,166,166,163,166
249,170,128,250,114,243,243,243,243,243,243,163,243
249,200,1,100,0,100,100,100,100,100,100,194,100
249,200,1,101,0,100,100,100,100,100,100,194,100
249,200,1,173,0,167,167,167,167,167,167,194,167
249,200,1,250,0,244,244,244,244,244,244,194,244
249,200,8,100,0,100,100,100,100,100,100,194,100
249,200,8,101,0,100,100,100,100,100,100,194,100
249,200,8,173,0,167,167,167,167,167,167,194,167
249,200,8,250,0,244,244,244,244,244,244,194,244
249,200,16,100,4,100,100,100,100,100,100,194,100
249,200,16,101,4,100,100,100,100,100,100,194,100
249,200,16,173,4,167,167,167,167,167,167,194,167
249,200,16,250,4,244,244,244,244,244,244,194,244
249,200,64,100,52,100,100,100,100,100,100,194,100
249,200,64,101,52,100,100,100,100,100,100,194,100
249,200,64,173,52,167,167,167,167,167,167,194,167
249,200,64,250,52,244,244,244,244,244,244,194,244
249,200,127,100,115,100,100,100,100,100,100,194,100
249,200,127,101,115,100,100,100,100,100,100,194,100
249,200,127,173,115,167,167,167,167,167,167,194,167
249,200,127,250,115,244,244,244,244,244,244,194,244
249,200,128,100,116,100,100,100,100,100,100,194,100
249,200,128,101,116,100,100,100,100,100,100,194,100
249,200,128,173,116,167,167,167,167,167,167,194,167
249,200,128,250,116,244,244,244,244,244,244,194,244
249,204,1,100,0,100,100,100,100,100,100,198,100
249,204,1,101,0,100,100,100,100,100,100,198,100
249,204,1,173,0,167,167,167,167,167,167,198,167
249,204,1,250,0,244,244,244,244,244,244,198,244
249,204,8,100,0,100,100,100,100,100,100,198,100
249,204,8,101,0,100,100,100,100,100,100,198,100
249,204,8,173,0,167,167,167,167,167,167,198,167
249,204,8,250,0,244,244,244,244,244,244,198,244
249,204,16,100,4,100,100,100,100,100,100,198,100
249,204,16,101,4,100,100,100,100,100,100,198,100
249,204,16,173,4,167,167,167,167,167,167,198,167
249,204,16,250,4,244,244,244,244,244,244,198,244
249,204,64,100,52,100,100,100,100,100,100,198,100
249,204,64,101,52,100,100,100,100,100,100,198,100
249,204,64,173,52,167,167,167,167,167,167,198,167
249,204,64,250,52,244,244,244,244,244,244,198,244
249,204,127,100,115,100,100,100,100,100,100,198,100
249,204,127,101,115,100,100,100,100,100,100,198,100
249,204,127,173,115,167,167,167,167,167,167,198,167
249,204,127,250,115,244,244,244,244,244,244,198,244
249,204,128,100,116,100,100,100,100,100,100,198,100
249,204,128,101,116,100,100,100,100,100,100,198,100
249,204,128,173,116,167,167,167,167,167,167,198,167
249,204,128,250,116,244,244,244,244,244,244,198,244
249,205,1,100,0,100,100,100,100,100,100,199,100
249,205,1,101,0,100,100,100,100,100,100,199,100
249,205,1,173,0,167,167,167,167,167,167,199,167
249,205,1,250,0,244,244,244,244,244,244,199,244
249,205,8,100,0,100,100,100,100,100,100,199,100
249,205,8,101,0,100,100,100,100,100,100,199,100
249,205,8,173,0,167,167,167,167,167,167,199,167
249,205,8,250,0,244,244,244,244,244,244,199,244
249,205,16,100,4,100,100,100,100,100,100,199,100
249,205,16,101,4,100,100,100,100,100,100,199,100
249,205,16,173,4,167,167,167,167,167,167,199,167
249,205,16,250,4,244,244,244,244,244,244,199,244
249,205,64,100,52,100,100,100,100,100,100,199,100
249,205,64,101,52,100,100,100,100,100,100,199,100
249,205,64,173,52,167,167,167,167,167,167,199,167
249,205,64,250,52,244,244,244,244,244,244,199,244
249,205,127,100,115,100,100,100,100,100,100,199,100
249,205,127,101,115,100,100,100,100,100,100,199,100
249,205,127,173,115,167,167,167,167,167,167,199,167
249,205,127,250,115,244,244,244,244,244,244,199,244
249,205,128,100,116,100,100,100,100,100,100,199,100
249,205,128,101,116,100,100,100,100,100,100,199,100
249,205,128,173,116,167,167,167,167,167,167,199,167
249,205,128,250,116,244,244,244,244,244,244,199,244
249,249,1,100,0,100,100,100,100,100,100,245,100
249,249,1,101,0,100,100,100,100,100,100,245,100
249,249,1,173,0,169,169,169,169,169,169,245,169
249,249,1,250,0,246,246,246,246,246,246,245,246
249,249,8,100,0,100,100,100,100,100,100,245,100
249,249,8,101,0,100,100,100,100,100,100,245,100
249,249,8,173,0,169,169,169,169,169,169,245,169
249,249,8,250,0,246,246,246,246,246,246,245,246
249,249,16,100,7,100,100,100,100,100,100,245,100
249,249,16,101,7,100,100,100,100,100,100,245,100
249,249,16,173,7,169,169,169,169,169,169,245,169
249,249,16,250,7,246,246,246,246,246,246,245,246
249,249,64,100,55,100,100,100,100,100,100,245,100
249,249,64,101,55,100,100,100,100,100,100,245,100
249,249,64,173,55,169,169,169,169,169,169,245,169
249,249,64,250,55,246,246,246,246,246,246,245,246
249,249,127,100,118,100,100,100,100,100,100,245,100
249,249,127,101,118,100,100,100,100,100,100,245,100
249,249,127,173,118,169,169,169,169,169,169,245,169
249,249,127,250,118,246,246,246,246,246,246,245,246
249,249,128,100,119,100,100,100,100,100,100,245,100
249,249,128,101,119,100,100,100,100,100,100,245,100
249,249,128,173,119,169,169,169,169,169,169,245,169
249,249,128,250,119,246,246,246,246,246,246,245,246
249,250,1,100,0,100,100,100,100,100,100,246,100
249,250,1,101,0,100,100,100,100,100,100,246,100
249,250,1,173,0,169,169,169,169,169,169,246,169
249,250,1,250,0,246,246,246,246,246,246,246,246
249,250,8,100,0,100,100,100,100,100,100,246,100
249,250,8,101,0,100,100,100,100,100,100,246,100
249,250,8,173,0,169,169,169,169,169,169,246,169
249,250,8,250,0,246,246,246,246,246,246,246,246
249,250,16,100,7,100,100,100,100,100,100,246,100
249,250,16,101,7,100,100,100,100,100,100,246,100
249,250,16,173,7,169,169,169,169,169,169,246,169
249,250,16,250,7,246,246,246,246,246,246,246,246
249,250,64,100,55,100,100,100,100,100,100,246,100
249,250,64,101,55,100,100,100,100,100,100,246,100
249,250,64,173,55,169,169,169,169,169,169,246,169
249,250,64,250,55,246,246,246,246,246,246,246,246
249,250,127,100,118,100,100,100,100,100,100,246,100
249,250,127,101,118,100,100,100,100,100,100,246,100
249,250,127,173,118,169,169,169,169,169,169,246,169
249,250,127,250,118,246,246,246,246,246,246,246,246
249,250,128,100,119,100,100,100,100,100,100,246,100
249,250,128,101,119,100,100,100,100,100,100,246,100
249,250,128,173,119,169,169,169,169,169,169,246,169
249,250,128,250,119,246,246,246,246,246,246,246,246
250,100,1,100,0,100,100,100,100,100,100,100,100
250,100,1,101,0,100,100,100,100,100,100,100,100
250,100,1,173,0,164,164,164,164,164,164,100,164
250,100,1,250,0,241,241,241,241,241,241,100,241
250,100,8,100,0,100,100,100,100,100,100,100,100
250,100,8,101,0,100,100,100,100,100,100,100,100
250,100,8,173,0,164,164,164,164,164,164,100,164
250,100,8,250,0,241,241,241,241,241,241,100,241
250,100,16,100,0,100,100,100,100,100,100,100,100
250,100,16,101,0,100,100,100,100,100,100,100,100
250,100,16,173,0,164,164,164,164,164,164,100,164
250,100,16,250,0,241,241,241,241,241,241,100,241
250,100,64,100,46,100,100,100,100,100,100,100,100
250,100,64,101,46,100,100,100,100,100,100,100,100
250,100,64,173,46,164,164,164,164,164,164,100,164
250,100,64,250,46,241,241,241,241,241,241,100,241
250,100,127,100,109,100,100,100,100,100,100,100,100
250,100,127,101,109,100,100,100,100,100,100,100,100
250,100,127,173,109,164,164,164,164,164,164,100,164
250,100,127,250,109,241,241,241,241,241,241,100,241
250,100,128,100,110,100,100,100,100,100,100,100,100
250,100,128,101,110,100,100,100,100,100,100,100,100
250,100,128,173,110,164,164,164,164,164,164,100,164
250,100,128,250,110,241,241,241,241,241,241,100,241
250,140,1,100,0,100,100,100,100,100,100,132,100
250,140,1,101,0,100,100,100,100,100,100,132,100
250,140,1,173,0,165,165,165,165,165,165,132,165
250,140,1,250,0,242,242,242,242,242,242,132,242
250,140,8,100,0,100,100,100,100,100,100,132,100
250,140,8,101,0,100,100,100,100,100,100,132,100
250,140,8,173,0,165,165,165,165,165,165,132,165
250,140,8,250,0,242,242,242,242,242,242,132,242
250,140,16,100,0,100,100,100,100,100,100,132,100
250,140,16,101,0,100,100,100,100,100,100,132,100
250,140,16,173,0,165,165,165,165,165,165,132,165
250,140,16,250,0,242,242,242,242,242,242,132,242
250,140,64,100,48,100,100,100,100,100,100,132,100
250,140,64,101,48,100,100,100,100,100,100,132,100
250,140,64,173,48,165,165,165,165,165,165,132,165
250,140,64,250,48,242,242,242,242,242,242,132,242
250,140,127,100,111,100,100,100,100,100,100,132,100
250,140,127,101,111,100,100,100,100,100,100,132,100
250,140,127,173,111,165,165,165,165,165,165,132,165
250,140,127,250,111,242,242,242,242,242,242,132,242
250,140,128,100,112,100,100,100,100,100,100,132,100
250,140,128,101,112,100,100,100,100,100,100,132,100
250,140,128,173,112,165,165,165,165,165,165,132,165
250,140,128,250,112,242,242,242,242,242,242,132,242
250,170,1,100,0,100,100,100,100,100,100,163,100
250,170,1,101,0,100,100,100,100,100,100,163,100
250,170,1,173,0,166,166,166,166,166,166,163,166
250,170,1,250,0,243,243,243,243,243,243,163,243
250,170,8,100,0,100,100,100,100,100,100,163,100
250,170,8,101,0,100,100,100,100,100,100,163,100
250,170,8,173,0,166,166,166,166,166,166,163,166
250,170,8,250,0,243,243,243,243,243,243,163,243
250,170,16,100,2,100,100,100,100,100,100,163,100
250,170,16,101,2,100,100,100,100,100,100,163,100
250,170,16,173,2,166,166,166,166,166,166,163,166
250,170,16,250,2,243,243,243,243,243,243,163,243
250,170,64,100,50,100,100,100,100,100,100,163,100
250,170,64,101,50,100,100,100,100,100,100,163,100
250,170,64,173,50,166,166,166,166,166,166,163,166
250,170,64,250,50,243,243,243,243,243,243,163,243
250,170,127,100,113,100,100,100,100,100,100,163,100
250,170,127,101,113,100,100,100,100,100,100,163,100
250,170,127,173,113,166,166,166,166,166,166,163,166
250,170,127,250,113,243,243,243,243,243,243,163,243
250,170,128,100,114,100,100,100,100,100,100,163,100
250,170,128,101,114,100,100,100,100,100,100,163,100
250,170,128,173,114,166,166,166,166,166,166,163,166
250,170,128,250,114,243,243,243,243,243,243,163,243
250,200,1,100,0,100,100,100,100,100,100,194,100
250,200,1,101,0,100,100,100,100,100,100,194,100
250,200,1,173,0,167,167,167,167,167,167,194,167
250,200,1,250,0,244,244,244,244,244,244,194,244
250,200,8,100,0,100,100,100,100,100,100,194,100
250,200,8,101,0,100,100,100,100,100,100,194,100
250,200,8,173,0,167,167,167,167,167,167,194,167
250,200,8,250,0,244,244,244,244,244,244,194,244
250,200,16,100,4,100,100,100,100,100,100,194,100
250,200,16,101,4,100,100,100,100,100,100,194,100
250,200,16,173,4,167,167,167,167,167,167,194,167
250,200,16,250,4,244,244,244,244,244,244,194,244
250,200,64,100,52,100,100,100,100,100,100,194,100
250,200,64,101,52,100,100,100,100,100,100,194,100
250,200,64,173,52,167,167,167,167,167,167,194,167
250,200,64,250,52,244,244,244,244,244,244,194,244
250,200,127,100,115,100,100,100,100,100,100,194,100
250,200,127,101,115,100,100,100,100,100,100,194,100
250,200,127,173,115,167,167,167,167,167,167,194,167
250,200,127,250,115,244,244,244,244,244,244,194,244
250,200,128,100,116,100,100,100,100,100,100,194,100
250,200,128,101,116,100,100,100,100,100,100,194,100
250,200,128,173,116,167,167,167,167,167,167,194,167
250,200,128,250,116,244,244,244,244,244,244,194,244
250,204,1,100,0,100,100,100,100,100,100,198,100
250,204,1,101,0,100,100,100,100,100,100,198,100
250,204,1,173,0,167,167,167,167,167,167,198,167
250,204,1,250,0,244,244,244,244,244,244,198,244
250,204,8,100,0,100,100,100,100,100,100,198,100
250,204,8,101,0,100,100,100,100,100,100,198,100
250,204,8,173,0,167,167,167,167,167,167,198,167
250,204,8,250,0,244,244,244,244,244,244,198,244
250,204,16,100,4,100,100,100,100,100,100,198,100
250,204,16,101,4,100,100,100,100,100,100,198,100
250,204,16,173,4,167,167,167,167,167,167,198,167
250,204,16,250,4,244,244,244,244,244,244,198,244
250,204,64,100,52,100,100,100,100,100,100,198,100
250,204,64,101,52,100,100,100,100,100,100,198,100
250,204,64,173,52,167,167,167,167,167,167,198,167
250,204,64,250,52,244,244,244,244,244,244,198,244
250,204,127,100,115,100,100,100,100,100,100,198,100
250,204,127,101,115,100,100,100,100,100,100,198,100
250,204,127,173,115,167,167,167,167,167,167,198,167
250,204,127,250,115,244,244,244,244,244,244,198,244
250,204,128,100,116,100,100,100,100,100,100,198,100
250,204,128,101,116,100,100,100,100,100,100,198,100
250,204,128,173,116,167,167,167,167,167,167,198,167
250,204,128,250,116,244,244,244,244,244,244,198,244
250,205,1,100,0,100,100,100,100,100,100,199,100
250,205,1,101,0,100,100,100,100,100,100,199,100
250,205,1,173,0,167,167,167,167,167,167,199,167
250,205,1,250,0,244,244,244,244,244,244,199,244
250,205,8,100,0,100,100,100,100,100,100,199,100
250,205,8,101,0,100,100,100,100,100,100,199,100
250,205,8,173,0,167,167,167,167,167,167,199,167
250,205,8,250,0,244,244,244,244,244,244,199,244
250,205,16,100,4,100,100,100,100,100,100,199,100
250,205,16,101,4,100,100,100,100,100,100,199,100
250,205,16,173,4,167,167,167,167,167,167,199,167
250,205,16,250,4,244,244,244,244,244,244,199,244
250,205,64,100,52,100,100,100,100,100,100,199,100
250,205,64,101,52,100,100,100,100,100,100,199,100
250,205,64,173,52,167,167,167,167,167,167,199,167
250,205,64,250,52,244,244,244,244,244,244,199,244
250,205,127,100,115,100,100,100,100,100,100,199,100
250,205,127,101,115,100,100,100,100,100,100,199,100
250,205,127,173,115,167,167,167,167,167,167,199,167
250,205,127,250,115,244,244,244,244,244,244,199,244
250,205,128,100,116,100,100,100,100,100,100,199,100
250,205,128,101,116,100,100,100,100,100,100,199,100
250,205,128,173,116,167,167,167,167,167,167,199,167
250,205,128,250,116,244,244,244,244,244,244,199,244
250,249,1,100,0,100,100,100,100,100,100,245,100
250,249,1,101,0,100,100,100,100,100,100,245,100
250,249,1,173,0,169,169,169,169,169,169,245,169
250,249,1,250,0,246,246,246,246,246,246,245,246
250,249,8,100,0,100,100,100,100,100,100,245,100
250,249,8,101,0,100,100,100,100,100,100,245,100
250,249,8,173,0,169,169,169,169,169,169,245,169
250,249,8,250,0,246,246,246,246,246,246,245,246
250,249,16,100,7,100,100,100,100,100,100,245,100
250,249,16,101,7,100,100,100,100,100,100,245,100
250,249,16,173,7,169,169,169,169,169,169,245,169
250,249,16,250,7,246,246,246,246,246,246,245,246
250,249,64,100,55,100,100,100,100,100,100,245,100
250,249,64,101,55,100,100,100,100,100,100,245,100
250,249,64,173,55,169,169,169,169,169,169,245,169
250,249,64,250,55,246,246,246,246,246,246,245,246
250,249,127,100,118,100,100,100,100,100,100,245,100
250,249,127,101,118,100,100,100,100,100,100,245,100
250,249,127,173,118,169,169,169,169,169,169,245,169
250,249,127,250,118,246,246,246,246,246,246,245,246
250,249,128,100,119,100,100,100,100,100,100,245,100
250,249,128,101,119,100,100,100,100,100,100,245,100
250,249,128,173,119,169,169,169,169,169,169,245,169
250,249,128,250,119,246,246,246,246,246,246,245,246
250,250,1,100,0,100,100,100,100,100,100,246,100
250,250,1,101,0,100,100,100,100,100,100,246,100
250,250,1,173,0,169,169,169,169,169,169,246,169
250,250,1,250,0,246,246,246,246,246,246,246,246
250,250,8,100,0,100,100,100,100,100,100,246,100
250,250,8,101,0,100,100,100,100,100,100,246,100
250,250,8,173,0,169,169,169,169,169,169,246,169
250,250,8,250,0,246,246,246,246,246,246,246,246
250,250,16,100,7,100,100,100,100,100,100,246,100
250,250,16,101,7,100,100,100,100,100,100,246,100
250,250,16,173,7,169,169,169,169,169,169,246,169
250,250,16,250,7,246,246,246,246,246,246,246,246
250,250,64,100,55,100,100,100,100,100,100,246,100
250,250,64,101,55,100,100,100,100,100,100,246,100
250,250,64,173,55,169,169,169,169,169,169,246,169
250,250,64,250,55,246,246,246,246,246,246,246,246
250,250,127,100,118,100,100,100,100,100,100,246,100
250,250,127,101,118,100,100,100,100,100,100,246,100
250,250,127,173,118,169,169,169,169,169,169,246,169
250,250,127,250,118,246,246,246,246,246,246,246,246
250,250,128,100,119,100,100,100,100,100,100,246,100
250,250,128,101,119,100,100,100,100,100,100,246,100
250,250,128,173,119,169,169,169,169,169,169,246,169
250,250,128,250,119,246,246,246,246,246,246,246,246
