attack,defense,angle,slide,jump,keeper,threshold
100,100,0,0,0,0,144
100,100,0,1,0,0,152
100,100,0,0,1,0,160
100,100,0,1,1,0,168
100,100,0,0,0,1,131
100,100,0,1,0,1,139
100,100,0,0,1,1,147
100,100,0,1,1,1,155
100,100,1,0,0,0,140
100,100,1,1,0,0,148
100,100,1,0,1,0,156
100,100,1,1,1,0,164
100,100,1,0,0,1,127
100,100,1,1,0,1,135
100,100,1,0,1,1,143
100,100,1,1,1,1,151
100,100,2,0,0,0,136
100,100,2,1,0,0,144
100,100,2,0,1,0,152
100,100,2,1,1,0,160
100,100,2,0,0,1,123
100,100,2,1,0,1,131
100,100,2,0,1,1,139
100,100,2,1,1,1,147
100,100,3,0,0,0,132
100,100,3,1,0,0,140
100,100,3,0,1,0,148
100,100,3,1,1,0,156
100,100,3,0,0,1,119
100,100,3,1,0,1,127
100,100,3,0,1,1,135
100,100,3,1,1,1,143
100,100,4,0,0,0,128
100,100,4,1,0,0,136
100,100,4,0,1,0,144
100,100,4,1,1,0,152
100,100,4,0,0,1,115
100,100,4,1,0,1,123
100,100,4,0,1,1,131
100,100,4,1,1,1,139
100,100,5,0,0,0,132
100,100,5,1,0,0,140
100,100,5,0,1,0,148
100,100,5,1,1,0,156
100,100,5,0,0,1,119
100,100,5,1,0,1,127
100,100,5,0,1,1,135
100,100,5,1,1,1,143
100,100,6,0,0,0,136
100,100,6,1,0,0,144
100,100,6,0,1,0,152
100,100,6,1,1,0,160
100,100,6,0,0,1,123
100,100,6,1,0,1,131
100,100,6,0,1,1,139
100,100,6,1,1,1,147
100,100,7,0,0,0,140
100,100,7,1,0,0,148
100,100,7,0,1,0,156
100,100,7,1,1,0,164
100,100,7,0,0,1,127
100,100,7,1,0,1,135
100,100,7,0,1,1,143
100,100,7,1,1,1,151
100,140,0,0,0,0,124
100,140,0,1,0,0,132
100,140,0,0,1,0,140
100,140,0,1,1,0,148
100,140,0,0,0,1,106
100,140,0,1,0,1,114
100,140,0,0,1,1,122
100,140,0,1,1,1,130
100,140,1,0,0,0,120
100,140,1,1,0,0,128
100,140,1,0,1,0,136
100,140,1,1,1,0,144
100,140,1,0,0,1,102
100,140,1,1,0,1,110
100,140,1,0,1,1,118
100,140,1,1,1,1,126
100,140,2,0,0,0,116
100,140,2,1,0,0,124
100,140,2,0,1,0,132
100,140,2,1,1,0,140
100,140,2,0,0,1,98
100,140,2,1,0,1,106
100,140,2,0,1,1,114
100,140,2,1,1,1,122
100,140,3,0,0,0,112
100,140,3,1,0,0,120
100,140,3,0,1,0,128
100,140,3,1,1,0,136
100,140,3,0,0,1,94
100,140,3,1,0,1,102
100,140,3,0,1,1,110
100,140,3,1,1,1,118
100,140,4,0,0,0,108
100,140,4,1,0,0,116
100,140,4,0,1,0,124
100,140,4,1,1,0,132
100,140,4,0,0,1,90
100,140,4,1,0,1,98
100,140,4,0,1,1,106
100,140,4,1,1,1,114
100,140,5,0,0,0,112
100,140,5,1,0,0,120
100,140,5,0,1,0,128
100,140,5,1,1,0,136
100,140,5,0,0,1,94
100,140,5,1,0,1,102
100,140,5,0,1,1,110
100,140,5,1,1,1,118
100,140,6,0,0,0,116
100,140,6,1,0,0,124
100,140,6,0,1,0,132
100,140,6,1,1,0,140
100,140,6,0,0,1,98
100,140,6,1,0,1,106
100,140,6,0,1,1,114
100,140,6,1,1,1,122
100,140,7,0,0,0,120
100,140,7,1,0,0,128
100,140,7,0,1,0,136
100,140,7,1,1,0,144
100,140,7,0,0,1,102
100,140,7,1,0,1,110
100,140,7,0,1,1,118
100,140,7,1,1,1,126
100,170,0,0,0,0,109
100,170,0,1,0,0,117
100,170,0,0,1,0,125
100,170,0,1,1,0,133
100,170,0,0,0,1,88
100,170,0,1,0,1,96
100,170,0,0,1,1,104
100,170,0,1,1,1,112
100,170,1,0,0,0,105
100,170,1,1,0,0,113
100,170,1,0,1,0,121
100,170,1,1,1,0,129
100,170,1,0,0,1,84
100,170,1,1,0,1,92
100,170,1,0,1,1,100
100,170,1,1,1,1,108
100,170,2,0,0,0,101
100,170,2,1,0,0,109
100,170,2,0,1,0,117
100,170,2,1,1,0,125
100,170,2,0,0,1,80
100,170,2,1,0,1,88
100,170,2,0,1,1,96
100,170,2,1,1,1,104
100,170,3,0,0,0,97
100,170,3,1,0,0,105
100,170,3,0,1,0,113
100,170,3,1,1,0,121
100,170,3,0,0,1,76
100,170,3,1,0,1,84
100,170,3,0,1,1,92
100,170,3,1,1,1,100
100,170,4,0,0,0,93
100,170,4,1,0,0,101
100,170,4,0,1,0,109
100,170,4,1,1,0,117
100,170,4,0,0,1,72
100,170,4,1,0,1,80
100,170,4,0,1,1,88
100,170,4,1,1,1,96
100,170,5,0,0,0,97
100,170,5,1,0,0,105
100,170,5,0,1,0,113
100,170,5,1,1,0,121
100,170,5,0,0,1,76
100,170,5,1,0,1,84
100,170,5,0,1,1,92
100,170,5,1,1,1,100
100,170,6,0,0,0,101
100,170,6,1,0,0,109
100,170,6,0,1,0,117
100,170,6,1,1,0,125
100,170,6,0,0,1,80
100,170,6,1,0,1,88
100,170,6,0,1,1,96
100,170,6,1,1,1,104
100,170,7,0,0,0,105
100,170,7,1,0,0,113
100,170,7,0,1,0,121
100,170,7,1,1,0,129
100,170,7,0,0,1,84
100,170,7,1,0,1,92
100,170,7,0,1,1,100
100,170,7,1,1,1,108
100,200,0,0,0,0,94
100,200,0,1,0,0,102
100,200,0,0,1,0,110
100,200,0,1,1,0,118
100,200,0,0,0,1,69
100,200,0,1,0,1,77
100,200,0,0,1,1,85
100,200,0,1,1,1,93
100,200,1,0,0,0,90
100,200,1,1,0,0,98
100,200,1,0,1,0,106
100,200,1,1,1,0,114
100,200,1,0,0,1,65
100,200,1,1,0,1,73
100,200,1,0,1,1,81
100,200,1,1,1,1,89
100,200,2,0,0,0,86
100,200,2,1,0,0,94
100,200,2,0,1,0,102
100,200,2,1,1,0,110
100,200,2,0,0,1,61
100,200,2,1,0,1,69
100,200,2,0,1,1,77
100,200,2,1,1,1,85
100,200,3,0,0,0,82
100,200,3,1,0,0,90
100,200,3,0,1,0,98
100,200,3,1,1,0,106
100,200,3,0,0,1,57
100,200,3,1,0,1,65
100,200,3,0,1,1,73
100,200,3,1,1,1,81
100,200,4,0,0,0,78
100,200,4,1,0,0,86
100,200,4,0,1,0,94
100,200,4,1,1,0,102
100,200,4,0,0,1,53
100,200,4,1,0,1,61
100,200,4,0,1,1,69
100,200,4,1,1,1,77
100,200,5,0,0,0,82
100,200,5,1,0,0,90
100,200,5,0,1,0,98
100,200,5,1,1,0,106
100,200,5,0,0,1,57
100,200,5,1,0,1,65
100,200,5,0,1,1,73
100,200,5,1,1,1,81
100,200,6,0,0,0,86
100,200,6,1,0,0,94
100,200,6,0,1,0,102
100,200,6,1,1,0,110
100,200,6,0,0,1,61
100,200,6,1,0,1,69
100,200,6,0,1,1,77
100,200,6,1,1,1,85
100,200,7,0,0,0,90
100,200,7,1,0,0,98
100,200,7,0,1,0,106
100,200,7,1,1,0,114
100,200,7,0,0,1,65
100,200,7,1,0,1,73
100,200,7,0,1,1,81
100,200,7,1,1,1,89
100,204,0,0,0,0,92
100,204,0,1,0,0,100
100,204,0,0,1,0,108
100,204,0,1,1,0,116
100,204,0,0,0,1,66
100,204,0,1,0,1,74
100,204,0,0,1,1,82
100,204,0,1,1,1,90
100,204,1,0,0,0,88
100,204,1,1,0,0,96
100,204,1,0,1,0,104
100,204,1,1,1,0,112
100,204,1,0,0,1,62
100,204,1,1,0,1,70
100,204,1,0,1,1,78
100,204,1,1,1,1,86
100,204,2,0,0,0,84
100,204,2,1,0,0,92
100,204,2,0,1,0,100
100,204,2,1,1,0,108
100,204,2,0,0,1,58
100,204,2,1,0,1,66
100,204,2,0,1,1,74
100,204,2,1,1,1,82
100,204,3,0,0,0,80
100,204,3,1,0,0,88
100,204,3,0,1,0,96
100,204,3,1,1,0,104
100,204,3,0,0,1,54
100,204,3,1,0,1,62
100,204,3,0,1,1,70
100,204,3,1,1,1,78
100,204,4,0,0,0,76
100,204,4,1,0,0,84
100,204,4,0,1,0,92
100,204,4,1,1,0,100
100,204,4,0,0,1,50
100,204,4,1,0,1,58
100,204,4,0,1,1,66
100,204,4,1,1,1,74
100,204,5,0,0,0,80
100,204,5,1,0,0,88
100,204,5,0,1,0,96
100,204,5,1,1,0,104
100,204,5,0,0,1,54
100,204,5,1,0,1,62
100,204,5,0,1,1,70
100,204,5,1,1,1,78
100,204,6,0,0,0,84
100,204,6,1,0,0,92
100,204,6,0,1,0,100
100,204,6,1,1,0,108
100,204,6,0,0,1,58
100,204,6,1,0,1,66
100,204,6,0,1,1,74
100,204,6,1,1,1,82
100,204,7,0,0,0,88
100,204,7,1,0,0,96
100,204,7,0,1,0,104
100,204,7,1,1,0,112
100,204,7,0,0,1,62
100,204,7,1,0,1,70
100,204,7,0,1,1,78
100,204,7,1,1,1,86
100,205,0,0,0,0,91
100,205,0,1,0,0,99
100,205,0,0,1,0,107
100,205,0,1,1,0,115
100,205,0,0,0,1,66
100,205,0,1,0,1,74
100,205,0,0,1,1,82
100,205,0,1,1,1,90
100,205,1,0,0,0,87
100,205,1,1,0,0,95
100,205,1,0,1,0,103
100,205,1,1,1,0,111
100,205,1,0,0,1,62
100,205,1,1,0,1,70
100,205,1,0,1,1,78
100,205,1,1,1,1,86
100,205,2,0,0,0,83
100,205,2,1,0,0,91
100,205,2,0,1,0,99
100,205,2,1,1,0,107
100,205,2,0,0,1,58
100,205,2,1,0,1,66
100,205,2,0,1,1,74
100,205,2,1,1,1,82
100,205,3,0,0,0,79
100,205,3,1,0,0,87
100,205,3,0,1,0,95
100,205,3,1,1,0,103
100,205,3,0,0,1,54
100,205,3,1,0,1,62
100,205,3,0,1,1,70
100,205,3,1,1,1,78
100,205,4,0,0,0,75
100,205,4,1,0,0,83
100,205,4,0,1,0,91
100,205,4,1,1,0,99
100,205,4,0,0,1,50
100,205,4,1,0,1,58
100,205,4,0,1,1,66
100,205,4,1,1,1,74
100,205,5,0,0,0,79
100,205,5,1,0,0,87
100,205,5,0,1,0,95
100,205,5,1,1,0,103
100,205,5,0,0,1,54
100,205,5,1,0,1,62
100,205,5,0,1,1,70
100,205,5,1,1,1,78
100,205,6,0,0,0,83
100,205,6,1,0,0,91
100,205,6,0,1,0,99
100,205,6,1,1,0,107
100,205,6,0,0,1,58
100,205,6,1,0,1,66
100,205,6,0,1,1,74
100,205,6,1,1,1,82
100,205,7,0,0,0,87
100,205,7,1,0,0,95
100,205,7,0,1,0,103
100,205,7,1,1,0,111
100,205,7,0,0,1,62
100,205,7,1,0,1,70
100,205,7,0,1,1,78
100,205,7,1,1,1,86
100,249,0,0,0,0,69
100,249,0,1,0,0,77
100,249,0,0,1,0,85
100,249,0,1,1,0,93
100,249,0,0,0,1,66
100,249,0,1,0,1,74
100,249,0,0,1,1,82
100,249,0,1,1,1,90
100,249,1,0,0,0,65
100,249,1,1,0,0,73
100,249,1,0,1,0,81
100,249,1,1,1,0,89
100,249,1,0,0,1,62
100,249,1,1,0,1,70
100,249,1,0,1,1,78
100,249,1,1,1,1,86
100,249,2,0,0,0,61
100,249,2,1,0,0,69
100,249,2,0,1,0,77
100,249,2,1,1,0,85
100,249,2,0,0,1,58
100,249,2,1,0,1,66
100,249,2,0,1,1,74
100,249,2,1,1,1,82
100,249,3,0,0,0,57
100,249,3,1,0,0,65
100,249,3,0,1,0,73
100,249,3,1,1,0,81
100,249,3,0,0,1,54
100,249,3,1,0,1,62
100,249,3,0,1,1,70
100,249,3,1,1,1,78
100,249,4,0,0,0,53
100,249,4,1,0,0,61
100,249,4,0,1,0,69
100,249,4,1,1,0,77
100,249,4,0,0,1,50
100,249,4,1,0,1,58
100,249,4,0,1,1,66
100,249,4,1,1,1,74
100,249,5,0,0,0,57
100,249,5,1,0,0,65
100,249,5,0,1,0,73
100,249,5,1,1,0,81
100,249,5,0,0,1,54
100,249,5,1,0,1,62
100,249,5,0,1,1,70
100,249,5,1,1,1,78
100,249,6,0,0,0,61
100,249,6,1,0,0,69
100,249,6,0,1,0,77
100,249,6,1,1,0,85
100,249,6,0,0,1,58
100,249,6,1,0,1,66
100,249,6,0,1,1,74
100,249,6,1,1,1,82
100,249,7,0,0,0,65
100,249,7,1,0,0,73
100,249,7,0,1,0,81
100,249,7,1,1,0,89
100,249,7,0,0,1,62
100,249,7,1,0,1,70
100,249,7,0,1,1,78
100,249,7,1,1,1,86
100,250,0,0,0,0,69
100,250,0,1,0,0,77
100,250,0,0,1,0,85
100,250,0,1,1,0,93
100,250,0,0,0,1,66
100,250,0,1,0,1,74
100,250,0,0,1,1,82
100,250,0,1,1,1,90
100,250,1,0,0,0,65
100,250,1,1,0,0,73
100,250,1,0,1,0,81
100,250,1,1,1,0,89
100,250,1,0,0,1,62
100,250,1,1,0,1,70
100,250,1,0,1,1,78
100,250,1,1,1,1,86
100,250,2,0,0,0,61
100,250,2,1,0,0,69
100,250,2,0,1,0,77
100,250,2,1,1,0,85
100,250,2,0,0,1,58
100,250,2,1,0,1,66
100,250,2,0,1,1,74
100,250,2,1,1,1,82
100,250,3,0,0,0,57
100,250,3,1,0,0,65
100,250,3,0,1,0,73
100,250,3,1,1,0,81
100,250,3,0,0,1,54
100,250,3,1,0,1,62
100,250,3,0,1,1,70
100,250,3,1,1,1,78
100,250,4,0,0,0,53
100,250,4,1,0,0,61
100,250,4,0,1,0,69
100,250,4,1,1,0,77
100,250,4,0,0,1,50
100,250,4,1,0,1,58
100,250,4,0,1,1,66
100,250,4,1,1,1,74
100,250,5,0,0,0,57
100,250,5,1,0,0,65
100,250,5,0,1,0,73
100,250,5,1,1,0,81
100,250,5,0,0,1,54
100,250,5,1,0,1,62
100,250,5,0,1,1,70
100,250,5,1,1,1,78
100,250,6,0,0,0,61
100,250,6,1,0,0,69
100,250,6,0,1,0,77
100,250,6,1,1,0,85
100,250,6,0,0,1,58
100,250,6,1,0,1,66
100,250,6,0,1,1,74
100,250,6,1,1,1,82
100,250,7,0,0,0,65
100,250,7,1,0,0,73
100,250,7,0,1,0,81
100,250,7,1,1,0,89
100,250,7,0,0,1,62
100,250,7,1,0,1,70
100,250,7,0,1,1,78
100,250,7,1,1,1,86
140,100,0,0,0,0,164
140,100,0,1,0,0,172
140,100,0,0,1,0,180
140,100,0,1,1,0,188
140,100,0,0,0,1,151
140,100,0,1,0,1,159
140,100,0,0,1,1,167
140,100,0,1,1,1,175
140,100,1,0,0,0,160
140,100,1,1,0,0,168
140,100,1,0,1,0,176
140,100,1,1,1,0,184
140,100,1,0,0,1,147
140,100,1,1,0,1,155
140,100,1,0,1,1,163
140,100,1,1,1,1,171
140,100,2,0,0,0,156
140,100,2,1,0,0,164
140,100,2,0,1,0,172
140,100,2,1,1,0,180
140,100,2,0,0,1,143
140,100,2,1,0,1,151
140,100,2,0,1,1,159
140,100,2,1,1,1,167
140,100,3,0,0,0,152
140,100,3,1,0,0,160
140,100,3,0,1,0,168
140,100,3,1,1,0,176
140,100,3,0,0,1,139
140,100,3,1,0,1,147
140,100,3,0,1,1,155
140,100,3,1,1,1,163
140,100,4,0,0,0,148
140,100,4,1,0,0,156
140,100,4,0,1,0,164
140,100,4,1,1,0,172
140,100,4,0,0,1,135
140,100,4,1,0,1,143
140,100,4,0,1,1,151
140,100,4,1,1,1,159
140,100,5,0,0,0,152
140,100,5,1,0,0,160
140,100,5,0,1,0,168
140,100,5,1,1,0,176
140,100,5,0,0,1,139
140,100,5,1,0,1,147
140,100,5,0,1,1,155
140,100,5,1,1,1,163
140,100,6,0,0,0,156
140,100,6,1,0,0,164
140,100,6,0,1,0,172
140,100,6,1,1,0,180
140,100,6,0,0,1,143
140,100,6,1,0,1,151
140,100,6,0,1,1,159
140,100,6,1,1,1,167
140,100,7,0,0,0,160
140,100,7,1,0,0,168
140,100,7,0,1,0,176
140,100,7,1,1,0,184
140,100,7,0,0,1,147
140,100,7,1,0,1,155
140,100,7,0,1,1,163
140,100,7,1,1,1,171
140,140,0,0,0,0,144
140,140,0,1,0,0,152
140,140,0,0,1,0,160
140,140,0,1,1,0,168
140,140,0,0,0,1,126
140,140,0,1,0,1,134
140,140,0,0,1,1,142
140,140,0,1,1,1,150
140,140,1,0,0,0,140
140,140,1,1,0,0,148
140,140,1,0,1,0,156
140,140,1,1,1,0,164
140,140,1,0,0,1,122
140,140,1,1,0,1,130
140,140,1,0,1,1,138
140,140,1,1,1,1,146
140,140,2,0,0,0,136
140,140,2,1,0,0,144
140,140,2,0,1,0,152
140,140,2,1,1,0,160
140,140,2,0,0,1,118
140,140,2,1,0,1,126
140,140,2,0,1,1,134
140,140,2,1,1,1,142
140,140,3,0,0,0,132
140,140,3,1,0,0,140
140,140,3,0,1,0,148
140,140,3,1,1,0,156
140,140,3,0,0,1,114
140,140,3,1,0,1,122
140,140,3,0,1,1,130
140,140,3,1,1,1,138
140,140,4,0,0,0,128
140,140,4,1,0,0,136
140,140,4,0,1,0,144
140,140,4,1,1,0,152
140,140,4,0,0,1,110
140,140,4,1,0,1,118
140,140,4,0,1,1,126
140,140,4,1,1,1,134
140,140,5,0,0,0,132
140,140,5,1,0,0,140
140,140,5,0,1,0,148
140,140,5,1,1,0,156
140,140,5,0,0,1,114
140,140,5,1,0,1,122
140,140,5,0,1,1,130
140,140,5,1,1,1,138
140,140,6,0,0,0,136
140,140,6,1,0,0,144
140,140,6,0,1,0,152
140,140,6,1,1,0,160
140,140,6,0,0,1,118
140,140,6,1,0,1,126
140,140,6,0,1,1,134
140,140,6,1,1,1,142
140,140,7,0,0,0,140
140,140,7,1,0,0,148
140,140,7,0,1,0,156
140,140,7,1,1,0,164
140,140,7,0,0,1,122
140,140,7,1,0,1,130
140,140,7,0,1,1,138
140,140,7,1,1,1,146
140,170,0,0,0,0,129
140,170,0,1,0,0,137
140,170,0,0,1,0,145
140,170,0,1,1,0,153
140,170,0,0,0,1,108
140,170,0,1,0,1,116
140,170,0,0,1,1,124
140,170,0,1,1,1,132
140,170,1,0,0,0,125
140,170,1,1,0,0,133
140,170,1,0,1,0,141
140,170,1,1,1,0,149
140,170,1,0,0,1,104
140,170,1,1,0,1,112
140,170,1,0,1,1,120
140,170,1,1,1,1,128
140,170,2,0,0,0,121
140,170,2,1,0,0,129
140,170,2,0,1,0,137
140,170,2,1,1,0,145
140,170,2,0,0,1,100
140,170,2,1,0,1,108
140,170,2,0,1,1,116
140,170,2,1,1,1,124
140,170,3,0,0,0,117
140,170,3,1,0,0,125
140,170,3,0,1,0,133
140,170,3,1,1,0,141
140,170,3,0,0,1,96
140,170,3,1,0,1,104
140,170,3,0,1,1,112
140,170,3,1,1,1,120
140,170,4,0,0,0,113
140,170,4,1,0,0,121
140,170,4,0,1,0,129
140,170,4,1,1,0,137
140,170,4,0,0,1,92
140,170,4,1,0,1,100
140,170,4,0,1,1,108
140,170,4,1,1,1,116
140,170,5,0,0,0,117
140,170,5,1,0,0,125
140,170,5,0,1,0,133
140,170,5,1,1,0,141
140,170,5,0,0,1,96
140,170,5,1,0,1,104
140,170,5,0,1,1,112
140,170,5,1,1,1,120
140,170,6,0,0,0,121
140,170,6,1,0,0,129
140,170,6,0,1,0,137
140,170,6,1,1,0,145
140,170,6,0,0,1,100
140,170,6,1,0,1,108
140,170,6,0,1,1,116
140,170,6,1,1,1,124
140,170,7,0,0,0,125
140,170,7,1,0,0,133
140,170,7,0,1,0,141
140,170,7,1,1,0,149
140,170,7,0,0,1,104
140,170,7,1,0,1,112
140,170,7,0,1,1,120
140,170,7,1,1,1,128
140,200,0,0,0,0,114
140,200,0,1,0,0,122
140,200,0,0,1,0,130
140,200,0,1,1,0,138
140,200,0,0,0,1,89
140,200,0,1,0,1,97
140,200,0,0,1,1,105
140,200,0,1,1,1,113
140,200,1,0,0,0,110
140,200,1,1,0,0,118
140,200,1,0,1,0,126
140,200,1,1,1,0,134
140,200,1,0,0,1,85
140,200,1,1,0,1,93
140,200,1,0,1,1,101
140,200,1,1,1,1,109
140,200,2,0,0,0,106
140,200,2,1,0,0,114
140,200,2,0,1,0,122
140,200,2,1,1,0,130
140,200,2,0,0,1,81
140,200,2,1,0,1,89
140,200,2,0,1,1,97
140,200,2,1,1,1,105
140,200,3,0,0,0,102
140,200,3,1,0,0,110
140,200,3,0,1,0,118
140,200,3,1,1,0,126
140,200,3,0,0,1,77
140,200,3,1,0,1,85
140,200,3,0,1,1,93
140,200,3,1,1,1,101
140,200,4,0,0,0,98
140,200,4,1,0,0,106
140,200,4,0,1,0,114
140,200,4,1,1,0,122
140,200,4,0,0,1,73
140,200,4,1,0,1,81
140,200,4,0,1,1,89
140,200,4,1,1,1,97
140,200,5,0,0,0,102
140,200,5,1,0,0,110
140,200,5,0,1,0,118
140,200,5,1,1,0,126
140,200,5,0,0,1,77
140,200,5,1,0,1,85
140,200,5,0,1,1,93
140,200,5,1,1,1,101
140,200,6,0,0,0,106
140,200,6,1,0,0,114
140,200,6,0,1,0,122
140,200,6,1,1,0,130
140,200,6,0,0,1,81
140,200,6,1,0,1,89
140,200,6,0,1,1,97
140,200,6,1,1,1,105
140,200,7,0,0,0,110
140,200,7,1,0,0,118
140,200,7,0,1,0,126
140,200,7,1,1,0,134
140,200,7,0,0,1,85
140,200,7,1,0,1,93
140,200,7,0,1,1,101
140,200,7,1,1,1,109
140,204,0,0,0,0,112
140,204,0,1,0,0,120
140,204,0,0,1,0,128
140,204,0,1,1,0,136
140,204,0,0,0,1,86
140,204,0,1,0,1,94
140,204,0,0,1,1,102
140,204,0,1,1,1,110
140,204,1,0,0,0,108
140,204,1,1,0,0,116
140,204,1,0,1,0,124
140,204,1,1,1,0,132
140,204,1,0,0,1,82
140,204,1,1,0,1,90
140,204,1,0,1,1,98
140,204,1,1,1,1,106
140,204,2,0,0,0,104
140,204,2,1,0,0,112
140,204,2,0,1,0,120
140,204,2,1,1,0,128
140,204,2,0,0,1,78
140,204,2,1,0,1,86
140,204,2,0,1,1,94
140,204,2,1,1,1,102
140,204,3,0,0,0,100
140,204,3,1,0,0,108
140,204,3,0,1,0,116
140,204,3,1,1,0,124
140,204,3,0,0,1,74
140,204,3,1,0,1,82
140,204,3,0,1,1,90
140,204,3,1,1,1,98
140,204,4,0,0,0,96
140,204,4,1,0,0,104
140,204,4,0,1,0,112
140,204,4,1,1,0,120
140,204,4,0,0,1,70
140,204,4,1,0,1,78
140,204,4,0,1,1,86
140,204,4,1,1,1,94
140,204,5,0,0,0,100
140,204,5,1,0,0,108
140,204,5,0,1,0,116
140,204,5,1,1,0,124
140,204,5,0,0,1,74
140,204,5,1,0,1,82
140,204,5,0,1,1,90
140,204,5,1,1,1,98
140,204,6,0,0,0,104
140,204,6,1,0,0,112
140,204,6,0,1,0,120
140,204,6,1,1,0,128
140,204,6,0,0,1,78
140,204,6,1,0,1,86
140,204,6,0,1,1,94
140,204,6,1,1,1,102
140,204,7,0,0,0,108
140,204,7,1,0,0,116
140,204,7,0,1,0,124
140,204,7,1,1,0,132
140,204,7,0,0,1,82
140,204,7,1,0,1,90
140,204,7,0,1,1,98
140,204,7,1,1,1,106
140,205,0,0,0,0,111
140,205,0,1,0,0,119
140,205,0,0,1,0,127
140,205,0,1,1,0,135
140,205,0,0,0,1,86
140,205,0,1,0,1,94
140,205,0,0,1,1,102
140,205,0,1,1,1,110
140,205,1,0,0,0,107
140,205,1,1,0,0,115
140,205,1,0,1,0,123
140,205,1,1,1,0,131
140,205,1,0,0,1,82
140,205,1,1,0,1,90
140,205,1,0,1,1,98
140,205,1,1,1,1,106
140,205,2,0,0,0,103
140,205,2,1,0,0,111
140,205,2,0,1,0,119
140,205,2,1,1,0,127
140,205,2,0,0,1,78
140,205,2,1,0,1,86
140,205,2,0,1,1,94
140,205,2,1,1,1,102
140,205,3,0,0,0,99
140,205,3,1,0,0,107
140,205,3,0,1,0,115
140,205,3,1,1,0,123
140,205,3,0,0,1,74
140,205,3,1,0,1,82
140,205,3,0,1,1,90
140,205,3,1,1,1,98
140,205,4,0,0,0,95
140,205,4,1,0,0,103
140,205,4,0,1,0,111
140,205,4,1,1,0,119
140,205,4,0,0,1,70
140,205,4,1,0,1,78
140,205,4,0,1,1,86
140,205,4,1,1,1,94
140,205,5,0,0,0,99
140,205,5,1,0,0,107
140,205,5,0,1,0,115
140,205,5,1,1,0,123
140,205,5,0,0,1,74
140,205,5,1,0,1,82
140,205,5,0,1,1,90
140,205,5,1,1,1,98
140,205,6,0,0,0,103
140,205,6,1,0,0,111
140,205,6,0,1,0,119
140,205,6,1,1,0,127
140,205,6,0,0,1,78
140,205,6,1,0,1,86
140,205,6,0,1,1,94
140,205,6,1,1,1,102
140,205,7,0,0,0,107
140,205,7,1,0,0,115
140,205,7,0,1,0,123
140,205,7,1,1,0,131
140,205,7,0,0,1,82
140,205,7,1,0,1,90
140,205,7,0,1,1,98
140,205,7,1,1,1,106
140,249,0,0,0,0,89
140,249,0,1,0,0,97
140,249,0,0,1,0,105
140,249,0,1,1,0,113
140,249,0,0,0,1,86
140,249,0,1,0,1,94
140,249,0,0,1,1,102
140,249,0,1,1,1,110
140,249,1,0,0,0,85
140,249,1,1,0,0,93
140,249,1,0,1,0,101
140,249,1,1,1,0,109
140,249,1,0,0,1,82
140,249,1,1,0,1,90
140,249,1,0,1,1,98
140,249,1,1,1,1,106
140,249,2,0,0,0,81
140,249,2,1,0,0,89
140,249,2,0,1,0,97
140,249,2,1,1,0,105
140,249,2,0,0,1,78
140,249,2,1,0,1,86
140,249,2,0,1,1,94
140,249,2,1,1,1,102
140,249,3,0,0,0,77
140,249,3,1,0,0,85
140,249,3,0,1,0,93
140,249,3,1,1,0,101
140,249,3,0,0,1,74
140,249,3,1,0,1,82
140,249,3,0,1,1,90
140,249,3,1,1,1,98
140,249,4,0,0,0,73
140,249,4,1,0,0,81
140,249,4,0,1,0,89
140,249,4,1,1,0,97
140,249,4,0,0,1,70
140,249,4,1,0,1,78
140,249,4,0,1,1,86
140,249,4,1,1,1,94
140,249,5,0,0,0,77
140,249,5,1,0,0,85
140,249,5,0,1,0,93
140,249,5,1,1,0,101
140,249,5,0,0,1,74
140,249,5,1,0,1,82
140,249,5,0,1,1,90
140,249,5,1,1,1,98
140,249,6,0,0,0,81
140,249,6,1,0,0,89
140,249,6,0,1,0,97
140,249,6,1,1,0,105
140,249,6,0,0,1,78
140,249,6,1,0,1,86
140,249,6,0,1,1,94
140,249,6,1,1,1,102
140,249,7,0,0,0,85
140,249,7,1,0,0,93
140,249,7,0,1,0,101
140,249,7,1,1,0,109
140,249,7,0,0,1,82
140,249,7,1,0,1,90
140,249,7,0,1,1,98
140,249,7,1,1,1,106
140,250,0,0,0,0,89
140,250,0,1,0,0,97
140,250,0,0,1,0,105
140,250,0,1,1,0,113
140,250,0,0,0,1,86
140,250,0,1,0,1,94
140,250,0,0,1,1,102
140,250,0,1,1,1,110
140,250,1,0,0,0,85
140,250,1,1,0,0,93
140,250,1,0,1,0,101
140,250,1,1,1,0,109
140,250,1,0,0,1,82
140,250,1,1,0,1,90
140,250,1,0,1,1,98
140,250,1,1,1,1,106
140,250,2,0,0,0,81
140,250,2,1,0,0,89
140,250,2,0,1,0,97
140,250,2,1,1,0,105
140,250,2,0,0,1,78
140,250,2,1,0,1,86
140,250,2,0,1,1,94
140,250,2,1,1,1,102
140,250,3,0,0,0,77
140,250,3,1,0,0,85
140,250,3,0,1,0,93
140,250,3,1,1,0,101
140,250,3,0,0,1,74
140,250,3,1,0,1,82
140,250,3,0,1,1,90
140,250,3,1,1,1,98
140,250,4,0,0,0,73
140,250,4,1,0,0,81
140,250,4,0,1,0,89
140,250,4,1,1,0,97
140,250,4,0,0,1,70
140,250,4,1,0,1,78
140,250,4,0,1,1,86
140,250,4,1,1,1,94
140,250,5,0,0,0,77
140,250,5,1,0,0,85
140,250,5,0,1,0,93
140,250,5,1,1,0,101
140,250,5,0,0,1,74
140,250,5,1,0,1,82
140,250,5,0,1,1,90
140,250,5,1,1,1,98
140,250,6,0,0,0,81
140,250,6,1,0,0,89
140,250,6,0,1,0,97
140,250,6,1,1,0,105
140,250,6,0,0,1,78
140,250,6,1,0,1,86
140,250,6,0,1,1,94
140,250,6,1,1,1,102
140,250,7,0,0,0,85
140,250,7,1,0,0,93
140,250,7,0,1,0,101
140,250,7,1,1,0,109
140,250,7,0,0,1,82
140,250,7,1,0,1,90
140,250,7,0,1,1,98
140,250,7,1,1,1,106
170,100,0,0,0,0,179
170,100,0,1,0,0,187
170,100,0,0,1,0,195
170,100,0,1,1,0,203
170,100,0,0,0,1,166
170,100,0,1,0,1,174
170,100,0,0,1,1,182
170,100,0,1,1,1,190
170,100,1,0,0,0,175
170,100,1,1,0,0,183
170,100,1,0,1,0,191
170,100,1,1,1,0,199
170,100,1,0,0,1,162
170,100,1,1,0,1,170
170,100,1,0,1,1,178
170,100,1,1,1,1,186
170,100,2,0,0,0,171
170,100,2,1,0,0,179
170,100,2,0,1,0,187
170,100,2,1,1,0,195
170,100,2,0,0,1,158
170,100,2,1,0,1,166
170,100,2,0,1,1,174
170,100,2,1,1,1,182
170,100,3,0,0,0,167
170,100,3,1,0,0,175
170,100,3,0,1,0,183
170,100,3,1,1,0,191
170,100,3,0,0,1,154
170,100,3,1,0,1,162
170,100,3,0,1,1,170
170,100,3,1,1,1,178
170,100,4,0,0,0,163
170,100,4,1,0,0,171
170,100,4,0,1,0,179
170,100,4,1,1,0,187
170,100,4,0,0,1,150
170,100,4,1,0,1,158
170,100,4,0,1,1,166
170,100,4,1,1,1,174
170,100,5,0,0,0,167
170,100,5,1,0,0,175
170,100,5,0,1,0,183
170,100,5,1,1,0,191
170,100,5,0,0,1,154
170,100,5,1,0,1,162
170,100,5,0,1,1,170
170,100,5,1,1,1,178
170,100,6,0,0,0,171
170,100,6,1,0,0,179
170,100,6,0,1,0,187
170,100,6,1,1,0,195
170,100,6,0,0,1,158
170,100,6,1,0,1,166
170,100,6,0,1,1,174
170,100,6,1,1,1,182
170,100,7,0,0,0,175
170,100,7,1,0,0,183
170,100,7,0,1,0,191
170,100,7,1,1,0,199
170,100,7,0,0,1,162
170,100,7,1,0,1,170
170,100,7,0,1,1,178
170,100,7,1,1,1,186
170,140,0,0,0,0,159
170,140,0,1,0,0,167
170,140,0,0,1,0,175
170,140,0,1,1,0,183
170,140,0,0,0,1,141
170,140,0,1,0,1,149
170,140,0,0,1,1,157
170,140,0,1,1,1,165
170,140,1,0,0,0,155
170,140,1,1,0,0,163
170,140,1,0,1,0,171
170,140,1,1,1,0,179
170,140,1,0,0,1,137
170,140,1,1,0,1,145
170,140,1,0,1,1,153
170,140,1,1,1,1,161
170,140,2,0,0,0,151
170,140,2,1,0,0,159
170,140,2,0,1,0,167
170,140,2,1,1,0,175
170,140,2,0,0,1,133
170,140,2,1,0,1,141
170,140,2,0,1,1,149
170,140,2,1,1,1,157
170,140,3,0,0,0,147
170,140,3,1,0,0,155
170,140,3,0,1,0,163
170,140,3,1,1,0,171
170,140,3,0,0,1,129
170,140,3,1,0,1,137
170,140,3,0,1,1,145
170,140,3,1,1,1,153
170,140,4,0,0,0,143
170,140,4,1,0,0,151
170,140,4,0,1,0,159
170,140,4,1,1,0,167
170,140,4,0,0,1,125
170,140,4,1,0,1,133
170,140,4,0,1,1,141
170,140,4,1,1,1,149
170,140,5,0,0,0,147
170,140,5,1,0,0,155
170,140,5,0,1,0,163
170,140,5,1,1,0,171
170,140,5,0,0,1,129
170,140,5,1,0,1,137
170,140,5,0,1,1,145
170,140,5,1,1,1,153
170,140,6,0,0,0,151
170,140,6,1,0,0,159
170,140,6,0,1,0,167
170,140,6,1,1,0,175
170,140,6,0,0,1,133
170,140,6,1,0,1,141
170,140,6,0,1,1,149
170,140,6,1,1,1,157
170,140,7,0,0,0,155
170,140,7,1,0,0,163
170,140,7,0,1,0,171
170,140,7,1,1,0,179
170,140,7,0,0,1,137
170,140,7,1,0,1,145
170,140,7,0,1,1,153
170,140,7,1,1,1,161
170,170,0,0,0,0,144
170,170,0,1,0,0,152
170,170,0,0,1,0,160
170,170,0,1,1,0,168
170,170,0,0,0,1,123
170,170,0,1,0,1,131
170,170,0,0,1,1,139
170,170,0,1,1,1,147
170,170,1,0,0,0,140
170,170,1,1,0,0,148
170,170,1,0,1,0,156
170,170,1,1,1,0,164
170,170,1,0,0,1,119
170,170,1,1,0,1,127
170,170,1,0,1,1,135
170,170,1,1,1,1,143
170,170,2,0,0,0,136
170,170,2,1,0,0,144
170,170,2,0,1,0,152
170,170,2,1,1,0,160
170,170,2,0,0,1,115
170,170,2,1,0,1,123
170,170,2,0,1,1,131
170,170,2,1,1,1,139
170,170,3,0,0,0,132
170,170,3,1,0,0,140
170,170,3,0,1,0,148
170,170,3,1,1,0,156
170,170,3,0,0,1,111
170,170,3,1,0,1,119
170,170,3,0,1,1,127
170,170,3,1,1,1,135
170,170,4,0,0,0,128
170,170,4,1,0,0,136
170,170,4,0,1,0,144
170,170,4,1,1,0,152
170,170,4,0,0,1,107
170,170,4,1,0,1,115
170,170,4,0,1,1,123
170,170,4,1,1,1,131
170,170,5,0,0,0,132
170,170,5,1,0,0,140
170,170,5,0,1,0,148
170,170,5,1,1,0,156
170,170,5,0,0,1,111
170,170,5,1,0,1,119
170,170,5,0,1,1,127
170,170,5,1,1,1,135
170,170,6,0,0,0,136
170,170,6,1,0,0,144
170,170,6,0,1,0,152
170,170,6,1,1,0,160
170,170,6,0,0,1,115
170,170,6,1,0,1,123
170,170,6,0,1,1,131
170,170,6,1,1,1,139
170,170,7,0,0,0,140
170,170,7,1,0,0,148
170,170,7,0,1,0,156
170,170,7,1,1,0,164
170,170,7,0,0,1,119
170,170,7,1,0,1,127
170,170,7,0,1,1,135
170,170,7,1,1,1,143
170,200,0,0,0,0,129
170,200,0,1,0,0,137
170,200,0,0,1,0,145
170,200,0,1,1,0,153
170,200,0,0,0,1,104
170,200,0,1,0,1,112
170,200,0,0,1,1,120
170,200,0,1,1,1,128
170,200,1,0,0,0,125
170,200,1,1,0,0,133
170,200,1,0,1,0,141
170,200,1,1,1,0,149
170,200,1,0,0,1,100
170,200,1,1,0,1,108
170,200,1,0,1,1,116
170,200,1,1,1,1,124
170,200,2,0,0,0,121
170,200,2,1,0,0,129
170,200,2,0,1,0,137
170,200,2,1,1,0,145
170,200,2,0,0,1,96
170,200,2,1,0,1,104
170,200,2,0,1,1,112
170,200,2,1,1,1,120
170,200,3,0,0,0,117
170,200,3,1,0,0,125
170,200,3,0,1,0,133
170,200,3,1,1,0,141
170,200,3,0,0,1,92
170,200,3,1,0,1,100
170,200,3,0,1,1,108
170,200,3,1,1,1,116
170,200,4,0,0,0,113
170,200,4,1,0,0,121
170,200,4,0,1,0,129
170,200,4,1,1,0,137
170,200,4,0,0,1,88
170,200,4,1,0,1,96
170,200,4,0,1,1,104
170,200,4,1,1,1,112
170,200,5,0,0,0,117
170,200,5,1,0,0,125
170,200,5,0,1,0,133
170,200,5,1,1,0,141
170,200,5,0,0,1,92
170,200,5,1,0,1,100
170,200,5,0,1,1,108
170,200,5,1,1,1,116
170,200,6,0,0,0,121
170,200,6,1,0,0,129
170,200,6,0,1,0,137
170,200,6,1,1,0,145
170,200,6,0,0,1,96
170,200,6,1,0,1,104
170,200,6,0,1,1,112
170,200,6,1,1,1,120
170,200,7,0,0,0,125
170,200,7,1,0,0,133
170,200,7,0,1,0,141
170,200,7,1,1,0,149
170,200,7,0,0,1,100
170,200,7,1,0,1,108
170,200,7,0,1,1,116
170,200,7,1,1,1,124
170,204,0,0,0,0,127
170,204,0,1,0,0,135
170,204,0,0,1,0,143
170,204,0,1,1,0,151
170,204,0,0,0,1,101
170,204,0,1,0,1,109
170,204,0,0,1,1,117
170,204,0,1,1,1,125
170,204,1,0,0,0,123
170,204,1,1,0,0,131
170,204,1,0,1,0,139
170,204,1,1,1,0,147
170,204,1,0,0,1,97
170,204,1,1,0,1,105
170,204,1,0,1,1,113
170,204,1,1,1,1,121
170,204,2,0,0,0,119
170,204,2,1,0,0,127
170,204,2,0,1,0,135
170,204,2,1,1,0,143
170,204,2,0,0,1,93
170,204,2,1,0,1,101
170,204,2,0,1,1,109
170,204,2,1,1,1,117
170,204,3,0,0,0,115
170,204,3,1,0,0,123
170,204,3,0,1,0,131
170,204,3,1,1,0,139
170,204,3,0,0,1,89
170,204,3,1,0,1,97
170,204,3,0,1,1,105
170,204,3,1,1,1,113
170,204,4,0,0,0,111
170,204,4,1,0,0,119
170,204,4,0,1,0,127
170,204,4,1,1,0,135
170,204,4,0,0,1,85
170,204,4,1,0,1,93
170,204,4,0,1,1,101
170,204,4,1,1,1,109
170,204,5,0,0,0,115
170,204,5,1,0,0,123
170,204,5,0,1,0,131
170,204,5,1,1,0,139
170,204,5,0,0,1,89
170,204,5,1,0,1,97
170,204,5,0,1,1,105
170,204,5,1,1,1,113
170,204,6,0,0,0,119
170,204,6,1,0,0,127
170,204,6,0,1,0,135
170,204,6,1,1,0,143
170,204,6,0,0,1,93
170,204,6,1,0,1,101
170,204,6,0,1,1,109
170,204,6,1,1,1,117
170,204,7,0,0,0,123
170,204,7,1,0,0,131
170,204,7,0,1,0,139
170,204,7,1,1,0,147
170,204,7,0,0,1,97
170,204,7,1,0,1,105
170,204,7,0,1,1,113
170,204,7,1,1,1,121
170,205,0,0,0,0,126
170,205,0,1,0,0,134
170,205,0,0,1,0,142
170,205,0,1,1,0,150
170,205,0,0,0,1,101
170,205,0,1,0,1,109
170,205,0,0,1,1,117
170,205,0,1,1,1,125
170,205,1,0,0,0,122
170,205,1,1,0,0,130
170,205,1,0,1,0,138
170,205,1,1,1,0,146
170,205,1,0,0,1,97
170,205,1,1,0,1,105
170,205,1,0,1,1,113
170,205,1,1,1,1,121
170,205,2,0,0,0,118
170,205,2,1,0,0,126
170,205,2,0,1,0,134
170,205,2,1,1,0,142
170,205,2,0,0,1,93
170,205,2,1,0,1,101
170,205,2,0,1,1,109
170,205,2,1,1,1,117
170,205,3,0,0,0,114
170,205,3,1,0,0,122
170,205,3,0,1,0,130
170,205,3,1,1,0,138
170,205,3,0,0,1,89
170,205,3,1,0,1,97
170,205,3,0,1,1,105
170,205,3,1,1,1,113
170,205,4,0,0,0,110
170,205,4,1,0,0,118
170,205,4,0,1,0,126
170,205,4,1,1,0,134
170,205,4,0,0,1,85
170,205,4,1,0,1,93
170,205,4,0,1,1,101
170,205,4,1,1,1,109
170,205,5,0,0,0,114
170,205,5,1,0,0,122
170,205,5,0,1,0,130
170,205,5,1,1,0,138
170,205,5,0,0,1,89
170,205,5,1,0,1,97
170,205,5,0,1,1,105
170,205,5,1,1,1,113
170,205,6,0,0,0,118
170,205,6,1,0,0,126
170,205,6,0,1,0,134
170,205,6,1,1,0,142
170,205,6,0,0,1,93
170,205,6,1,0,1,101
170,205,6,0,1,1,109
170,205,6,1,1,1,117
170,205,7,0,0,0,122
170,205,7,1,0,0,130
170,205,7,0,1,0,138
170,205,7,1,1,0,146
170,205,7,0,0,1,97
170,205,7,1,0,1,105
170,205,7,0,1,1,113
170,205,7,1,1,1,121
170,249,0,0,0,0,104
170,249,0,1,0,0,112
170,249,0,0,1,0,120
170,249,0,1,1,0,128
170,249,0,0,0,1,101
170,249,0,1,0,1,109
170,249,0,0,1,1,117
170,249,0,1,1,1,125
170,249,1,0,0,0,100
170,249,1,1,0,0,108
170,249,1,0,1,0,116
170,249,1,1,1,0,124
170,249,1,0,0,1,97
170,249,1,1,0,1,105
170,249,1,0,1,1,113
170,249,1,1,1,1,121
170,249,2,0,0,0,96
170,249,2,1,0,0,104
170,249,2,0,1,0,112
170,249,2,1,1,0,120
170,249,2,0,0,1,93
170,249,2,1,0,1,101
170,249,2,0,1,1,109
170,249,2,1,1,1,117
170,249,3,0,0,0,92
170,249,3,1,0,0,100
170,249,3,0,1,0,108
170,249,3,1,1,0,116
170,249,3,0,0,1,89
170,249,3,1,0,1,97
170,249,3,0,1,1,105
170,249,3,1,1,1,113
170,249,4,0,0,0,88
170,249,4,1,0,0,96
170,249,4,0,1,0,104
170,249,4,1,1,0,112
170,249,4,0,0,1,85
170,249,4,1,0,1,93
170,249,4,0,1,1,101
170,249,4,1,1,1,109
170,249,5,0,0,0,92
170,249,5,1,0,0,100
170,249,5,0,1,0,108
170,249,5,1,1,0,116
170,249,5,0,0,1,89
170,249,5,1,0,1,97
170,249,5,0,1,1,105
170,249,5,1,1,1,113
170,249,6,0,0,0,96
170,249,6,1,0,0,104
170,249,6,0,1,0,112
170,249,6,1,1,0,120
170,249,6,0,0,1,93
170,249,6,1,0,1,101
170,249,6,0,1,1,109
170,249,6,1,1,1,117
170,249,7,0,0,0,100
170,249,7,1,0,0,108
170,249,7,0,1,0,116
170,249,7,1,1,0,124
170,249,7,0,0,1,97
170,249,7,1,0,1,105
170,249,7,0,1,1,113
170,249,7,1,1,1,121
170,250,0,0,0,0,104
170,250,0,1,0,0,112
170,250,0,0,1,0,120
170,250,0,1,1,0,128
170,250,0,0,0,1,101
170,250,0,1,0,1,109
170,250,0,0,1,1,117
170,250,0,1,1,1,125
170,250,1,0,0,0,100
170,250,1,1,0,0,108
170,250,1,0,1,0,116
170,250,1,1,1,0,124
170,250,1,0,0,1,97
170,250,1,1,0,1,105
170,250,1,0,1,1,113
170,250,1,1,1,1,121
170,250,2,0,0,0,96
170,250,2,1,0,0,104
170,250,2,0,1,0,112
170,250,2,1,1,0,120
170,250,2,0,0,1,93
170,250,2,1,0,1,101
170,250,2,0,1,1,109
170,250,2,1,1,1,117
170,250,3,0,0,0,92
170,250,3,1,0,0,100
170,250,3,0,1,0,108
170,250,3,1,1,0,116
170,250,3,0,0,1,89
170,250,3,1,0,1,97
170,250,3,0,1,1,105
170,250,3,1,1,1,113
170,250,4,0,0,0,88
170,250,4,1,0,0,96
170,250,4,0,1,0,104
170,250,4,1,1,0,112
170,250,4,0,0,1,85
170,250,4,1,0,1,93
170,250,4,0,1,1,101
170,250,4,1,1,1,109
170,250,5,0,0,0,92
170,250,5,1,0,0,100
170,250,5,0,1,0,108
170,250,5,1,1,0,116
170,250,5,0,0,1,89
170,250,5,1,0,1,97
170,250,5,0,1,1,105
170,250,5,1,1,1,113
170,250,6,0,0,0,96
170,250,6,1,0,0,104
170,250,6,0,1,0,112
170,250,6,1,1,0,120
170,250,6,0,0,1,93
170,250,6,1,0,1,101
170,250,6,0,1,1,109
170,250,6,1,1,1,117
170,250,7,0,0,0,100
170,250,7,1,0,0,108
170,250,7,0,1,0,116
170,250,7,1,1,0,124
170,250,7,0,0,1,97
170,250,7,1,0,1,105
170,250,7,0,1,1,113
170,250,7,1,1,1,121
200,100,0,0,0,0,194
200,100,0,1,0,0,202
200,100,0,0,1,0,210
200,100,0,1,1,0,218
200,100,0,0,0,1,181
200,100,0,1,0,1,189
200,100,0,0,1,1,197
200,100,0,1,1,1,205
200,100,1,0,0,0,190
200,100,1,1,0,0,198
200,100,1,0,1,0,206
200,100,1,1,1,0,214
200,100,1,0,0,1,177
200,100,1,1,0,1,185
200,100,1,0,1,1,193
200,100,1,1,1,1,201
200,100,2,0,0,0,186
200,100,2,1,0,0,194
200,100,2,0,1,0,202
200,100,2,1,1,0,210
200,100,2,0,0,1,173
200,100,2,1,0,1,181
200,100,2,0,1,1,189
200,100,2,1,1,1,197
200,100,3,0,0,0,182
200,100,3,1,0,0,190
200,100,3,0,1,0,198
200,100,3,1,1,0,206
200,100,3,0,0,1,169
200,100,3,1,0,1,177
200,100,3,0,1,1,185
200,100,3,1,1,1,193
200,100,4,0,0,0,178
200,100,4,1,0,0,186
200,100,4,0,1,0,194
200,100,4,1,1,0,202
200,100,4,0,0,1,165
200,100,4,1,0,1,173
200,100,4,0,1,1,181
200,100,4,1,1,1,189
200,100,5,0,0,0,182
200,100,5,1,0,0,190
200,100,5,0,1,0,198
200,100,5,1,1,0,206
200,100,5,0,0,1,169
200,100,5,1,0,1,177
200,100,5,0,1,1,185
200,100,5,1,1,1,193
200,100,6,0,0,0,186
200,100,6,1,0,0,194
200,100,6,0,1,0,202
200,100,6,1,1,0,210
200,100,6,0,0,1,173
200,100,6,1,0,1,181
200,100,6,0,1,1,189
200,100,6,1,1,1,197
200,100,7,0,0,0,190
200,100,7,1,0,0,198
200,100,7,0,1,0,206
200,100,7,1,1,0,214
200,100,7,0,0,1,177
200,100,7,1,0,1,185
200,100,7,0,1,1,193
200,100,7,1,1,1,201
200,140,0,0,0,0,174
200,140,0,1,0,0,182
200,140,0,0,1,0,190
200,140,0,1,1,0,198
200,140,0,0,0,1,156
200,140,0,1,0,1,164
200,140,0,0,1,1,172
200,140,0,1,1,1,180
200,140,1,0,0,0,170
200,140,1,1,0,0,178
200,140,1,0,1,0,186
200,140,1,1,1,0,194
200,140,1,0,0,1,152
200,140,1,1,0,1,160
200,140,1,0,1,1,168
200,140,1,1,1,1,176
200,140,2,0,0,0,166
200,140,2,1,0,0,174
200,140,2,0,1,0,182
200,140,2,1,1,0,190
200,140,2,0,0,1,148
200,140,2,1,0,1,156
200,140,2,0,1,1,164
200,140,2,1,1,1,172
200,140,3,0,0,0,162
200,140,3,1,0,0,170
200,140,3,0,1,0,178
200,140,3,1,1,0,186
200,140,3,0,0,1,144
200,140,3,1,0,1,152
200,140,3,0,1,1,160
200,140,3,1,1,1,168
200,140,4,0,0,0,158
200,140,4,1,0,0,166
200,140,4,0,1,0,174
200,140,4,1,1,0,182
200,140,4,0,0,1,140
200,140,4,1,0,1,148
200,140,4,0,1,1,156
200,140,4,1,1,1,164
200,140,5,0,0,0,162
200,140,5,1,0,0,170
200,140,5,0,1,0,178
200,140,5,1,1,0,186
200,140,5,0,0,1,144
200,140,5,1,0,1,152
200,140,5,0,1,1,160
200,140,5,1,1,1,168
200,140,6,0,0,0,166
200,140,6,1,0,0,174
200,140,6,0,1,0,182
200,140,6,1,1,0,190
200,140,6,0,0,1,148
200,140,6,1,0,1,156
200,140,6,0,1,1,164
200,140,6,1,1,1,172
200,140,7,0,0,0,170
200,140,7,1,0,0,178
200,140,7,0,1,0,186
200,140,7,1,1,0,194
200,140,7,0,0,1,152
200,140,7,1,0,1,160
200,140,7,0,1,1,168
200,140,7,1,1,1,176
200,170,0,0,0,0,159
200,170,0,1,0,0,167
200,170,0,0,1,0,175
200,170,0,1,1,0,183
200,170,0,0,0,1,138
200,170,0,1,0,1,146
200,170,0,0,1,1,154
200,170,0,1,1,1,162
200,170,1,0,0,0,155
200,170,1,1,0,0,163
200,170,1,0,1,0,171
200,170,1,1,1,0,179
200,170,1,0,0,1,134
200,170,1,1,0,1,142
200,170,1,0,1,1,150
200,170,1,1,1,1,158
200,170,2,0,0,0,151
200,170,2,1,0,0,159
200,170,2,0,1,0,167
200,170,2,1,1,0,175
200,170,2,0,0,1,130
200,170,2,1,0,1,138
200,170,2,0,1,1,146
200,170,2,1,1,1,154
200,170,3,0,0,0,147
200,170,3,1,0,0,155
200,170,3,0,1,0,163
200,170,3,1,1,0,171
200,170,3,0,0,1,126
200,170,3,1,0,1,134
200,170,3,0,1,1,142
200,170,3,1,1,1,150
200,170,4,0,0,0,143
200,170,4,1,0,0,151
200,170,4,0,1,0,159
200,170,4,1,1,0,167
200,170,4,0,0,1,122
200,170,4,1,0,1,130
200,170,4,0,1,1,138
200,170,4,1,1,1,146
200,170,5,0,0,0,147
200,170,5,1,0,0,155
200,170,5,0,1,0,163
200,170,5,1,1,0,171
200,170,5,0,0,1,126
200,170,5,1,0,1,134
200,170,5,0,1,1,142
200,170,5,1,1,1,150
200,170,6,0,0,0,151
200,170,6,1,0,0,159
200,170,6,0,1,0,167
200,170,6,1,1,0,175
200,170,6,0,0,1,130
200,170,6,1,0,1,138
200,170,6,0,1,1,146
200,170,6,1,1,1,154
200,170,7,0,0,0,155
200,170,7,1,0,0,163
200,170,7,0,1,0,171
200,170,7,1,1,0,179
200,170,7,0,0,1,134
200,170,7,1,0,1,142
200,170,7,0,1,1,150
200,170,7,1,1,1,158
200,200,0,0,0,0,144
200,200,0,1,0,0,152
200,200,0,0,1,0,160
200,200,0,1,1,0,168
200,200,0,0,0,1,119
200,200,0,1,0,1,127
200,200,0,0,1,1,135
200,200,0,1,1,1,143
200,200,1,0,0,0,140
200,200,1,1,0,0,148
200,200,1,0,1,0,156
200,200,1,1,1,0,164
200,200,1,0,0,1,115
200,200,1,1,0,1,123
200,200,1,0,1,1,131
200,200,1,1,1,1,139
200,200,2,0,0,0,136
200,200,2,1,0,0,144
200,200,2,0,1,0,152
200,200,2,1,1,0,160
200,200,2,0,0,1,111
200,200,2,1,0,1,119
200,200,2,0,1,1,127
200,200,2,1,1,1,135
200,200,3,0,0,0,132
200,200,3,1,0,0,140
200,200,3,0,1,0,148
200,200,3,1,1,0,156
200,200,3,0,0,1,107
200,200,3,1,0,1,115
200,200,3,0,1,1,123
200,200,3,1,1,1,131
200,200,4,0,0,0,128
200,200,4,1,0,0,136
200,200,4,0,1,0,144
200,200,4,1,1,0,152
200,200,4,0,0,1,103
200,200,4,1,0,1,111
200,200,4,0,1,1,119
200,200,4,1,1,1,127
200,200,5,0,0,0,132
200,200,5,1,0,0,140
200,200,5,0,1,0,148
200,200,5,1,1,0,156
200,200,5,0,0,1,107
200,200,5,1,0,1,115
200,200,5,0,1,1,123
200,200,5,1,1,1,131
200,200,6,0,0,0,136
200,200,6,1,0,0,144
200,200,6,0,1,0,152
200,200,6,1,1,0,160
200,200,6,0,0,1,111
200,200,6,1,0,1,119
200,200,6,0,1,1,127
200,200,6,1,1,1,135
200,200,7,0,0,0,140
200,200,7,1,0,0,148
200,200,7,0,1,0,156
200,200,7,1,1,0,164
200,200,7,0,0,1,115
200,200,7,1,0,1,123
200,200,7,0,1,1,131
200,200,7,1,1,1,139
200,204,0,0,0,0,142
200,204,0,1,0,0,150
200,204,0,0,1,0,158
200,204,0,1,1,0,166
200,204,0,0,0,1,116
200,204,0,1,0,1,124
200,204,0,0,1,1,132
200,204,0,1,1,1,140
200,204,1,0,0,0,138
200,204,1,1,0,0,146
200,204,1,0,1,0,154
200,204,1,1,1,0,162
200,204,1,0,0,1,112
200,204,1,1,0,1,120
200,204,1,0,1,1,128
200,204,1,1,1,1,136
200,204,2,0,0,0,134
200,204,2,1,0,0,142
200,204,2,0,1,0,150
200,204,2,1,1,0,158
200,204,2,0,0,1,108
200,204,2,1,0,1,116
200,204,2,0,1,1,124
200,204,2,1,1,1,132
200,204,3,0,0,0,130
200,204,3,1,0,0,138
200,204,3,0,1,0,146
200,204,3,1,1,0,154
200,204,3,0,0,1,104
200,204,3,1,0,1,112
200,204,3,0,1,1,120
200,204,3,1,1,1,128
200,204,4,0,0,0,126
200,204,4,1,0,0,134
200,204,4,0,1,0,142
200,204,4,1,1,0,150
200,204,4,0,0,1,100
200,204,4,1,0,1,108
200,204,4,0,1,1,116
200,204,4,1,1,1,124
200,204,5,0,0,0,130
200,204,5,1,0,0,138
200,204,5,0,1,0,146
200,204,5,1,1,0,154
200,204,5,0,0,1,104
200,204,5,1,0,1,112
200,204,5,0,1,1,120
200,204,5,1,1,1,128
200,204,6,0,0,0,134
200,204,6,1,0,0,142
200,204,6,0,1,0,150
200,204,6,1,1,0,158
200,204,6,0,0,1,108
200,204,6,1,0,1,116
200,204,6,0,1,1,124
200,204,6,1,1,1,132
200,204,7,0,0,0,138
200,204,7,1,0,0,146
200,204,7,0,1,0,154
200,204,7,1,1,0,162
200,204,7,0,0,1,112
200,204,7,1,0,1,120
200,204,7,0,1,1,128
200,204,7,1,1,1,136
200,205,0,0,0,0,141
200,205,0,1,0,0,149
200,205,0,0,1,0,157
200,205,0,1,1,0,165
200,205,0,0,0,1,116
200,205,0,1,0,1,124
200,205,0,0,1,1,132
200,205,0,1,1,1,140
200,205,1,0,0,0,137
200,205,1,1,0,0,145
200,205,1,0,1,0,153
200,205,1,1,1,0,161
200,205,1,0,0,1,112
200,205,1,1,0,1,120
200,205,1,0,1,1,128
200,205,1,1,1,1,136
200,205,2,0,0,0,133
200,205,2,1,0,0,141
200,205,2,0,1,0,149
200,205,2,1,1,0,157
200,205,2,0,0,1,108
200,205,2,1,0,1,116
200,205,2,0,1,1,124
200,205,2,1,1,1,132
200,205,3,0,0,0,129
200,205,3,1,0,0,137
200,205,3,0,1,0,145
200,205,3,1,1,0,153
200,205,3,0,0,1,104
200,205,3,1,0,1,112
200,205,3,0,1,1,120
200,205,3,1,1,1,128
200,205,4,0,0,0,125
200,205,4,1,0,0,133
200,205,4,0,1,0,141
200,205,4,1,1,0,149
200,205,4,0,0,1,100
200,205,4,1,0,1,108
200,205,4,0,1,1,116
200,205,4,1,1,1,124
200,205,5,0,0,0,129
200,205,5,1,0,0,137
200,205,5,0,1,0,145
200,205,5,1,1,0,153
200,205,5,0,0,1,104
200,205,5,1,0,1,112
200,205,5,0,1,1,120
200,205,5,1,1,1,128
200,205,6,0,0,0,133
200,205,6,1,0,0,141
200,205,6,0,1,0,149
200,205,6,1,1,0,157
200,205,6,0,0,1,108
200,205,6,1,0,1,116
200,205,6,0,1,1,124
200,205,6,1,1,1,132
200,205,7,0,0,0,137
200,205,7,1,0,0,145
200,205,7,0,1,0,153
200,205,7,1,1,0,161
200,205,7,0,0,1,112
200,205,7,1,0,1,120
200,205,7,0,1,1,128
200,205,7,1,1,1,136
200,249,0,0,0,0,119
200,249,0,1,0,0,127
200,249,0,0,1,0,135
200,249,0,1,1,0,143
200,249,0,0,0,1,116
200,249,0,1,0,1,124
200,249,0,0,1,1,132
200,249,0,1,1,1,140
200,249,1,0,0,0,115
200,249,1,1,0,0,123
200,249,1,0,1,0,131
200,249,1,1,1,0,139
200,249,1,0,0,1,112
200,249,1,1,0,1,120
200,249,1,0,1,1,128
200,249,1,1,1,1,136
200,249,2,0,0,0,111
200,249,2,1,0,0,119
200,249,2,0,1,0,127
200,249,2,1,1,0,135
200,249,2,0,0,1,108
200,249,2,1,0,1,116
200,249,2,0,1,1,124
200,249,2,1,1,1,132
200,249,3,0,0,0,107
200,249,3,1,0,0,115
200,249,3,0,1,0,123
200,249,3,1,1,0,131
200,249,3,0,0,1,104
200,249,3,1,0,1,112
200,249,3,0,1,1,120
200,249,3,1,1,1,128
200,249,4,0,0,0,103
200,249,4,1,0,0,111
200,249,4,0,1,0,119
200,249,4,1,1,0,127
200,249,4,0,0,1,100
200,249,4,1,0,1,108
200,249,4,0,1,1,116
200,249,4,1,1,1,124
200,249,5,0,0,0,107
200,249,5,1,0,0,115
200,249,5,0,1,0,123
200,249,5,1,1,0,131
200,249,5,0,0,1,104
200,249,5,1,0,1,112
200,249,5,0,1,1,120
200,249,5,1,1,1,128
200,249,6,0,0,0,111
200,249,6,1,0,0,119
200,249,6,0,1,0,127
200,249,6,1,1,0,135
200,249,6,0,0,1,108
200,249,6,1,0,1,116
200,249,6,0,1,1,124
200,249,6,1,1,1,132
200,249,7,0,0,0,115
200,249,7,1,0,0,123
200,249,7,0,1,0,131
200,249,7,1,1,0,139
200,249,7,0,0,1,112
200,249,7,1,0,1,120
200,249,7,0,1,1,128
200,249,7,1,1,1,136
200,250,0,0,0,0,119
200,250,0,1,0,0,127
200,250,0,0,1,0,135
200,250,0,1,1,0,143
200,250,0,0,0,1,116
200,250,0,1,0,1,124
200,250,0,0,1,1,132
200,250,0,1,1,1,140
200,250,1,0,0,0,115
200,250,1,1,0,0,123
200,250,1,0,1,0,131
200,250,1,1,1,0,139
200,250,1,0,0,1,112
200,250,1,1,0,1,120
200,250,1,0,1,1,128
200,250,1,1,1,1,136
200,250,2,0,0,0,111
200,250,2,1,0,0,119
200,250,2,0,1,0,127
200,250,2,1,1,0,135
200,250,2,0,0,1,108
200,250,2,1,0,1,116
200,250,2,0,1,1,124
200,250,2,1,1,1,132
200,250,3,0,0,0,107
200,250,3,1,0,0,115
200,250,3,0,1,0,123
200,250,3,1,1,0,131
200,250,3,0,0,1,104
200,250,3,1,0,1,112
200,250,3,0,1,1,120
200,250,3,1,1,1,128
200,250,4,0,0,0,103
200,250,4,1,0,0,111
200,250,4,0,1,0,119
200,250,4,1,1,0,127
200,250,4,0,0,1,100
200,250,4,1,0,1,108
200,250,4,0,1,1,116
200,250,4,1,1,1,124
200,250,5,0,0,0,107
200,250,5,1,0,0,115
200,250,5,0,1,0,123
200,250,5,1,1,0,131
200,250,5,0,0,1,104
200,250,5,1,0,1,112
200,250,5,0,1,1,120
200,250,5,1,1,1,128
200,250,6,0,0,0,111
200,250,6,1,0,0,119
200,250,6,0,1,0,127
200,250,6,1,1,0,135
200,250,6,0,0,1,108
200,250,6,1,0,1,116
200,250,6,0,1,1,124
200,250,6,1,1,1,132
200,250,7,0,0,0,115
200,250,7,1,0,0,123
200,250,7,0,1,0,131
200,250,7,1,1,0,139
200,250,7,0,0,1,112
200,250,7,1,0,1,120
200,250,7,0,1,1,128
200,250,7,1,1,1,136
204,100,0,0,0,0,196
204,100,0,1,0,0,204
204,100,0,0,1,0,212
204,100,0,1,1,0,220
204,100,0,0,0,1,183
204,100,0,1,0,1,191
204,100,0,0,1,1,199
204,100,0,1,1,1,207
204,100,1,0,0,0,192
204,100,1,1,0,0,200
204,100,1,0,1,0,208
204,100,1,1,1,0,216
204,100,1,0,0,1,179
204,100,1,1,0,1,187
204,100,1,0,1,1,195
204,100,1,1,1,1,203
204,100,2,0,0,0,188
204,100,2,1,0,0,196
204,100,2,0,1,0,204
204,100,2,1,1,0,212
204,100,2,0,0,1,175
204,100,2,1,0,1,183
204,100,2,0,1,1,191
204,100,2,1,1,1,199
204,100,3,0,0,0,184
204,100,3,1,0,0,192
204,100,3,0,1,0,200
204,100,3,1,1,0,208
204,100,3,0,0,1,171
204,100,3,1,0,1,179
204,100,3,0,1,1,187
204,100,3,1,1,1,195
204,100,4,0,0,0,180
204,100,4,1,0,0,188
204,100,4,0,1,0,196
204,100,4,1,1,0,204
204,100,4,0,0,1,167
204,100,4,1,0,1,175
204,100,4,0,1,1,183
204,100,4,1,1,1,191
204,100,5,0,0,0,184
204,100,5,1,0,0,192
204,100,5,0,1,0,200
204,100,5,1,1,0,208
204,100,5,0,0,1,171
204,100,5,1,0,1,179
204,100,5,0,1,1,187
204,100,5,1,1,1,195
204,100,6,0,0,0,188
204,100,6,1,0,0,196
204,100,6,0,1,0,204
204,100,6,1,1,0,212
204,100,6,0,0,1,175
204,100,6,1,0,1,183
204,100,6,0,1,1,191
204,100,6,1,1,1,199
204,100,7,0,0,0,192
204,100,7,1,0,0,200
204,100,7,0,1,0,208
204,100,7,1,1,0,216
204,100,7,0,0,1,179
204,100,7,1,0,1,187
204,100,7,0,1,1,195
204,100,7,1,1,1,203
204,140,0,0,0,0,176
204,140,0,1,0,0,184
204,140,0,0,1,0,192
204,140,0,1,1,0,200
204,140,0,0,0,1,158
204,140,0,1,0,1,166
204,140,0,0,1,1,174
204,140,0,1,1,1,182
204,140,1,0,0,0,172
204,140,1,1,0,0,180
204,140,1,0,1,0,188
204,140,1,1,1,0,196
204,140,1,0,0,1,154
204,140,1,1,0,1,162
204,140,1,0,1,1,170
204,140,1,1,1,1,178
204,140,2,0,0,0,168
204,140,2,1,0,0,176
204,140,2,0,1,0,184
204,140,2,1,1,0,192
204,140,2,0,0,1,150
204,140,2,1,0,1,158
204,140,2,0,1,1,166
204,140,2,1,1,1,174
204,140,3,0,0,0,164
204,140,3,1,0,0,172
204,140,3,0,1,0,180
204,140,3,1,1,0,188
204,140,3,0,0,1,146
204,140,3,1,0,1,154
204,140,3,0,1,1,162
204,140,3,1,1,1,170
204,140,4,0,0,0,160
204,140,4,1,0,0,168
204,140,4,0,1,0,176
204,140,4,1,1,0,184
204,140,4,0,0,1,142
204,140,4,1,0,1,150
204,140,4,0,1,1,158
204,140,4,1,1,1,166
204,140,5,0,0,0,164
204,140,5,1,0,0,172
204,140,5,0,1,0,180
204,140,5,1,1,0,188
204,140,5,0,0,1,146
204,140,5,1,0,1,154
204,140,5,0,1,1,162
204,140,5,1,1,1,170
204,140,6,0,0,0,168
204,140,6,1,0,0,176
204,140,6,0,1,0,184
204,140,6,1,1,0,192
204,140,6,0,0,1,150
204,140,6,1,0,1,158
204,140,6,0,1,1,166
204,140,6,1,1,1,174
204,140,7,0,0,0,172
204,140,7,1,0,0,180
204,140,7,0,1,0,188
204,140,7,1,1,0,196
204,140,7,0,0,1,154
204,140,7,1,0,1,162
204,140,7,0,1,1,170
204,140,7,1,1,1,178
204,170,0,0,0,0,161
204,170,0,1,0,0,169
204,170,0,0,1,0,177
204,170,0,1,1,0,185
204,170,0,0,0,1,140
204,170,0,1,0,1,148
204,170,0,0,1,1,156
204,170,0,1,1,1,164
204,170,1,0,0,0,157
204,170,1,1,0,0,165
204,170,1,0,1,0,173
204,170,1,1,1,0,181
204,170,1,0,0,1,136
204,170,1,1,0,1,144
204,170,1,0,1,1,152
204,170,1,1,1,1,160
204,170,2,0,0,0,153
204,170,2,1,0,0,161
204,170,2,0,1,0,169
204,170,2,1,1,0,177
204,170,2,0,0,1,132
204,170,2,1,0,1,140
204,170,2,0,1,1,148
204,170,2,1,1,1,156
204,170,3,0,0,0,149
204,170,3,1,0,0,157
204,170,3,0,1,0,165
204,170,3,1,1,0,173
204,170,3,0,0,1,128
204,170,3,1,0,1,136
204,170,3,0,1,1,144
204,170,3,1,1,1,152
204,170,4,0,0,0,145
204,170,4,1,0,0,153
204,170,4,0,1,0,161
204,170,4,1,1,0,169
204,170,4,0,0,1,124
204,170,4,1,0,1,132
204,170,4,0,1,1,140
204,170,4,1,1,1,148
204,170,5,0,0,0,149
204,170,5,1,0,0,157
204,170,5,0,1,0,165
204,170,5,1,1,0,173
204,170,5,0,0,1,128
204,170,5,1,0,1,136
204,170,5,0,1,1,144
204,170,5,1,1,1,152
204,170,6,0,0,0,153
204,170,6,1,0,0,161
204,170,6,0,1,0,169
204,170,6,1,1,0,177
204,170,6,0,0,1,132
204,170,6,1,0,1,140
204,170,6,0,1,1,148
204,170,6,1,1,1,156
204,170,7,0,0,0,157
204,170,7,1,0,0,165
204,170,7,0,1,0,173
204,170,7,1,1,0,181
204,170,7,0,0,1,136
204,170,7,1,0,1,144
204,170,7,0,1,1,152
204,170,7,1,1,1,160
204,200,0,0,0,0,146
204,200,0,1,0,0,154
204,200,0,0,1,0,162
204,200,0,1,1,0,170
204,200,0,0,0,1,121
204,200,0,1,0,1,129
204,200,0,0,1,1,137
204,200,0,1,1,1,145
204,200,1,0,0,0,142
204,200,1,1,0,0,150
204,200,1,0,1,0,158
204,200,1,1,1,0,166
204,200,1,0,0,1,117
204,200,1,1,0,1,125
204,200,1,0,1,1,133
204,200,1,1,1,1,141
204,200,2,0,0,0,138
204,200,2,1,0,0,146
204,200,2,0,1,0,154
204,200,2,1,1,0,162
204,200,2,0,0,1,113
204,200,2,1,0,1,121
204,200,2,0,1,1,129
204,200,2,1,1,1,137
204,200,3,0,0,0,134
204,200,3,1,0,0,142
204,200,3,0,1,0,150
204,200,3,1,1,0,158
204,200,3,0,0,1,109
204,200,3,1,0,1,117
204,200,3,0,1,1,125
204,200,3,1,1,1,133
204,200,4,0,0,0,130
204,200,4,1,0,0,138
204,200,4,0,1,0,146
204,200,4,1,1,0,154
204,200,4,0,0,1,105
204,200,4,1,0,1,113
204,200,4,0,1,1,121
204,200,4,1,1,1,129
204,200,5,0,0,0,134
204,200,5,1,0,0,142
204,200,5,0,1,0,150
204,200,5,1,1,0,158
204,200,5,0,0,1,109
204,200,5,1,0,1,117
204,200,5,0,1,1,125
204,200,5,1,1,1,133
204,200,6,0,0,0,138
204,200,6,1,0,0,146
204,200,6,0,1,0,154
204,200,6,1,1,0,162
204,200,6,0,0,1,113
204,200,6,1,0,1,121
204,200,6,0,1,1,129
204,200,6,1,1,1,137
204,200,7,0,0,0,142
204,200,7,1,0,0,150
204,200,7,0,1,0,158
204,200,7,1,1,0,166
204,200,7,0,0,1,117
204,200,7,1,0,1,125
204,200,7,0,1,1,133
204,200,7,1,1,1,141
204,204,0,0,0,0,144
204,204,0,1,0,0,152
204,204,0,0,1,0,160
204,204,0,1,1,0,168
204,204,0,0,0,1,118
204,204,0,1,0,1,126
204,204,0,0,1,1,134
204,204,0,1,1,1,142
204,204,1,0,0,0,140
204,204,1,1,0,0,148
204,204,1,0,1,0,156
204,204,1,1,1,0,164
204,204,1,0,0,1,114
204,204,1,1,0,1,122
204,204,1,0,1,1,130
204,204,1,1,1,1,138
204,204,2,0,0,0,136
204,204,2,1,0,0,144
204,204,2,0,1,0,152
204,204,2,1,1,0,160
204,204,2,0,0,1,110
204,204,2,1,0,1,118
204,204,2,0,1,1,126
204,204,2,1,1,1,134
204,204,3,0,0,0,132
204,204,3,1,0,0,140
204,204,3,0,1,0,148
204,204,3,1,1,0,156
204,204,3,0,0,1,106
204,204,3,1,0,1,114
204,204,3,0,1,1,122
204,204,3,1,1,1,130
204,204,4,0,0,0,128
204,204,4,1,0,0,136
204,204,4,0,1,0,144
204,204,4,1,1,0,152
204,204,4,0,0,1,102
204,204,4,1,0,1,110
204,204,4,0,1,1,118
204,204,4,1,1,1,126
204,204,5,0,0,0,132
204,204,5,1,0,0,140
204,204,5,0,1,0,148
204,204,5,1,1,0,156
204,204,5,0,0,1,106
204,204,5,1,0,1,114
204,204,5,0,1,1,122
204,204,5,1,1,1,130
204,204,6,0,0,0,136
204,204,6,1,0,0,144
204,204,6,0,1,0,152
204,204,6,1,1,0,160
204,204,6,0,0,1,110
204,204,6,1,0,1,118
204,204,6,0,1,1,126
204,204,6,1,1,1,134
204,204,7,0,0,0,140
204,204,7,1,0,0,148
204,204,7,0,1,0,156
204,204,7,1,1,0,164
204,204,7,0,0,1,114
204,204,7,1,0,1,122
204,204,7,0,1,1,130
204,204,7,1,1,1,138
204,205,0,0,0,0,143
204,205,0,1,0,0,151
204,205,0,0,1,0,159
204,205,0,1,1,0,167
204,205,0,0,0,1,118
204,205,0,1,0,1,126
204,205,0,0,1,1,134
204,205,0,1,1,1,142
204,205,1,0,0,0,139
204,205,1,1,0,0,147
204,205,1,0,1,0,155
204,205,1,1,1,0,163
204,205,1,0,0,1,114
204,205,1,1,0,1,122
204,205,1,0,1,1,130
204,205,1,1,1,1,138
204,205,2,0,0,0,135
204,205,2,1,0,0,143
204,205,2,0,1,0,151
204,205,2,1,1,0,159
204,205,2,0,0,1,110
204,205,2,1,0,1,118
204,205,2,0,1,1,126
204,205,2,1,1,1,134
204,205,3,0,0,0,131
204,205,3,1,0,0,139
204,205,3,0,1,0,147
204,205,3,1,1,0,155
204,205,3,0,0,1,106
204,205,3,1,0,1,114
204,205,3,0,1,1,122
204,205,3,1,1,1,130
204,205,4,0,0,0,127
204,205,4,1,0,0,135
204,205,4,0,1,0,143
204,205,4,1,1,0,151
204,205,4,0,0,1,102
204,205,4,1,0,1,110
204,205,4,0,1,1,118
204,205,4,1,1,1,126
204,205,5,0,0,0,131
204,205,5,1,0,0,139
204,205,5,0,1,0,147
204,205,5,1,1,0,155
204,205,5,0,0,1,106
204,205,5,1,0,1,114
204,205,5,0,1,1,122
204,205,5,1,1,1,130
204,205,6,0,0,0,135
204,205,6,1,0,0,143
204,205,6,0,1,0,151
204,205,6,1,1,0,159
204,205,6,0,0,1,110
204,205,6,1,0,1,118
204,205,6,0,1,1,126
204,205,6,1,1,1,134
204,205,7,0,0,0,139
204,205,7,1,0,0,147
204,205,7,0,1,0,155
204,205,7,1,1,0,163
204,205,7,0,0,1,114
204,205,7,1,0,1,122
204,205,7,0,1,1,130
204,205,7,1,1,1,138
204,249,0,0,0,0,121
204,249,0,1,0,0,129
204,249,0,0,1,0,137
204,249,0,1,1,0,145
204,249,0,0,0,1,118
204,249,0,1,0,1,126
204,249,0,0,1,1,134
204,249,0,1,1,1,142
204,249,1,0,0,0,117
204,249,1,1,0,0,125
204,249,1,0,1,0,133
204,249,1,1,1,0,141
204,249,1,0,0,1,114
204,249,1,1,0,1,122
204,249,1,0,1,1,130
204,249,1,1,1,1,138
204,249,2,0,0,0,113
204,249,2,1,0,0,121
204,249,2,0,1,0,129
204,249,2,1,1,0,137
204,249,2,0,0,1,110
204,249,2,1,0,1,118
204,249,2,0,1,1,126
204,249,2,1,1,1,134
204,249,3,0,0,0,109
204,249,3,1,0,0,117
204,249,3,0,1,0,125
204,249,3,1,1,0,133
204,249,3,0,0,1,106
204,249,3,1,0,1,114
204,249,3,0,1,1,122
204,249,3,1,1,1,130
204,249,4,0,0,0,105
204,249,4,1,0,0,113
204,249,4,0,1,0,121
204,249,4,1,1,0,129
204,249,4,0,0,1,102
204,249,4,1,0,1,110
204,249,4,0,1,1,118
204,249,4,1,1,1,126
204,249,5,0,0,0,109
204,249,5,1,0,0,117
204,249,5,0,1,0,125
204,249,5,1,1,0,133
204,249,5,0,0,1,106
204,249,5,1,0,1,114
204,249,5,0,1,1,122
204,249,5,1,1,1,130
204,249,6,0,0,0,113
204,249,6,1,0,0,121
204,249,6,0,1,0,129
204,249,6,1,1,0,137
204,249,6,0,0,1,110
204,249,6,1,0,1,118
204,249,6,0,1,1,126
204,249,6,1,1,1,134
204,249,7,0,0,0,117
204,249,7,1,0,0,125
204,249,7,0,1,0,133
204,249,7,1,1,0,141
204,249,7,0,0,1,114
204,249,7,1,0,1,122
204,249,7,0,1,1,130
204,249,7,1,1,1,138
204,250,0,0,0,0,121
204,250,0,1,0,0,129
204,250,0,0,1,0,137
204,250,0,1,1,0,145
204,250,0,0,0,1,118
204,250,0,1,0,1,126
204,250,0,0,1,1,134
204,250,0,1,1,1,142
204,250,1,0,0,0,117
204,250,1,1,0,0,125
204,250,1,0,1,0,133
204,250,1,1,1,0,141
204,250,1,0,0,1,114
204,250,1,1,0,1,122
204,250,1,0,1,1,130
204,250,1,1,1,1,138
204,250,2,0,0,0,113
204,250,2,1,0,0,121
204,250,2,0,1,0,129
204,250,2,1,1,0,137
204,250,2,0,0,1,110
204,250,2,1,0,1,118
204,250,2,0,1,1,126
204,250,2,1,1,1,134
204,250,3,0,0,0,109
204,250,3,1,0,0,117
204,250,3,0,1,0,125
204,250,3,1,1,0,133
204,250,3,0,0,1,106
204,250,3,1,0,1,114
204,250,3,0,1,1,122
204,250,3,1,1,1,130
204,250,4,0,0,0,105
204,250,4,1,0,0,113
204,250,4,0,1,0,121
204,250,4,1,1,0,129
204,250,4,0,0,1,102
204,250,4,1,0,1,110
204,250,4,0,1,1,118
204,250,4,1,1,1,126
204,250,5,0,0,0,109
204,250,5,1,0,0,117
204,250,5,0,1,0,125
204,250,5,1,1,0,133
204,250,5,0,0,1,106
204,250,5,1,0,1,114
204,250,5,0,1,1,122
204,250,5,1,1,1,130
204,250,6,0,0,0,113
204,250,6,1,0,0,121
204,250,6,0,1,0,129
204,250,6,1,1,0,137
204,250,6,0,0,1,110
204,250,6,1,0,1,118
204,250,6,0,1,1,126
204,250,6,1,1,1,134
204,250,7,0,0,0,117
204,250,7,1,0,0,125
204,250,7,0,1,0,133
204,250,7,1,1,0,141
204,250,7,0,0,1,114
204,250,7,1,0,1,122
204,250,7,0,1,1,130
204,250,7,1,1,1,138
205,100,0,0,0,0,196
205,100,0,1,0,0,204
205,100,0,0,1,0,212
205,100,0,1,1,0,220
205,100,0,0,0,1,184
205,100,0,1,0,1,192
205,100,0,0,1,1,200
205,100,0,1,1,1,208
205,100,1,0,0,0,192
205,100,1,1,0,0,200
205,100,1,0,1,0,208
205,100,1,1,1,0,216
205,100,1,0,0,1,180
205,100,1,1,0,1,188
205,100,1,0,1,1,196
205,100,1,1,1,1,204
205,100,2,0,0,0,188
205,100,2,1,0,0,196
205,100,2,0,1,0,204
205,100,2,1,1,0,212
205,100,2,0,0,1,176
205,100,2,1,0,1,184
205,100,2,0,1,1,192
205,100,2,1,1,1,200
205,100,3,0,0,0,184
205,100,3,1,0,0,192
205,100,3,0,1,0,200
205,100,3,1,1,0,208
205,100,3,0,0,1,172
205,100,3,1,0,1,180
205,100,3,0,1,1,188
205,100,3,1,1,1,196
205,100,4,0,0,0,180
205,100,4,1,0,0,188
205,100,4,0,1,0,196
205,100,4,1,1,0,204
205,100,4,0,0,1,168
205,100,4,1,0,1,176
205,100,4,0,1,1,184
205,100,4,1,1,1,192
205,100,5,0,0,0,184
205,100,5,1,0,0,192
205,100,5,0,1,0,200
205,100,5,1,1,0,208
205,100,5,0,0,1,172
205,100,5,1,0,1,180
205,100,5,0,1,1,188
205,100,5,1,1,1,196
205,100,6,0,0,0,188
205,100,6,1,0,0,196
205,100,6,0,1,0,204
205,100,6,1,1,0,212
205,100,6,0,0,1,176
205,100,6,1,0,1,184
205,100,6,0,1,1,192
205,100,6,1,1,1,200
205,100,7,0,0,0,192
205,100,7,1,0,0,200
205,100,7,0,1,0,208
205,100,7,1,1,0,216
205,100,7,0,0,1,180
205,100,7,1,0,1,188
205,100,7,0,1,1,196
205,100,7,1,1,1,204
205,140,0,0,0,0,176
205,140,0,1,0,0,184
205,140,0,0,1,0,192
205,140,0,1,1,0,200
205,140,0,0,0,1,159
205,140,0,1,0,1,167
205,140,0,0,1,1,175
205,140,0,1,1,1,183
205,140,1,0,0,0,172
205,140,1,1,0,0,180
205,140,1,0,1,0,188
205,140,1,1,1,0,196
205,140,1,0,0,1,155
205,140,1,1,0,1,163
205,140,1,0,1,1,171
205,140,1,1,1,1,179
205,140,2,0,0,0,168
205,140,2,1,0,0,176
205,140,2,0,1,0,184
205,140,2,1,1,0,192
205,140,2,0,0,1,151
205,140,2,1,0,1,159
205,140,2,0,1,1,167
205,140,2,1,1,1,175
205,140,3,0,0,0,164
205,140,3,1,0,0,172
205,140,3,0,1,0,180
205,140,3,1,1,0,188
205,140,3,0,0,1,147
205,140,3,1,0,1,155
205,140,3,0,1,1,163
205,140,3,1,1,1,171
205,140,4,0,0,0,160
205,140,4,1,0,0,168
205,140,4,0,1,0,176
205,140,4,1,1,0,184
205,140,4,0,0,1,143
205,140,4,1,0,1,151
205,140,4,0,1,1,159
205,140,4,1,1,1,167
205,140,5,0,0,0,164
205,140,5,1,0,0,172
205,140,5,0,1,0,180
205,140,5,1,1,0,188
205,140,5,0,0,1,147
205,140,5,1,0,1,155
205,140,5,0,1,1,163
205,140,5,1,1,1,171
205,140,6,0,0,0,168
205,140,6,1,0,0,176
205,140,6,0,1,0,184
205,140,6,1,1,0,192
205,140,6,0,0,1,151
205,140,6,1,0,1,159
205,140,6,0,1,1,167
205,140,6,1,1,1,175
205,140,7,0,0,0,172
205,140,7,1,0,0,180
205,140,7,0,1,0,188
205,140,7,1,1,0,196
205,140,7,0,0,1,155
205,140,7,1,0,1,163
205,140,7,0,1,1,171
205,140,7,1,1,1,179
205,170,0,0,0,0,161
205,170,0,1,0,0,169
205,170,0,0,1,0,177
205,170,0,1,1,0,185
205,170,0,0,0,1,140
205,170,0,1,0,1,148
205,170,0,0,1,1,156
205,170,0,1,1,1,164
205,170,1,0,0,0,157
205,170,1,1,0,0,165
205,170,1,0,1,0,173
205,170,1,1,1,0,181
205,170,1,0,0,1,136
205,170,1,1,0,1,144
205,170,1,0,1,1,152
205,170,1,1,1,1,160
205,170,2,0,0,0,153
205,170,2,1,0,0,161
205,170,2,0,1,0,169
205,170,2,1,1,0,177
205,170,2,0,0,1,132
205,170,2,1,0,1,140
205,170,2,0,1,1,148
205,170,2,1,1,1,156
205,170,3,0,0,0,149
205,170,3,1,0,0,157
205,170,3,0,1,0,165
205,170,3,1,1,0,173
205,170,3,0,0,1,128
205,170,3,1,0,1,136
205,170,3,0,1,1,144
205,170,3,1,1,1,152
205,170,4,0,0,0,145
205,170,4,1,0,0,153
205,170,4,0,1,0,161
205,170,4,1,1,0,169
205,170,4,0,0,1,124
205,170,4,1,0,1,132
205,170,4,0,1,1,140
205,170,4,1,1,1,148
205,170,5,0,0,0,149
205,170,5,1,0,0,157
205,170,5,0,1,0,165
205,170,5,1,1,0,173
205,170,5,0,0,1,128
205,170,5,1,0,1,136
205,170,5,0,1,1,144
205,170,5,1,1,1,152
205,170,6,0,0,0,153
205,170,6,1,0,0,161
205,170,6,0,1,0,169
205,170,6,1,1,0,177
205,170,6,0,0,1,132
205,170,6,1,0,1,140
205,170,6,0,1,1,148
205,170,6,1,1,1,156
205,170,7,0,0,0,157
205,170,7,1,0,0,165
205,170,7,0,1,0,173
205,170,7,1,1,0,181
205,170,7,0,0,1,136
205,170,7,1,0,1,144
205,170,7,0,1,1,152
205,170,7,1,1,1,160
205,200,0,0,0,0,146
205,200,0,1,0,0,154
205,200,0,0,1,0,162
205,200,0,1,1,0,170
205,200,0,0,0,1,121
205,200,0,1,0,1,129
205,200,0,0,1,1,137
205,200,0,1,1,1,145
205,200,1,0,0,0,142
205,200,1,1,0,0,150
205,200,1,0,1,0,158
205,200,1,1,1,0,166
205,200,1,0,0,1,117
205,200,1,1,0,1,125
205,200,1,0,1,1,133
205,200,1,1,1,1,141
205,200,2,0,0,0,138
205,200,2,1,0,0,146
205,200,2,0,1,0,154
205,200,2,1,1,0,162
205,200,2,0,0,1,113
205,200,2,1,0,1,121
205,200,2,0,1,1,129
205,200,2,1,1,1,137
205,200,3,0,0,0,134
205,200,3,1,0,0,142
205,200,3,0,1,0,150
205,200,3,1,1,0,158
205,200,3,0,0,1,109
205,200,3,1,0,1,117
205,200,3,0,1,1,125
205,200,3,1,1,1,133
205,200,4,0,0,0,130
205,200,4,1,0,0,138
205,200,4,0,1,0,146
205,200,4,1,1,0,154
205,200,4,0,0,1,105
205,200,4,1,0,1,113
205,200,4,0,1,1,121
205,200,4,1,1,1,129
205,200,5,0,0,0,134
205,200,5,1,0,0,142
205,200,5,0,1,0,150
205,200,5,1,1,0,158
205,200,5,0,0,1,109
205,200,5,1,0,1,117
205,200,5,0,1,1,125
205,200,5,1,1,1,133
205,200,6,0,0,0,138
205,200,6,1,0,0,146
205,200,6,0,1,0,154
205,200,6,1,1,0,162
205,200,6,0,0,1,113
205,200,6,1,0,1,121
205,200,6,0,1,1,129
205,200,6,1,1,1,137
205,200,7,0,0,0,142
205,200,7,1,0,0,150
205,200,7,0,1,0,158
205,200,7,1,1,0,166
205,200,7,0,0,1,117
205,200,7,1,0,1,125
205,200,7,0,1,1,133
205,200,7,1,1,1,141
205,204,0,0,0,0,144
205,204,0,1,0,0,152
205,204,0,0,1,0,160
205,204,0,1,1,0,168
205,204,0,0,0,1,119
205,204,0,1,0,1,127
205,204,0,0,1,1,135
205,204,0,1,1,1,143
205,204,1,0,0,0,140
205,204,1,1,0,0,148
205,204,1,0,1,0,156
205,204,1,1,1,0,164
205,204,1,0,0,1,115
205,204,1,1,0,1,123
205,204,1,0,1,1,131
205,204,1,1,1,1,139
205,204,2,0,0,0,136
205,204,2,1,0,0,144
205,204,2,0,1,0,152
205,204,2,1,1,0,160
205,204,2,0,0,1,111
205,204,2,1,0,1,119
205,204,2,0,1,1,127
205,204,2,1,1,1,135
205,204,3,0,0,0,132
205,204,3,1,0,0,140
205,204,3,0,1,0,148
205,204,3,1,1,0,156
205,204,3,0,0,1,107
205,204,3,1,0,1,115
205,204,3,0,1,1,123
205,204,3,1,1,1,131
205,204,4,0,0,0,128
205,204,4,1,0,0,136
205,204,4,0,1,0,144
205,204,4,1,1,0,152
205,204,4,0,0,1,103
205,204,4,1,0,1,111
205,204,4,0,1,1,119
205,204,4,1,1,1,127
205,204,5,0,0,0,132
205,204,5,1,0,0,140
205,204,5,0,1,0,148
205,204,5,1,1,0,156
205,204,5,0,0,1,107
205,204,5,1,0,1,115
205,204,5,0,1,1,123
205,204,5,1,1,1,131
205,204,6,0,0,0,136
205,204,6,1,0,0,144
205,204,6,0,1,0,152
205,204,6,1,1,0,160
205,204,6,0,0,1,111
205,204,6,1,0,1,119
205,204,6,0,1,1,127
205,204,6,1,1,1,135
205,204,7,0,0,0,140
205,204,7,1,0,0,148
205,204,7,0,1,0,156
205,204,7,1,1,0,164
205,204,7,0,0,1,115
205,204,7,1,0,1,123
205,204,7,0,1,1,131
205,204,7,1,1,1,139
205,205,0,0,0,0,144
205,205,0,1,0,0,152
205,205,0,0,1,0,160
205,205,0,1,1,0,168
205,205,0,0,0,1,119
205,205,0,1,0,1,127
205,205,0,0,1,1,135
205,205,0,1,1,1,143
205,205,1,0,0,0,140
205,205,1,1,0,0,148
205,205,1,0,1,0,156
205,205,1,1,1,0,164
205,205,1,0,0,1,115
205,205,1,1,0,1,123
205,205,1,0,1,1,131
205,205,1,1,1,1,139
205,205,2,0,0,0,136
205,205,2,1,0,0,144
205,205,2,0,1,0,152
205,205,2,1,1,0,160
205,205,2,0,0,1,111
205,205,2,1,0,1,119
205,205,2,0,1,1,127
205,205,2,1,1,1,135
205,205,3,0,0,0,132
205,205,3,1,0,0,140
205,205,3,0,1,0,148
205,205,3,1,1,0,156
205,205,3,0,0,1,107
205,205,3,1,0,1,115
205,205,3,0,1,1,123
205,205,3,1,1,1,131
205,205,4,0,0,0,128
205,205,4,1,0,0,136
205,205,4,0,1,0,144
205,205,4,1,1,0,152
205,205,4,0,0,1,103
205,205,4,1,0,1,111
205,205,4,0,1,1,119
205,205,4,1,1,1,127
205,205,5,0,0,0,132
205,205,5,1,0,0,140
205,205,5,0,1,0,148
205,205,5,1,1,0,156
205,205,5,0,0,1,107
205,205,5,1,0,1,115
205,205,5,0,1,1,123
205,205,5,1,1,1,131
205,205,6,0,0,0,136
205,205,6,1,0,0,144
205,205,6,0,1,0,152
205,205,6,1,1,0,160
205,205,6,0,0,1,111
205,205,6,1,0,1,119
205,205,6,0,1,1,127
205,205,6,1,1,1,135
205,205,7,0,0,0,140
205,205,7,1,0,0,148
205,205,7,0,1,0,156
205,205,7,1,1,0,164
205,205,7,0,0,1,115
205,205,7,1,0,1,123
205,205,7,0,1,1,131
205,205,7,1,1,1,139
205,249,0,0,0,0,122
205,249,0,1,0,0,130
205,249,0,0,1,0,138
205,249,0,1,1,0,146
205,249,0,0,0,1,119
205,249,0,1,0,1,127
205,249,0,0,1,1,135
205,249,0,1,1,1,143
205,249,1,0,0,0,118
205,249,1,1,0,0,126
205,249,1,0,1,0,134
205,249,1,1,1,0,142
205,249,1,0,0,1,115
205,249,1,1,0,1,123
205,249,1,0,1,1,131
205,249,1,1,1,1,139
205,249,2,0,0,0,114
205,249,2,1,0,0,122
205,249,2,0,1,0,130
205,249,2,1,1,0,138
205,249,2,0,0,1,111
205,249,2,1,0,1,119
205,249,2,0,1,1,127
205,249,2,1,1,1,135
205,249,3,0,0,0,110
205,249,3,1,0,0,118
205,249,3,0,1,0,126
205,249,3,1,1,0,134
205,249,3,0,0,1,107
205,249,3,1,0,1,115
205,249,3,0,1,1,123
205,249,3,1,1,1,131
205,249,4,0,0,0,106
205,249,4,1,0,0,114
205,249,4,0,1,0,122
205,249,4,1,1,0,130
205,249,4,0,0,1,103
205,249,4,1,0,1,111
205,249,4,0,1,1,119
205,249,4,1,1,1,127
205,249,5,0,0,0,110
205,249,5,1,0,0,118
205,249,5,0,1,0,126
205,249,5,1,1,0,134
205,249,5,0,0,1,107
205,249,5,1,0,1,115
205,249,5,0,1,1,123
205,249,5,1,1,1,131
205,249,6,0,0,0,114
205,249,6,1,0,0,122
205,249,6,0,1,0,130
205,249,6,1,1,0,138
205,249,6,0,0,1,111
205,249,6,1,0,1,119
205,249,6,0,1,1,127
205,249,6,1,1,1,135
205,249,7,0,0,0,118
205,249,7,1,0,0,126
205,249,7,0,1,0,134
205,249,7,1,1,0,142
205,249,7,0,0,1,115
205,249,7,1,0,1,123
205,249,7,0,1,1,131
205,249,7,1,1,1,139
205,250,0,0,0,0,121
205,250,0,1,0,0,129
205,250,0,0,1,0,137
205,250,0,1,1,0,145
205,250,0,0,0,1,119
205,250,0,1,0,1,127
205,250,0,0,1,1,135
205,250,0,1,1,1,143
205,250,1,0,0,0,117
205,250,1,1,0,0,125
205,250,1,0,1,0,133
205,250,1,1,1,0,141
205,250,1,0,0,1,115
205,250,1,1,0,1,123
205,250,1,0,1,1,131
205,250,1,1,1,1,139
205,250,2,0,0,0,113
205,250,2,1,0,0,121
205,250,2,0,1,0,129
205,250,2,1,1,0,137
205,250,2,0,0,1,111
205,250,2,1,0,1,119
205,250,2,0,1,1,127
205,250,2,1,1,1,135
205,250,3,0,0,0,109
205,250,3,1,0,0,117
205,250,3,0,1,0,125
205,250,3,1,1,0,133
205,250,3,0,0,1,107
205,250,3,1,0,1,115
205,250,3,0,1,1,123
205,250,3,1,1,1,131
205,250,4,0,0,0,105
205,250,4,1,0,0,113
205,250,4,0,1,0,121
205,250,4,1,1,0,129
205,250,4,0,0,1,103
205,250,4,1,0,1,111
205,250,4,0,1,1,119
205,250,4,1,1,1,127
205,250,5,0,0,0,109
205,250,5,1,0,0,117
205,250,5,0,1,0,125
205,250,5,1,1,0,133
205,250,5,0,0,1,107
205,250,5,1,0,1,115
205,250,5,0,1,1,123
205,250,5,1,1,1,131
205,250,6,0,0,0,113
205,250,6,1,0,0,121
205,250,6,0,1,0,129
205,250,6,1,1,0,137
205,250,6,0,0,1,111
205,250,6,1,0,1,119
205,250,6,0,1,1,127
205,250,6,1,1,1,135
205,250,7,0,0,0,117
205,250,7,1,0,0,125
205,250,7,0,1,0,133
205,250,7,1,1,0,141
205,250,7,0,0,1,115
205,250,7,1,0,1,123
205,250,7,0,1,1,131
205,250,7,1,1,1,139
249,100,0,0,0,0,218
249,100,0,1,0,0,226
249,100,0,0,1,0,234
249,100,0,1,1,0,242
249,100,0,0,0,1,206
249,100,0,1,0,1,214
249,100,0,0,1,1,222
249,100,0,1,1,1,230
249,100,1,0,0,0,214
249,100,1,1,0,0,222
249,100,1,0,1,0,230
249,100,1,1,1,0,238
249,100,1,0,0,1,202
249,100,1,1,0,1,210
249,100,1,0,1,1,218
249,100,1,1,1,1,226
249,100,2,0,0,0,210
249,100,2,1,0,0,218
249,100,2,0,1,0,226
249,100,2,1,1,0,234
249,100,2,0,0,1,198
249,100,2,1,0,1,206
249,100,2,0,1,1,214
249,100,2,1,1,1,222
249,100,3,0,0,0,206
249,100,3,1,0,0,214
249,100,3,0,1,0,222
249,100,3,1,1,0,230
249,100,3,0,0,1,194
249,100,3,1,0,1,202
249,100,3,0,1,1,210
249,100,3,1,1,1,218
249,100,4,0,0,0,202
249,100,4,1,0,0,210
249,100,4,0,1,0,218
249,100,4,1,1,0,226
249,100,4,0,0,1,190
249,100,4,1,0,1,198
249,100,4,0,1,1,206
249,100,4,1,1,1,214
249,100,5,0,0,0,206
249,100,5,1,0,0,214
249,100,5,0,1,0,222
249,100,5,1,1,0,230
249,100,5,0,0,1,194
249,100,5,1,0,1,202
249,100,5,0,1,1,210
249,100,5,1,1,1,218
249,100,6,0,0,0,210
249,100,6,1,0,0,218
249,100,6,0,1,0,226
249,100,6,1,1,0,234
249,100,6,0,0,1,198
249,100,6,1,0,1,206
249,100,6,0,1,1,214
249,100,6,1,1,1,222
249,100,7,0,0,0,214
249,100,7,1,0,0,222
249,100,7,0,1,0,230
249,100,7,1,1,0,238
249,100,7,0,0,1,202
249,100,7,1,0,1,210
249,100,7,0,1,1,218
249,100,7,1,1,1,226
249,140,0,0,0,0,198
249,140,0,1,0,0,206
249,140,0,0,1,0,214
249,140,0,1,1,0,222
249,140,0,0,0,1,181
249,140,0,1,0,1,189
249,140,0,0,1,1,197
249,140,0,1,1,1,205
249,140,1,0,0,0,194
249,140,1,1,0,0,202
249,140,1,0,1,0,210
249,140,1,1,1,0,218
249,140,1,0,0,1,177
249,140,1,1,0,1,185
249,140,1,0,1,1,193
249,140,1,1,1,1,201
249,140,2,0,0,0,190
249,140,2,1,0,0,198
249,140,2,0,1,0,206
249,140,2,1,1,0,214
249,140,2,0,0,1,173
249,140,2,1,0,1,181
249,140,2,0,1,1,189
249,140,2,1,1,1,197
249,140,3,0,0,0,186
249,140,3,1,0,0,194
249,140,3,0,1,0,202
249,140,3,1,1,0,210
249,140,3,0,0,1,169
249,140,3,1,0,1,177
249,140,3,0,1,1,185
249,140,3,1,1,1,193
249,140,4,0,0,0,182
249,140,4,1,0,0,190
249,140,4,0,1,0,198
249,140,4,1,1,0,206
249,140,4,0,0,1,165
249,140,4,1,0,1,173
249,140,4,0,1,1,181
249,140,4,1,1,1,189
249,140,5,0,0,0,186
249,140,5,1,0,0,194
249,140,5,0,1,0,202
249,140,5,1,1,0,210
249,140,5,0,0,1,169
249,140,5,1,0,1,177
249,140,5,0,1,1,185
249,140,5,1,1,1,193
249,140,6,0,0,0,190
249,140,6,1,0,0,198
249,140,6,0,1,0,206
249,140,6,1,1,0,214
249,140,6,0,0,1,173
249,140,6,1,0,1,181
249,140,6,0,1,1,189
249,140,6,1,1,1,197
249,140,7,0,0,0,194
249,140,7,1,0,0,202
249,140,7,0,1,0,210
249,140,7,1,1,0,218
249,140,7,0,0,1,177
249,140,7,1,0,1,185
249,140,7,0,1,1,193
249,140,7,1,1,1,201
249,170,0,0,0,0,183
249,170,0,1,0,0,191
249,170,0,0,1,0,199
249,170,0,1,1,0,207
249,170,0,0,0,1,162
249,170,0,1,0,1,170
249,170,0,0,1,1,178
249,170,0,1,1,1,186
249,170,1,0,0,0,179
249,170,1,1,0,0,187
249,170,1,0,1,0,195
249,170,1,1,1,0,203
249,170,1,0,0,1,158
249,170,1,1,0,1,166
249,170,1,0,1,1,174
249,170,1,1,1,1,182
249,170,2,0,0,0,175
249,170,2,1,0,0,183
249,170,2,0,1,0,191
249,170,2,1,1,0,199
249,170,2,0,0,1,154
249,170,2,1,0,1,162
249,170,2,0,1,1,170
249,170,2,1,1,1,178
249,170,3,0,0,0,171
249,170,3,1,0,0,179
249,170,3,0,1,0,187
249,170,3,1,1,0,195
249,170,3,0,0,1,150
249,170,3,1,0,1,158
249,170,3,0,1,1,166
249,170,3,1,1,1,174
249,170,4,0,0,0,167
249,170,4,1,0,0,175
249,170,4,0,1,0,183
249,170,4,1,1,0,191
249,170,4,0,0,1,146
249,170,4,1,0,1,154
249,170,4,0,1,1,162
249,170,4,1,1,1,170
249,170,5,0,0,0,171
249,170,5,1,0,0,179
249,170,5,0,1,0,187
249,170,5,1,1,0,195
249,170,5,0,0,1,150
249,170,5,1,0,1,158
249,170,5,0,1,1,166
249,170,5,1,1,1,174
249,170,6,0,0,0,175
249,170,6,1,0,0,183
249,170,6,0,1,0,191
249,170,6,1,1,0,199
249,170,6,0,0,1,154
249,170,6,1,0,1,162
249,170,6,0,1,1,170
249,170,6,1,1,1,178
249,170,7,0,0,0,179
249,170,7,1,0,0,187
249,170,7,0,1,0,195
249,170,7,1,1,0,203
249,170,7,0,0,1,158
249,170,7,1,0,1,166
249,170,7,0,1,1,174
249,170,7,1,1,1,182
249,200,0,0,0,0,168
249,200,0,1,0,0,176
249,200,0,0,1,0,184
249,200,0,1,1,0,192
249,200,0,0,0,1,143
249,200,0,1,0,1,151
249,200,0,0,1,1,159
249,200,0,1,1,1,167
249,200,1,0,0,0,164
249,200,1,1,0,0,172
249,200,1,0,1,0,180
249,200,1,1,1,0,188
249,200,1,0,0,1,139
249,200,1,1,0,1,147
249,200,1,0,1,1,155
249,200,1,1,1,1,163
249,200,2,0,0,0,160
249,200,2,1,0,0,168
249,200,2,0,1,0,176
249,200,2,1,1,0,184
249,200,2,0,0,1,135
249,200,2,1,0,1,143
249,200,2,0,1,1,151
249,200,2,1,1,1,159
249,200,3,0,0,0,156
249,200,3,1,0,0,164
249,200,3,0,1,0,172
249,200,3,1,1,0,180
249,200,3,0,0,1,131
249,200,3,1,0,1,139
249,200,3,0,1,1,147
249,200,3,1,1,1,155
249,200,4,0,0,0,152
249,200,4,1,0,0,160
249,200,4,0,1,0,168
249,200,4,1,1,0,176
249,200,4,0,0,1,127
249,200,4,1,0,1,135
249,200,4,0,1,1,143
249,200,4,1,1,1,151
249,200,5,0,0,0,156
249,200,5,1,0,0,164
249,200,5,0,1,0,172
249,200,5,1,1,0,180
249,200,5,0,0,1,131
249,200,5,1,0,1,139
249,200,5,0,1,1,147
249,200,5,1,1,1,155
249,200,6,0,0,0,160
249,200,6,1,0,0,168
249,200,6,0,1,0,176
249,200,6,1,1,0,184
249,200,6,0,0,1,135
249,200,6,1,0,1,143
249,200,6,0,1,1,151
249,200,6,1,1,1,159
249,200,7,0,0,0,164
249,200,7,1,0,0,172
249,200,7,0,1,0,180
249,200,7,1,1,0,188
249,200,7,0,0,1,139
249,200,7,1,0,1,147
249,200,7,0,1,1,155
249,200,7,1,1,1,163
249,204,0,0,0,0,166
249,204,0,1,0,0,174
249,204,0,0,1,0,182
249,204,0,1,1,0,190
249,204,0,0,0,1,141
249,204,0,1,0,1,149
249,204,0,0,1,1,157
249,204,0,1,1,1,165
249,204,1,0,0,0,162
249,204,1,1,0,0,170
249,204,1,0,1,0,178
249,204,1,1,1,0,186
249,204,1,0,0,1,137
249,204,1,1,0,1,145
249,204,1,0,1,1,153
249,204,1,1,1,1,161
249,204,2,0,0,0,158
249,204,2,1,0,0,166
249,204,2,0,1,0,174
249,204,2,1,1,0,182
249,204,2,0,0,1,133
249,204,2,1,0,1,141
249,204,2,0,1,1,149
249,204,2,1,1,1,157
249,204,3,0,0,0,154
249,204,3,1,0,0,162
249,204,3,0,1,0,170
249,204,3,1,1,0,178
249,204,3,0,0,1,129
249,204,3,1,0,1,137
249,204,3,0,1,1,145
249,204,3,1,1,1,153
249,204,4,0,0,0,150
249,204,4,1,0,0,158
249,204,4,0,1,0,166
249,204,4,1,1,0,174
249,204,4,0,0,1,125
249,204,4,1,0,1,133
249,204,4,0,1,1,141
249,204,4,1,1,1,149
249,204,5,0,0,0,154
249,204,5,1,0,0,162
249,204,5,0,1,0,170
249,204,5,1,1,0,178
249,204,5,0,0,1,129
249,204,5,1,0,1,137
249,204,5,0,1,1,145
249,204,5,1,1,1,153
249,204,6,0,0,0,158
249,204,6,1,0,0,166
249,204,6,0,1,0,174
249,204,6,1,1,0,182
249,204,6,0,0,1,133
249,204,6,1,0,1,141
249,204,6,0,1,1,149
249,204,6,1,1,1,157
249,204,7,0,0,0,162
249,204,7,1,0,0,170
249,204,7,0,1,0,178
249,204,7,1,1,0,186
249,204,7,0,0,1,137
249,204,7,1,0,1,145
249,204,7,0,1,1,153
249,204,7,1,1,1,161
249,205,0,0,0,0,166
249,205,0,1,0,0,174
249,205,0,0,1,0,182
249,205,0,1,1,0,190
249,205,0,0,0,1,141
249,205,0,1,0,1,149
249,205,0,0,1,1,157
249,205,0,1,1,1,165
249,205,1,0,0,0,162
249,205,1,1,0,0,170
249,205,1,0,1,0,178
249,205,1,1,1,0,186
249,205,1,0,0,1,137
249,205,1,1,0,1,145
249,205,1,0,1,1,153
249,205,1,1,1,1,161
249,205,2,0,0,0,158
249,205,2,1,0,0,166
249,205,2,0,1,0,174
249,205,2,1,1,0,182
249,205,2,0,0,1,133
249,205,2,1,0,1,141
249,205,2,0,1,1,149
249,205,2,1,1,1,157
249,205,3,0,0,0,154
249,205,3,1,0,0,162
249,205,3,0,1,0,170
249,205,3,1,1,0,178
249,205,3,0,0,1,129
249,205,3,1,0,1,137
249,205,3,0,1,1,145
249,205,3,1,1,1,153
249,205,4,0,0,0,150
249,205,4,1,0,0,158
249,205,4,0,1,0,166
249,205,4,1,1,0,174
249,205,4,0,0,1,125
249,205,4,1,0,1,133
249,205,4,0,1,1,141
249,205,4,1,1,1,149
249,205,5,0,0,0,154
249,205,5,1,0,0,162
249,205,5,0,1,0,170
249,205,5,1,1,0,178
249,205,5,0,0,1,129
249,205,5,1,0,1,137
249,205,5,0,1,1,145
249,205,5,1,1,1,153
249,205,6,0,0,0,158
249,205,6,1,0,0,166
249,205,6,0,1,0,174
249,205,6,1,1,0,182
249,205,6,0,0,1,133
249,205,6,1,0,1,141
249,205,6,0,1,1,149
249,205,6,1,1,1,157
249,205,7,0,0,0,162
249,205,7,1,0,0,170
249,205,7,0,1,0,178
249,205,7,1,1,0,186
249,205,7,0,0,1,137
249,205,7,1,0,1,145
249,205,7,0,1,1,153
249,205,7,1,1,1,161
249,249,0,0,0,0,144
249,249,0,1,0,0,152
249,249,0,0,1,0,160
249,249,0,1,1,0,168
249,249,0,0,0,1,141
249,249,0,1,0,1,149
249,249,0,0,1,1,157
249,249,0,1,1,1,165
249,249,1,0,0,0,140
249,249,1,1,0,0,148
249,249,1,0,1,0,156
249,249,1,1,1,0,164
249,249,1,0,0,1,137
249,249,1,1,0,1,145
249,249,1,0,1,1,153
249,249,1,1,1,1,161
249,249,2,0,0,0,136
249,249,2,1,0,0,144
249,249,2,0,1,0,152
249,249,2,1,1,0,160
249,249,2,0,0,1,133
249,249,2,1,0,1,141
249,249,2,0,1,1,149
249,249,2,1,1,1,157
249,249,3,0,0,0,132
249,249,3,1,0,0,140
249,249,3,0,1,0,148
249,249,3,1,1,0,156
249,249,3,0,0,1,129
249,249,3,1,0,1,137
249,249,3,0,1,1,145
249,249,3,1,1,1,153
249,249,4,0,0,0,128
249,249,4,1,0,0,136
249,249,4,0,1,0,144
249,249,4,1,1,0,152
249,249,4,0,0,1,125
249,249,4,1,0,1,133
249,249,4,0,1,1,141
249,249,4,1,1,1,149
249,249,5,0,0,0,132
249,249,5,1,0,0,140
249,249,5,0,1,0,148
249,249,5,1,1,0,156
249,249,5,0,0,1,129
249,249,5,1,0,1,137
249,249,5,0,1,1,145
249,249,5,1,1,1,153
249,249,6,0,0,0,136
249,249,6,1,0,0,144
249,249,6,0,1,0,152
249,249,6,1,1,0,160
249,249,6,0,0,1,133
249,249,6,1,0,1,141
249,249,6,0,1,1,149
249,249,6,1,1,1,157
249,249,7,0,0,0,140
249,249,7,1,0,0,148
249,249,7,0,1,0,156
249,249,7,1,1,0,164
249,249,7,0,0,1,137
249,249,7,1,0,1,145
249,249,7,0,1,1,153
249,249,7,1,1,1,161
249,250,0,0,0,0,143
249,250,0,1,0,0,151
249,250,0,0,1,0,159
249,250,0,1,1,0,167
249,250,0,0,0,1,141
249,250,0,1,0,1,149
249,250,0,0,1,1,157
249,250,0,1,1,1,165
249,250,1,0,0,0,139
249,250,1,1,0,0,147
249,250,1,0,1,0,155
249,250,1,1,1,0,163
249,250,1,0,0,1,137
249,250,1,1,0,1,145
249,250,1,0,1,1,153
249,250,1,1,1,1,161
249,250,2,0,0,0,135
249,250,2,1,0,0,143
249,250,2,0,1,0,151
249,250,2,1,1,0,159
249,250,2,0,0,1,133
249,250,2,1,0,1,141
249,250,2,0,1,1,149
249,250,2,1,1,1,157
249,250,3,0,0,0,131
249,250,3,1,0,0,139
249,250,3,0,1,0,147
249,250,3,1,1,0,155
249,250,3,0,0,1,129
249,250,3,1,0,1,137
249,250,3,0,1,1,145
249,250,3,1,1,1,153
249,250,4,0,0,0,127
249,250,4,1,0,0,135
249,250,4,0,1,0,143
249,250,4,1,1,0,151
249,250,4,0,0,1,125
249,250,4,1,0,1,133
249,250,4,0,1,1,141
249,250,4,1,1,1,149
249,250,5,0,0,0,131
249,250,5,1,0,0,139
249,250,5,0,1,0,147
249,250,5,1,1,0,155
249,250,5,0,0,1,129
249,250,5,1,0,1,137
249,250,5,0,1,1,145
249,250,5,1,1,1,153
249,250,6,0,0,0,135
249,250,6,1,0,0,143
249,250,6,0,1,0,151
249,250,6,1,1,0,159
249,250,6,0,0,1,133
249,250,6,1,0,1,141
249,250,6,0,1,1,149
249,250,6,1,1,1,157
249,250,7,0,0,0,139
249,250,7,1,0,0,147
249,250,7,0,1,0,155
249,250,7,1,1,0,163
249,250,7,0,0,1,137
249,250,7,1,0,1,145
249,250,7,0,1,1,153
249,250,7,1,1,1,161
250,100,0,0,0,0,219
250,100,0,1,0,0,227
250,100,0,0,1,0,235
250,100,0,1,1,0,243
250,100,0,0,0,1,206
250,100,0,1,0,1,214
250,100,0,0,1,1,222
250,100,0,1,1,1,230
250,100,1,0,0,0,215
250,100,1,1,0,0,223
250,100,1,0,1,0,231
250,100,1,1,1,0,239
250,100,1,0,0,1,202
250,100,1,1,0,1,210
250,100,1,0,1,1,218
250,100,1,1,1,1,226
250,100,2,0,0,0,211
250,100,2,1,0,0,219
250,100,2,0,1,0,227
250,100,2,1,1,0,235
250,100,2,0,0,1,198
250,100,2,1,0,1,206
250,100,2,0,1,1,214
250,100,2,1,1,1,222
250,100,3,0,0,0,207
250,100,3,1,0,0,215
250,100,3,0,1,0,223
250,100,3,1,1,0,231
250,100,3,0,0,1,194
250,100,3,1,0,1,202
250,100,3,0,1,1,210
250,100,3,1,1,1,218
250,100,4,0,0,0,203
250,100,4,1,0,0,211
250,100,4,0,1,0,219
250,100,4,1,1,0,227
250,100,4,0,0,1,190
250,100,4,1,0,1,198
250,100,4,0,1,1,206
250,100,4,1,1,1,214
250,100,5,0,0,0,207
250,100,5,1,0,0,215
250,100,5,0,1,0,223
250,100,5,1,1,0,231
250,100,5,0,0,1,194
250,100,5,1,0,1,202
250,100,5,0,1,1,210
250,100,5,1,1,1,218
250,100,6,0,0,0,211
250,100,6,1,0,0,219
250,100,6,0,1,0,227
250,100,6,1,1,0,235
250,100,6,0,0,1,198
250,100,6,1,0,1,206
250,100,6,0,1,1,214
250,100,6,1,1,1,222
250,100,7,0,0,0,215
250,100,7,1,0,0,223
250,100,7,0,1,0,231
250,100,7,1,1,0,239
250,100,7,0,0,1,202
250,100,7,1,0,1,210
250,100,7,0,1,1,218
250,100,7,1,1,1,226
250,140,0,0,0,0,199
250,140,0,1,0,0,207
250,140,0,0,1,0,215
250,140,0,1,1,0,223
250,140,0,0,0,1,181
250,140,0,1,0,1,189
250,140,0,0,1,1,197
250,140,0,1,1,1,205
250,140,1,0,0,0,195
250,140,1,1,0,0,203
250,140,1,0,1,0,211
250,140,1,1,1,0,219
250,140,1,0,0,1,177
250,140,1,1,0,1,185
250,140,1,0,1,1,193
250,140,1,1,1,1,201
250,140,2,0,0,0,191
250,140,2,1,0,0,199
250,140,2,0,1,0,207
250,140,2,1,1,0,215
250,140,2,0,0,1,173
250,140,2,1,0,1,181
250,140,2,0,1,1,189
250,140,2,1,1,1,197
250,140,3,0,0,0,187
250,140,3,1,0,0,195
250,140,3,0,1,0,203
250,140,3,1,1,0,211
250,140,3,0,0,1,169
250,140,3,1,0,1,177
250,140,3,0,1,1,185
250,140,3,1,1,1,193
250,140,4,0,0,0,183
250,140,4,1,0,0,191
250,140,4,0,1,0,199
250,140,4,1,1,0,207
250,140,4,0,0,1,165
250,140,4,1,0,1,173
250,140,4,0,1,1,181
250,140,4,1,1,1,189
250,140,5,0,0,0,187
250,140,5,1,0,0,195
250,140,5,0,1,0,203
250,140,5,1,1,0,211
250,140,5,0,0,1,169
250,140,5,1,0,1,177
250,140,5,0,1,1,185
250,140,5,1,1,1,193
250,140,6,0,0,0,191
250,140,6,1,0,0,199
250,140,6,0,1,0,207
250,140,6,1,1,0,215
250,140,6,0,0,1,173
250,140,6,1,0,1,181
250,140,6,0,1,1,189
250,140,6,1,1,1,197
250,140,7,0,0,0,195
250,140,7,1,0,0,203
250,140,7,0,1,0,211
250,140,7,1,1,0,219
250,140,7,0,0,1,177
250,140,7,1,0,1,185
250,140,7,0,1,1,193
250,140,7,1,1,1,201
250,170,0,0,0,0,184
250,170,0,1,0,0,192
250,170,0,0,1,0,200
250,170,0,1,1,0,208
250,170,0,0,0,1,163
250,170,0,1,0,1,171
250,170,0,0,1,1,179
250,170,0,1,1,1,187
250,170,1,0,0,0,180
250,170,1,1,0,0,188
250,170,1,0,1,0,196
250,170,1,1,1,0,204
250,170,1,0,0,1,159
250,170,1,1,0,1,167
250,170,1,0,1,1,175
250,170,1,1,1,1,183
250,170,2,0,0,0,176
250,170,2,1,0,0,184
250,170,2,0,1,0,192
250,170,2,1,1,0,200
250,170,2,0,0,1,155
250,170,2,1,0,1,163
250,170,2,0,1,1,171
250,170,2,1,1,1,179
250,170,3,0,0,0,172
250,170,3,1,0,0,180
250,170,3,0,1,0,188
250,170,3,1,1,0,196
250,170,3,0,0,1,151
250,170,3,1,0,1,159
250,170,3,0,1,1,167
250,170,3,1,1,1,175
250,170,4,0,0,0,168
250,170,4,1,0,0,176
250,170,4,0,1,0,184
250,170,4,1,1,0,192
250,170,4,0,0,1,147
250,170,4,1,0,1,155
250,170,4,0,1,1,163
250,170,4,1,1,1,171
250,170,5,0,0,0,172
250,170,5,1,0,0,180
250,170,5,0,1,0,188
250,170,5,1,1,0,196
250,170,5,0,0,1,151
250,170,5,1,0,1,159
250,170,5,0,1,1,167
250,170,5,1,1,1,175
250,170,6,0,0,0,176
250,170,6,1,0,0,184
250,170,6,0,1,0,192
250,170,6,1,1,0,200
250,170,6,0,0,1,155
250,170,6,1,0,1,163
250,170,6,0,1,1,171
250,170,6,1,1,1,179
250,170,7,0,0,0,180
250,170,7,1,0,0,188
250,170,7,0,1,0,196
250,170,7,1,1,0,204
250,170,7,0,0,1,159
250,170,7,1,0,1,167
250,170,7,0,1,1,175
250,170,7,1,1,1,183
250,200,0,0,0,0,169
250,200,0,1,0,0,177
250,200,0,0,1,0,185
250,200,0,1,1,0,193
250,200,0,0,0,1,144
250,200,0,1,0,1,152
250,200,0,0,1,1,160
250,200,0,1,1,1,168
250,200,1,0,0,0,165
250,200,1,1,0,0,173
250,200,1,0,1,0,181
250,200,1,1,1,0,189
250,200,1,0,0,1,140
250,200,1,1,0,1,148
250,200,1,0,1,1,156
250,200,1,1,1,1,164
250,200,2,0,0,0,161
250,200,2,1,0,0,169
250,200,2,0,1,0,177
250,200,2,1,1,0,185
250,200,2,0,0,1,136
250,200,2,1,0,1,144
250,200,2,0,1,1,152
250,200,2,1,1,1,160
250,200,3,0,0,0,157
250,200,3,1,0,0,165
250,200,3,0,1,0,173
250,200,3,1,1,0,181
250,200,3,0,0,1,132
250,200,3,1,0,1,140
250,200,3,0,1,1,148
250,200,3,1,1,1,156
250,200,4,0,0,0,153
250,200,4,1,0,0,161
250,200,4,0,1,0,169
250,200,4,1,1,0,177
250,200,4,0,0,1,128
250,200,4,1,0,1,136
250,200,4,0,1,1,144
250,200,4,1,1,1,152
250,200,5,0,0,0,157
250,200,5,1,0,0,165
250,200,5,0,1,0,173
250,200,5,1,1,0,181
250,200,5,0,0,1,132
250,200,5,1,0,1,140
250,200,5,0,1,1,148
250,200,5,1,1,1,156
250,200,6,0,0,0,161
250,200,6,1,0,0,169
250,200,6,0,1,0,177
250,200,6,1,1,0,185
250,200,6,0,0,1,136
250,200,6,1,0,1,144
250,200,6,0,1,1,152
250,200,6,1,1,1,160
250,200,7,0,0,0,165
250,200,7,1,0,0,173
250,200,7,0,1,0,181
250,200,7,1,1,0,189
250,200,7,0,0,1,140
250,200,7,1,0,1,148
250,200,7,0,1,1,156
250,200,7,1,1,1,164
250,204,0,0,0,0,167
250,204,0,1,0,0,175
250,204,0,0,1,0,183
250,204,0,1,1,0,191
250,204,0,0,0,1,141
250,204,0,1,0,1,149
250,204,0,0,1,1,157
250,204,0,1,1,1,165
250,204,1,0,0,0,163
250,204,1,1,0,0,171
250,204,1,0,1,0,179
250,204,1,1,1,0,187
250,204,1,0,0,1,137
250,204,1,1,0,1,145
250,204,1,0,1,1,153
250,204,1,1,1,1,161
250,204,2,0,0,0,159
250,204,2,1,0,0,167
250,204,2,0,1,0,175
250,204,2,1,1,0,183
250,204,2,0,0,1,133
250,204,2,1,0,1,141
250,204,2,0,1,1,149
250,204,2,1,1,1,157
250,204,3,0,0,0,155
250,204,3,1,0,0,163
250,204,3,0,1,0,171
250,204,3,1,1,0,179
250,204,3,0,0,1,129
250,204,3,1,0,1,137
250,204,3,0,1,1,145
250,204,3,1,1,1,153
250,204,4,0,0,0,151
250,204,4,1,0,0,159
250,204,4,0,1,0,167
250,204,4,1,1,0,175
250,204,4,0,0,1,125
250,204,4,1,0,1,133
250,204,4,0,1,1,141
250,204,4,1,1,1,149
250,204,5,0,0,0,155
250,204,5,1,0,0,163
250,204,5,0,1,0,171
250,204,5,1,1,0,179
250,204,5,0,0,1,129
250,204,5,1,0,1,137
250,204,5,0,1,1,145
250,204,5,1,1,1,153
250,204,6,0,0,0,159
250,204,6,1,0,0,167
250,204,6,0,1,0,175
250,204,6,1,1,0,183
250,204,6,0,0,1,133
250,204,6,1,0,1,141
250,204,6,0,1,1,149
250,204,6,1,1,1,157
250,204,7,0,0,0,163
250,204,7,1,0,0,171
250,204,7,0,1,0,179
250,204,7,1,1,0,187
250,204,7,0,0,1,137
250,204,7,1,0,1,145
250,204,7,0,1,1,153
250,204,7,1,1,1,161
250,205,0,0,0,0,166
250,205,0,1,0,0,174
250,205,0,0,1,0,182
250,205,0,1,1,0,190
250,205,0,0,0,1,141
250,205,0,1,0,1,149
250,205,0,0,1,1,157
250,205,0,1,1,1,165
250,205,1,0,0,0,162
250,205,1,1,0,0,170
250,205,1,0,1,0,178
250,205,1,1,1,0,186
250,205,1,0,0,1,137
250,205,1,1,0,1,145
250,205,1,0,1,1,153
250,205,1,1,1,1,161
250,205,2,0,0,0,158
250,205,2,1,0,0,166
250,205,2,0,1,0,174
250,205,2,1,1,0,182
250,205,2,0,0,1,133
250,205,2,1,0,1,141
250,205,2,0,1,1,149
250,205,2,1,1,1,157
250,205,3,0,0,0,154
250,205,3,1,0,0,162
250,205,3,0,1,0,170
250,205,3,1,1,0,178
250,205,3,0,0,1,129
250,205,3,1,0,1,137
250,205,3,0,1,1,145
250,205,3,1,1,1,153
250,205,4,0,0,0,150
250,205,4,1,0,0,158
250,205,4,0,1,0,166
250,205,4,1,1,0,174
250,205,4,0,0,1,125
250,205,4,1,0,1,133
250,205,4,0,1,1,141
250,205,4,1,1,1,149
250,205,5,0,0,0,154
250,205,5,1,0,0,162
250,205,5,0,1,0,170
250,205,5,1,1,0,178
250,205,5,0,0,1,129
250,205,5,1,0,1,137
250,205,5,0,1,1,145
250,205,5,1,1,1,153
250,205,6,0,0,0,158
250,205,6,1,0,0,166
250,205,6,0,1,0,174
250,205,6,1,1,0,182
250,205,6,0,0,1,133
250,205,6,1,0,1,141
250,205,6,0,1,1,149
250,205,6,1,1,1,157
250,205,7,0,0,0,162
250,205,7,1,0,0,170
250,205,7,0,1,0,178
250,205,7,1,1,0,186
250,205,7,0,0,1,137
250,205,7,1,0,1,145
250,205,7,0,1,1,153
250,205,7,1,1,1,161
250,249,0,0,0,0,144
250,249,0,1,0,0,152
250,249,0,0,1,0,160
250,249,0,1,1,0,168
250,249,0,0,0,1,141
250,249,0,1,0,1,149
250,249,0,0,1,1,157
250,249,0,1,1,1,165
250,249,1,0,0,0,140
250,249,1,1,0,0,148
250,249,1,0,1,0,156
250,249,1,1,1,0,164
250,249,1,0,0,1,137
250,249,1,1,0,1,145
250,249,1,0,1,1,153
250,249,1,1,1,1,161
250,249,2,0,0,0,136
250,249,2,1,0,0,144
250,249,2,0,1,0,152
250,249,2,1,1,0,160
250,249,2,0,0,1,133
250,249,2,1,0,1,141
250,249,2,0,1,1,149
250,249,2,1,1,1,157
250,249,3,0,0,0,132
250,249,3,1,0,0,140
250,249,3,0,1,0,148
250,249,3,1,1,0,156
250,249,3,0,0,1,129
250,249,3,1,0,1,137
250,249,3,0,1,1,145
250,249,3,1,1,1,153
250,249,4,0,0,0,128
250,249,4,1,0,0,136
250,249,4,0,1,0,144
250,249,4,1,1,0,152
250,249,4,0,0,1,125
250,249,4,1,0,1,133
250,249,4,0,1,1,141
250,249,4,1,1,1,149
250,249,5,0,0,0,132
250,249,5,1,0,0,140
250,249,5,0,1,0,148
250,249,5,1,1,0,156
250,249,5,0,0,1,129
250,249,5,1,0,1,137
250,249,5,0,1,1,145
250,249,5,1,1,1,153
250,249,6,0,0,0,136
250,249,6,1,0,0,144
250,249,6,0,1,0,152
250,249,6,1,1,0,160
250,249,6,0,0,1,133
250,249,6,1,0,1,141
250,249,6,0,1,1,149
250,249,6,1,1,1,157
250,249,7,0,0,0,140
250,249,7,1,0,0,148
250,249,7,0,1,0,156
250,249,7,1,1,0,164
250,249,7,0,0,1,137
250,249,7,1,0,1,145
250,249,7,0,1,1,153
250,249,7,1,1,1,161
250,250,0,0,0,0,144
250,250,0,1,0,0,152
250,250,0,0,1,0,160
250,250,0,1,1,0,168
250,250,0,0,0,1,141
250,250,0,1,0,1,149
250,250,0,0,1,1,157
250,250,0,1,1,1,165
250,250,1,0,0,0,140
250,250,1,1,0,0,148
250,250,1,0,1,0,156
250,250,1,1,1,0,164
250,250,1,0,0,1,137
250,250,1,1,0,1,145
250,250,1,0,1,1,153
250,250,1,1,1,1,161
250,250,2,0,0,0,136
250,250,2,1,0,0,144
250,250,2,0,1,0,152
250,250,2,1,1,0,160
250,250,2,0,0,1,133
250,250,2,1,0,1,141
250,250,2,0,1,1,149
250,250,2,1,1,1,157
250,250,3,0,0,0,132
250,250,3,1,0,0,140
250,250,3,0,1,0,148
250,250,3,1,1,0,156
250,250,3,0,0,1,129
250,250,3,1,0,1,137
250,250,3,0,1,1,145
250,250,3,1,1,1,153
250,250,4,0,0,0,128
250,250,4,1,0,0,136
250,250,4,0,1,0,144
250,250,4,1,1,0,152
250,250,4,0,0,1,125
250,250,4,1,0,1,133
250,250,4,0,1,1,141
250,250,4,1,1,1,149
250,250,5,0,0,0,132
250,250,5,1,0,0,140
250,250,5,0,1,0,148
250,250,5,1,1,0,156
250,250,5,0,0,1,129
250,250,5,1,0,1,137
250,250,5,0,1,1,145
250,250,5,1,1,1,153
250,250,6,0,0,0,136
250,250,6,1,0,0,144
250,250,6,0,1,0,152
250,250,6,1,1,0,160
250,250,6,0,0,1,133
250,250,6,1,0,1,141
250,250,6,0,1,1,149
250,250,6,1,1,1,157
250,250,7,0,0,0,140
250,250,7,1,0,0,148
250,250,7,0,1,0,156
250,250,7,1,1,0,164
250,250,7,0,0,1,137
250,250,7,1,0,1,145
250,250,7,0,1,1,153
250,250,7,1,1,1,161
