seed0,seed1,step,value,state0,state1
826366246,1398314899,0,223,2224703967,826389068
826366246,1398314899,1,10,3051111946,2224722878
826366246,1398314899,2,210,980885458,3051129876
826366246,1398314899,3,184,4032023480,980893604
826366246,1398314899,4,21,717936405,4032010096
826366246,1398314899,5,155,454968731,717925930
826366246,1398314899,6,96,1172912480,454986550
826366246,1398314899,7,246,1627913718,1172927168
826366246,1398314899,8,173,2800840365,1627913196
826366246,1398314899,9,70,133814598,2800868698
826366246,1398314899,10,231,2934673383,133804684
826366246,1398314899,11,91,3068449371,2934644686
826366246,1398314899,12,133,1708115077,3068437686
826366246,1398314899,13,193,481570241,1708099850
826366246,1398314899,14,140,2189681804,481581954
826366246,1398314899,15,155,2671256731,2189674776
826366246,1398314899,16,78,565973582,2671266102
826366246,1398314899,17,210,3237244370,565978268
826366246,1398314899,18,64,3803250752,3237272484
826366246,1398314899,19,36,2745556004,3803250816
826366246,1398314899,20,201,2253830345,2745546824
826366246,1398314899,21,219,704391643,2253812114
826366246,1398314899,22,72,2958214472,704402358
826366246,1398314899,23,71,3662601799,2958199440
826366246,1398314899,24,31,2325825311,3662593166
826366246,1398314899,25,204,1693469388,2325843518
826366246,1398314899,26,214,4019332054,1693488536
826366246,1398314899,27,68,1417862468,4019341228
826366246,1398314899,28,53,1142227509,1417853576
826366246,1398314899,29,242,2560081650,1142228074
826366246,1398314899,30,79,3702293071,2560064996
826366246,1398314899,31,131,1967358595,3702260894
826366246,1398314899,32,165,1374620069,1967326470
826366246,1398314899,33,80,3341949008,1374622538
826366246,1398314899,34,234,421610474,3341955232
826366246,1398314899,35,116,3763583092,421627860
826366246,1398314899,36,189,4185192637,3763564776
826366246,1398314899,37,99,3653788259,4185190778
826366246,1398314899,38,64,3544036928,3653813446
826366246,1398314899,39,71,2902864199,3544018048
826366246,1398314899,40,14,2151927566,2902876814
826366246,1398314899,41,171,759824555,2151915036
826366246,1398314899,42,114,2911739762,759824726
826366246,1398314899,43,59,3671539771,2911715044
826366246,1398314899,44,90,2288303962,3671556214
826366246,1398314899,45,43,1664876331,2288287412
826366246,1398314899,46,11,3953163531,1664876118
826366246,1398314899,47,108,1323104364,3953195542
826366246,1398314899,48,239,981330671,1323102424
826366246,1398314899,49,183,2304427703,981325278
826366246,1398314899,50,77,3285738317,2304413038
826366246,1398314899,51,8,1295209480,3285763738
826366246,1398314899,52,170,286027434,1295230992
826366246,1398314899,53,100,1581286756,286055764
826366246,1398314899,54,29,1867311133,1581255368
826366246,1398314899,55,3,3448560387,1867305018
826366246,1398314899,56,65,1020888641,3448550918
826366246,1398314899,57,137,174441097,1020857474
826366246,1398314899,58,149,1195282837,174425362
826366246,1398314899,59,61,1369679933,1195254570
826366246,1398314899,60,165,2564912037,1369657466
826366246,1398314899,61,196,3934599108,2564941642
826366246,1398314899,62,210,2204587730,3934613384
826366246,1398314899,63,44,1844256044,2204609956
826366246,1398314899,64,252,4048873468,1844263512
826366246,1398314899,65,81,1598163537,4048867320
826366246,1398314899,66,154,1352066202,1598166178
826366246,1398314899,67,215,2950225367,1352059188
826366246,1398314899,68,227,7308515,2950216622
826366246,1398314899,69,117,2957493621,7276998
826366246,1398314899,70,177,2964755633,2957478634
826366246,1398314899,71,77,1627239501,2964728162
826366246,1398314899,72,253,296980989,1627220122
826366246,1398314899,73,149,1924172949,296952826
826366246,1398314899,74,37,2221096229,1924143402
826366246,1398314899,75,116,4145255284,2221111882
826366246,1398314899,76,51,2071372083,4145227496
826366246,1398314899,77,79,1921608015,2071347814
826366246,1398314899,78,4,3992982788,1921634974
826366246,1398314899,79,166,1619655846,3992988168
826366246,1398314899,80,85,1317675861,1619654988
826366246,1398314899,81,246,2937339894,1317684906
826366246,1398314899,82,150,4255041174,2937356268
826366246,1398314899,83,25,2897415449,4255026476
826366246,1398314899,84,94,2857477982,2897418802
826366246,1398314899,85,239,1459906799,2857455292
826366246,1398314899,86,154,22421658,1459933662
826366246,1398314899,87,18,1482363666,22430004
826366246,1398314899,88,88,1504798552,1482368548
826366246,1398314899,89,212,2987193556,1504825008
826366246,1398314899,90,89,197048409,2987190696
826366246,1398314899,91,91,3184220763,197030066
826366246,1398314899,92,104,3381273960,3184243894
826366246,1398314899,93,134,2270560134,3381283536
826366246,1398314899,94,221,1356876253,2270560012
826366246,1398314899,95,198,3627455174,1356895162
826366246,1398314899,96,71,689355079,3627427212
826366246,1398314899,97,27,21796891,689336974
826366246,1398314899,98,197,711107269,21770294
826366246,1398314899,99,193,732853697,711083402
826366246,1398314899,100,12,1443967244,732883842
826366246,1398314899,101,154,2176863642,1443979800
826366246,1398314899,102,76,3620863308,2176883508
826366246,1398314899,103,205,1502778829,3620862616
826366246,1398314899,104,51,828646963,1502751642
826366246,1398314899,105,0,2331408384,828656742
826366246,1398314899,106,102,3160095846,2331439104
826366246,1398314899,107,204,1196583116,3160111308
826366246,1398314899,108,100,61753956,1196609944
826366246,1398314899,109,96,1258382944,61773000
826366246,1398314899,110,136,1320182152,1258409152
826366246,1398314899,111,208,2578616272,1320207120
826366246,1398314899,112,177,3898794673,2578587552
826366246,1398314899,113,3,2182407427,3898787170
826366246,1398314899,114,105,1786220393,2182400518
826366246,1398314899,115,217,3968592089,1786191570
826366246,1398314899,116,133,1459810437,3968586162
826366246,1398314899,117,189,1133425341,1459806474
826366246,1398314899,118,133,2593212037,1133405562
826366246,1398314899,119,132,3726635652,2593230090
826366246,1398314899,120,19,2024894995,3726632200
826366246,1398314899,121,46,1456589102,2024924198
826366246,1398314899,122,131,3481499267,1456575068
826366246,1398314899,123,98,643137378,3481529606
826366246,1398314899,124,202,4124699594,643169988
826366246,1398314899,125,89,472897113,4124694420
826366246,1398314899,126,71,302613575,472886450
826366246,1398314899,127,65,775468353,302581902
826366246,1398314899,128,17,1078031121,775449218
826366246,1398314899,129,164,1853509796,1078060578
826366246,1398314899,130,106,2931591018,1853530440
826366246,1398314899,131,29,490123293,2931560148
826366246,1398314899,132,15,3421662991,490102842
826366246,1398314899,133,88,3911794264,3421691422
826366246,1398314899,134,206,3038534350,3911810224
826366246,1398314899,135,76,2655400524,3038557596
826366246,1398314899,136,52,1399003700,2655413400
826366246,1398314899,137,0,4054423808,1399010408
826366246,1398314899,138,105,1158440553,4054397440
826366246,1398314899,139,210,917896914,1158466770
826366246,1398314899,140,119,2076363383,917896612
826366246,1398314899,141,147,2994246291,2076349678
826366246,1398314899,142,21,775600661,2994218278
826366246,1398314899,143,81,3769801041,775582762
826366246,1398314899,144,205,250390221,3769774754
826366246,1398314899,145,61,4020142141,250367386
826366246,1398314899,146,21,4270476821,4020109434
826366246,1398314899,147,164,3995638948,4270496810
826366246,1398314899,148,115,3971143027,3995613512
826366246,1398314899,149,47,3671778351,3971132134
826366246,1398314899,150,69,3347936069,3671771230
826366246,1398314899,151,232,2724769512,3347965578
826366246,1398314899,152,91,1777747035,2724748752
826366246,1398314899,153,134,207545990,1777764534
826366246,1398314899,154,195,1985304003,207539468
826366246,1398314899,155,146,2192865426,1985325958
826366246,1398314899,156,170,4178222250,2192896292
826366246,1398314899,157,121,2076125817,4178196820
826366246,1398314899,158,70,1959366214,2076136690
826366246,1398314899,159,127,4035473791,1959337100
826366246,1398314899,160,138,1699872650,4035502846
826366246,1398314899,161,19,1440408083,1699872532
826366246,1398314899,162,59,3140272955,1440400422
826366246,1398314899,163,157,285690525,3140257398
826366246,1398314899,164,176,3425967024,285709626
826366246,1398314899,165,154,3711683738,3425974112
826366246,1398314899,166,149,2842677397,3711670580
826366246,1398314899,167,95,2259368543,2842665258
826366246,1398314899,168,232,807081448,2259383486
826366246,1398314899,169,142,3066470542,807087056
826366246,1398314899,170,237,3873533165,3066446108
826366246,1398314899,171,246,2645039862,3873561050
826366246,1398314899,172,198,2223640518,2645046764
826366246,1398314899,173,120,573724024,2223644556
826366246,1398314899,174,124,2797390460,573745904
826366246,1398314899,175,233,3371122665,2797376760
826366246,1398314899,176,202,1873548490,3371139026
826366246,1398314899,177,102,949725542,1873553812
826366246,1398314899,178,97,2823257185,949703372
826366246,1398314899,179,142,3772992398,2823289026
826366246,1398314899,180,222,2301333470,3773011740
826366246,1398314899,181,217,1779349209,2301304764
826366246,1398314899,182,111,4080635247,1779330482
826366246,1398314899,183,145,1564969105,4080605918
826366246,1398314899,184,1,1350577153,1564938530
826366246,1398314899,185,36,2915526948,1350588418
826366246,1398314899,186,74,4266142282,2915553864
826366246,1398314899,187,220,2886739676,4266153108
826366246,1398314899,188,76,2857935436,2886749624
826366246,1398314899,189,81,1449693777,2857911448
826366246,1398314899,190,59,12609851,1449665698
826366246,1398314899,191,24,1462302488,12636790
826366246,1398314899,192,167,1474936999,1462300208
826366246,1398314899,193,127,2937220991,1474920782
826366246,1398314899,194,76,117203020,2937249534
826366246,1398314899,195,150,3054477206,117227672
826366246,1398314899,196,197,3171680197,3054452524
826366246,1398314899,197,183,1931165367,3171680138
826366246,1398314899,198,248,807894264,1931181422
826366246,1398314899,199,94,2739107678,807926256
826366246,1398314899,200,172,3547064492,2739138236
826366246,1398314899,201,21,1991229461,3547058520
826366246,1398314899,202,131,1243304323,1991213098
826366246,1398314899,203,48,3234538288,1243325190
826366246,1398314899,204,102,182905190,3234547296
826366246,1398314899,205,45,3417446701,182899404
826366246,1398314899,206,38,3600352550,3417453146
826366246,1398314899,207,166,2722839718,3600353868
826366246,1398314899,208,152,2028241816,2722855244
826366246,1398314899,209,125,456097917,2028209968
826366246,1398314899,210,43,2484275243,456065274
826366246,1398314899,211,80,2940342608,2484277334
826366246,1398314899,212,246,1129657078,2940347040
826366246,1398314899,213,140,4070017164,1129670124
826366246,1398314899,214,5,904689413,4069986584
826366246,1398314899,215,34,679739170,904719882
826366246,1398314899,216,79,1584458831,679738948
826366246,1398314899,217,227,2264192739,1584453790
826366246,1398314899,218,101,3848636005,2264182214
826366246,1398314899,219,145,1817819793,3848604874
826366246,1398314899,220,237,1371439597,1817802018
826366246,1398314899,221,253,3189209341,1371407322
826366246,1398314899,222,212,265680340,3189240314
826366246,1398314899,223,163,3454918051,265677736
826366246,1398314899,224,239,3720586991,3454909254
826366246,1398314899,225,37,2880506149,3720564190
826366246,1398314899,226,40,2306105384,2880508490
826366246,1398314899,227,154,891671194,2306130000
826366246,1398314899,228,133,3197789573,891659572
826366246,1398314899,229,62,4089475134,3197815562
826366246,1398314899,230,134,2992352134,4089503868
826366246,1398314899,231,137,2786867081,2992330508
826366246,1398314899,232,30,1484244510,2786881298
826366246,1398314899,233,79,4271110991,1484229692
826366246,1398314899,234,219,1460372187,4271109790
826366246,1398314899,235,85,1436482645,1460340150
826366246,1398314899,236,97,2896821857,1436481706
826366246,1398314899,237,109,38335853,2896821442
826366246,1398314899,238,157,2935154589,38333146
826366246,1398314899,239,21,2973481493,2935148346
826366246,1398314899,240,101,1613644645,2973463594
826366246,1398314899,241,244,292158196,1613661898
826366246,1398314899,242,179,1905818803,292156904
826366246,1398314899,243,78,2198007630,1905850726
826366246,1398314899,244,3,4103854083,2198003356
826366246,1398314899,245,163,2006879907,4103843846
826366246,1398314899,246,77,1815727437,2006850886
826366246,1398314899,247,225,3822565345,1815714458
826366246,1398314899,248,93,1343294045,3822546882
826366246,1398314899,249,124,870876284,1343296698
826366246,1398314899,250,179,2214141363,870844664
826366246,1398314899,251,94,3084993630,2214148966
826366246,1398314899,252,34,1004192802,3085011132
826366246,1398314899,253,1,4089188609,1004177476
826366246,1398314899,254,70,798403142,4089192962
826366246,1398314899,255,143,592606863,798381196
0,0,0,0,0,0
0,0,1,0,0,0
0,0,2,0,0,0
0,0,3,0,0,0
0,0,4,0,0,0
0,0,5,0,0,0
0,0,6,0,0,0
0,0,7,0,0,0
0,0,8,0,0,0
0,0,9,0,0,0
0,0,10,0,0,0
0,0,11,0,0,0
0,0,12,0,0,0
0,0,13,0,0,0
0,0,14,0,0,0
0,0,15,0,0,0
0,0,16,0,0,0
0,0,17,0,0,0
0,0,18,0,0,0
0,0,19,0,0,0
0,0,20,0,0,0
0,0,21,0,0,0
0,0,22,0,0,0
0,0,23,0,0,0
0,0,24,0,0,0
0,0,25,0,0,0
0,0,26,0,0,0
0,0,27,0,0,0
0,0,28,0,0,0
0,0,29,0,0,0
0,0,30,0,0,0
0,0,31,0,0,0
0,0,32,0,0,0
0,0,33,0,0,0
0,0,34,0,0,0
0,0,35,0,0,0
0,0,36,0,0,0
0,0,37,0,0,0
0,0,38,0,0,0
0,0,39,0,0,0
0,0,40,0,0,0
0,0,41,0,0,0
0,0,42,0,0,0
0,0,43,0,0,0
0,0,44,0,0,0
0,0,45,0,0,0
0,0,46,0,0,0
0,0,47,0,0,0
0,0,48,0,0,0
0,0,49,0,0,0
0,0,50,0,0,0
0,0,51,0,0,0
0,0,52,0,0,0
0,0,53,0,0,0
0,0,54,0,0,0
0,0,55,0,0,0
0,0,56,0,0,0
0,0,57,0,0,0
0,0,58,0,0,0
0,0,59,0,0,0
0,0,60,0,0,0
0,0,61,0,0,0
0,0,62,0,0,0
0,0,63,0,0,0
0,0,64,0,0,0
0,0,65,0,0,0
0,0,66,0,0,0
0,0,67,0,0,0
0,0,68,0,0,0
0,0,69,0,0,0
0,0,70,0,0,0
0,0,71,0,0,0
0,0,72,0,0,0
0,0,73,0,0,0
0,0,74,0,0,0
0,0,75,0,0,0
0,0,76,0,0,0
0,0,77,0,0,0
0,0,78,0,0,0
0,0,79,0,0,0
0,0,80,0,0,0
0,0,81,0,0,0
0,0,82,0,0,0
0,0,83,0,0,0
0,0,84,0,0,0
0,0,85,0,0,0
0,0,86,0,0,0
0,0,87,0,0,0
0,0,88,0,0,0
0,0,89,0,0,0
0,0,90,0,0,0
0,0,91,0,0,0
0,0,92,0,0,0
0,0,93,0,0,0
0,0,94,0,0,0
0,0,95,0,0,0
0,0,96,0,0,0
0,0,97,0,0,0
0,0,98,0,0,0
0,0,99,0,0,0
0,0,100,0,0,0
0,0,101,0,0,0
0,0,102,0,0,0
0,0,103,0,0,0
0,0,104,0,0,0
0,0,105,0,0,0
0,0,106,0,0,0
0,0,107,0,0,0
0,0,108,0,0,0
0,0,109,0,0,0
0,0,110,0,0,0
0,0,111,0,0,0
0,0,112,0,0,0
0,0,113,0,0,0
0,0,114,0,0,0
0,0,115,0,0,0
0,0,116,0,0,0
0,0,117,0,0,0
0,0,118,0,0,0
0,0,119,0,0,0
0,0,120,0,0,0
0,0,121,0,0,0
0,0,122,0,0,0
0,0,123,0,0,0
0,0,124,0,0,0
0,0,125,0,0,0
0,0,126,0,0,0
0,0,127,0,0,0
0,0,128,0,0,0
0,0,129,0,0,0
0,0,130,0,0,0
0,0,131,0,0,0
0,0,132,0,0,0
0,0,133,0,0,0
0,0,134,0,0,0
0,0,135,0,0,0
0,0,136,0,0,0
0,0,137,0,0,0
0,0,138,0,0,0
0,0,139,0,0,0
0,0,140,0,0,0
0,0,141,0,0,0
0,0,142,0,0,0
0,0,143,0,0,0
0,0,144,0,0,0
0,0,145,0,0,0
0,0,146,0,0,0
0,0,147,0,0,0
0,0,148,0,0,0
0,0,149,0,0,0
0,0,150,0,0,0
0,0,151,0,0,0
0,0,152,0,0,0
0,0,153,0,0,0
0,0,154,0,0,0
0,0,155,0,0,0
0,0,156,0,0,0
0,0,157,0,0,0
0,0,158,0,0,0
0,0,159,0,0,0
0,0,160,0,0,0
0,0,161,0,0,0
0,0,162,0,0,0
0,0,163,0,0,0
0,0,164,0,0,0
0,0,165,0,0,0
0,0,166,0,0,0
0,0,167,0,0,0
0,0,168,0,0,0
0,0,169,0,0,0
0,0,170,0,0,0
0,0,171,0,0,0
0,0,172,0,0,0
0,0,173,0,0,0
0,0,174,0,0,0
0,0,175,0,0,0
0,0,176,0,0,0
0,0,177,0,0,0
0,0,178,0,0,0
0,0,179,0,0,0
0,0,180,0,0,0
0,0,181,0,0,0
0,0,182,0,0,0
0,0,183,0,0,0
0,0,184,0,0,0
0,0,185,0,0,0
0,0,186,0,0,0
0,0,187,0,0,0
0,0,188,0,0,0
0,0,189,0,0,0
0,0,190,0,0,0
0,0,191,0,0,0
0,0,192,0,0,0
0,0,193,0,0,0
0,0,194,0,0,0
0,0,195,0,0,0
0,0,196,0,0,0
0,0,197,0,0,0
0,0,198,0,0,0
0,0,199,0,0,0
0,0,200,0,0,0
0,0,201,0,0,0
0,0,202,0,0,0
0,0,203,0,0,0
0,0,204,0,0,0
0,0,205,0,0,0
0,0,206,0,0,0
0,0,207,0,0,0
0,0,208,0,0,0
0,0,209,0,0,0
0,0,210,0,0,0
0,0,211,0,0,0
0,0,212,0,0,0
0,0,213,0,0,0
0,0,214,0,0,0
0,0,215,0,0,0
0,0,216,0,0,0
0,0,217,0,0,0
0,0,218,0,0,0
0,0,219,0,0,0
0,0,220,0,0,0
0,0,221,0,0,0
0,0,222,0,0,0
0,0,223,0,0,0
0,0,224,0,0,0
0,0,225,0,0,0
0,0,226,0,0,0
0,0,227,0,0,0
0,0,228,0,0,0
0,0,229,0,0,0
0,0,230,0,0,0
0,0,231,0,0,0
0,0,232,0,0,0
0,0,233,0,0,0
0,0,234,0,0,0
0,0,235,0,0,0
0,0,236,0,0,0
0,0,237,0,0,0
0,0,238,0,0,0
0,0,239,0,0,0
0,0,240,0,0,0
0,0,241,0,0,0
0,0,242,0,0,0
0,0,243,0,0,0
0,0,244,0,0,0
0,0,245,0,0,0
0,0,246,0,0,0
0,0,247,0,0,0
0,0,248,0,0,0
0,0,249,0,0,0
0,0,250,0,0,0
0,0,251,0,0,0
0,0,252,0,0,0
0,0,253,0,0,0
0,0,254,0,0,0
0,0,255,0,0,0
1,0,0,2,2,2
1,0,1,6,6,4
1,0,2,16,16,12
1,0,3,44,44,32
1,0,4,120,120,88
1,0,5,72,328,240
1,0,6,128,896,656
1,0,7,144,2448,1792
1,0,8,32,6688,4896
1,0,9,96,18272,13376
1,0,10,0,49920,36544
1,0,11,193,70849,34304
1,0,12,130,110466,76162
1,0,13,135,166023,89860
1,0,14,19,225299,135438
1,0,15,52,389428,253990
1,0,16,143,639631,385640
1,0,17,135,1009543,623902
1,0,18,44,1659948,1036046
1,0,19,102,2717542,1681496
1,0,20,36,4429604,2748108
1,0,21,21,7150869,4402760
1,0,22,114,11561074,7158314
1,0,23,14,18746126,11587812
1,0,24,0,30336768,18748956
1,0,25,29,49079325,30330368
1,0,26,59,79402555,49072186
1,0,27,177,128447665,79375478
1,0,28,217,207820249,128444770
1,0,29,20,336270612,207825842
1,0,30,218,544101850,336276008
1,0,31,220,880399836,544123828
1,0,32,109,1424512877,880389048
1,0,33,146,2304924306,1424535258
1,0,34,254,3729482750,2304947492
1,0,35,32,1739488544,3729508348
1,0,36,60,1174061628,1739520576
1,0,37,185,2913566393,1174045816
1,0,38,234,4087644650,2913598834
1,0,39,71,2706243911,4087612372
1,0,40,98,2498889314,2706244238
1,0,41,82,910167890,2498890948
1,0,42,104,3409062760,910171812
1,0,43,116,24278388,3409073872
1,0,44,184,3433382328,24308456
1,0,45,88,3457707608,3433399152
1,0,46,32,2596167712,3457735856
1,0,47,240,1758960880,2596192320
1,0,48,33,60160545,1758935520
1,0,49,35,1819094563,60159042
1,0,50,136,1879265416,1819106374
1,0,51,86,3698392406,1879286032
1,0,52,189,1282710461,3698391724
1,0,53,39,686109223,1282684794
1,0,54,200,1968806856,686122062
1,0,55,223,2654903263,1968781200
1,0,56,79,328691535,2654877630
1,0,57,92,2983597660,328720030
1,0,58,86,3312323414,2983603384
1,0,59,100,2000962404,3312326316
1,0,60,116,1018338676,2000979656
1,0,61,177,3019293105,1018313448
1,0,62,75,4037590603,3019277154
1,0,63,249,2761883641,4037573782
1,0,64,137,2504490121,2761883634
1,0,65,4,971438340,2504522002
1,0,66,27,3475958555,971436552
1,0,67,63,152422463,3475953206
1,0,68,181,3628361397,152408190
1,0,69,232,3780795880,3628387690
1,0,70,58,3114240314,3780819920
1,0,71,69,2600062533,3114209908
1,0,72,255,1419292415,2600049802
1,0,73,137,4019321481,1419271678
1,0,74,17,1143624465,4019320082
1,0,75,52,867998516,1143645730
1,0,76,139,2011618443,867972712
1,0,77,127,2879582079,2011609366
1,0,78,21,596219925,2879577854
1,0,79,41,3475771177,596193322
1,0,80,124,4071968380,3475775058
1,0,81,74,3252796234,4071988472
1,0,82,141,3029799821,3252778644
1,0,83,174,1987616174,3029804826
1,0,84,119,722428535,1987591004
1,0,85,74,2710044746,722453742
1,0,86,130,3432498562,2710044820
1,0,87,153,1847561113,3432483588
1,0,88,55,985047607,1847531314
1,0,89,161,2832554913,985023598
1,0,90,176,3817601968,2832578370
1,0,91,163,2355211939,3817600864
1,0,92,167,1877824679,2355191110
1,0,93,148,4233037460,1877846350
1,0,94,118,1815918198,4233039144
1,0,95,21,1753971221,1815899372
1,0,96,22,3569901846,1754002474
1,0,97,86,1028961878,3569926700
1,0,98,217,303902425,1028943020
1,0,99,94,1332857438,303914418
1,0,100,111,1636758127,1332843708
1,0,101,155,2969598363,1636754654
1,0,102,20,311416852,2969629494
1,0,103,95,3281036127,311406632
1,0,104,231,3592419047,3281012414
1,0,105,141,2578461837,3592416718
1,0,106,232,1875924712,2578475290
1,0,107,234,159454954,1875946960
1,0,108,164,2035407780,159460820
1,0,109,29,2194859293,2035398472
1,0,110,131,4230250883,2194852410
1,0,111,65,2130103617,4230218502
1,0,112,137,2065341833,2130090626
1,0,113,149,4195407253,2065316626
1,0,114,61,1965745725,4195396394
1,0,115,165,1866168229,1965739130
1,0,116,196,3831937988,1866198858
1,0,117,211,1403152083,3831920520
1,0,118,46,940131630,1403178406
1,0,119,2,2343327746,940149340
1,0,120,96,3283499616,2343350276
1,0,121,196,1331897540,3283514560
1,0,122,72,320454216,1331906952
1,0,123,25,1652344345,320437392
1,0,124,195,1972766915,1652329522
1,0,125,184,3625098680,1972769158
1,0,126,247,1302875383,3625073520
1,0,127,94,633001310,1302895086
1,0,128,171,1935885483,632990396
1,0,129,18,2568893458,1935903062
1,0,130,122,209842554,2568906788
1,0,131,25,2778745625,209838836
1,0,132,38,2988603686,2778764850
1,0,133,126,1472432254,2988634700
1,0,134,73,166069065,1472401660
1,0,135,142,1638471566,166069906
1,0,136,174,1804547502,1638477596
1,0,137,120,3443038840,1804561244
1,0,138,77,952606797,3443012848
1,0,139,139,100627851,952582298
1,0,140,176,1053240240,100657942
1,0,141,118,1153909366,1053251424
1,0,142,76,2207177804,1153926380
1,0,143,133,3361095045,2207168664
1,0,144,162,1273312162,3361110794
1,0,145,78,339468878,1273325380
1,0,146,225,1612786657,339461276
1,0,147,94,1952259166,1612797890
1,0,148,126,3565064318,1952266428
1,0,149,185,1222334905,3565035772
1,0,150,110,492426350,1222357874
1,0,151,79,1714773071,492415196
1,0,152,122,2207211898,1714796702
1,0,153,146,3922033554,2207236852
1,0,154,24,1834334744,3922065188
1,0,155,85,1461414741,1834316848
1,0,156,218,3295759066,1461442218
1,0,157,94,462253150,3295778228
1,0,158,112,3758059120,462280892
1,0,159,156,4220368284,3758087392
1,0,160,25,3683469337,4220349240
1,0,161,106,3608869738,3683487794
1,0,162,7,2997389063,3608868564
1,0,163,227,2311259363,2997358094
1,0,164,212,1013651412,2311260614
1,0,165,110,3324918126,1013657512
1,0,166,132,43623044,3324932828
1,0,167,229,3368531941,43599112
1,0,168,211,3412112595,3368513482
1,0,169,113,2485639537,3412093350
1,0,170,137,1602755721,2485629666
1,0,171,244,4088392692,1602763026
1,0,172,251,1396183291,4088387560
1,0,173,222,1189607902,1396187638
1,0,174,179,2585793971,1189606332
1,0,175,34,3775405858,2585799526
1,0,176,170,2066246058,3775413828
1,0,177,152,1546719640,2066273108
1,0,178,132,3612997252,1546724144
1,0,179,57,864751673,3612994824
1,0,180,122,182783354,864755826
1,0,181,102,1047542630,182786804
1,0,182,192,1230344640,1047557836
1,0,183,77,2277874253,1230316416
1,0,184,27,3508164635,2277848218
1,0,185,208,1491068112,3508187190
1,0,186,215,704281047,1491061152
1,0,187,78,2195373390,704312238
1,0,188,75,2899668555,2195356316
1,0,189,50,800085810,2899696790
1,0,190,250,3699804922,800108132
1,0,191,89,204915801,3699774964
1,0,192,167,3904675495,204900530
1,0,193,1,4109551105,3904650574
1,0,194,81,3719219537,4109536258
1,0,195,165,3533774501,3719205538
1,0,196,236,2958020588,3533782346
1,0,197,35,2196823331,2958008280
1,0,198,31,859855391,2196814406
1,0,199,132,3056692868,859878462
1,0,200,70,3916599622,3056721160
1,0,201,149,2678325141,3916571276
1,0,202,183,2299929015,2678325034
1,0,203,152,683295384,2299937646
1,0,204,158,2983250078,683312432
1,0,205,109,3666548333,2983235900
1,0,206,22,2354822678,3666554074
1,0,207,7,1726392583,2354805804
1,0,208,59,4081176123,1726370318
1,0,209,133,1512566405,4081163382
1,0,210,129,1298758017,1512561930
1,0,211,12,2811351052,1298789122
1,0,212,27,4110127899,2811338776
1,0,213,79,2626471503,4110100022
1,0,214,213,2441589461,2626456734
1,0,215,73,773059145,2441569706
1,0,216,61,3214625341,773055634
1,0,217,12,3987699980,3214644346
1,0,218,146,2907408018,3987730968
1,0,219,61,2600140605,2907376932
1,0,220,159,1212550047,2600140410
1,0,221,184,3812693432,1212553022
1,0,222,174,730284718,3812698992
1,0,223,204,248033484,730301788
1,0,224,245,978314997,248013208
1,0,225,131,1226321795,978308586
1,0,226,240,2204642544,1226333958
1,0,227,230,3430988006,2204654048
1,0,228,173,1340656557,3430969804
1,0,229,39,476645671,1340643162
1,0,230,168,1817291176,476648014
1,0,231,159,2293917087,1817269072
1,0,232,142,4111212174,2293943102
1,0,233,90,2110195802,4111219996
1,0,234,208,1926450640,2110197940
1,0,235,84,4036668500,1926470560
1,0,236,73,1668150345,4036647080
1,0,237,59,1409827131,1668147346
1,0,238,8,3077991176,1409843830
1,0,239,134,192895110,3078018576
1,0,240,28,3270936348,192917772
1,0,241,69,3463823173,3270905400
1,0,242,195,2439744707,3463806602
1,0,243,17,1608554513,2439715206
1,0,244,169,4048243113,1608527906
1,0,245,116,1361822580,4048261970
1,0,246,59,1115101755,1361807080
1,0,247,94,2476915550,1115108470
1,0,248,51,3592006451,2476897980
1,0,249,35,1773915427,3591984742
1,0,250,173,1070919853,1773902406
1,0,251,161,2844818337,1070915930
1,0,252,156,3915765916,2844849986
1,0,253,123,2465638523,3915755832
1,0,254,47,2086404655,2465616118
1,0,255,84,257054036,2086405214
4294967295,4294967295,0,254,4294967294,4294967294
4294967295,4294967295,1,251,4294967291,4294967292
4294967295,4294967295,2,243,4294967283,4294967286
4294967295,4294967295,3,221,4294967261,4294967270
4294967295,4294967295,4,161,4294967201,4294967226
4294967295,4294967295,5,253,4294967037,4294967106
4294967295,4294967295,6,61,4294966589,4294966778
4294967295,4294967295,7,117,4294965365,4294965882
4294967295,4294967295,8,101,4294962021,4294963434
4294967295,4294967295,9,181,4294952885,4294956746
4294967295,4294967295,10,53,4294927925,4294938474
4294967295,4294967295,11,212,4294925268,4294954090
4294967295,4294967295,12,18,4294935570,4294948776
4294967295,4294967295,13,205,4294885325,4294903844
4294967295,4294967295,14,191,4294805439,4294868890
4294967295,4294967295,15,25,4294676249,4294774654
4294967295,4294967295,16,177,4294454705,4294647346
4294967295,4294967295,17,148,4294146452,4294466402
4294967295,4294967295,18,138,4293676682,4294177576
4294967295,4294967295,19,60,4292907068,4293696788
4294967295,4294967295,20,141,4291607949,4292878456
4294967295,4294967295,21,147,4289502099,4291590938
4294967295,4294967295,22,65,4286100033,4289476390
4294967295,4294967295,23,169,4280589225,4286080130
4294967295,4294967295,24,213,4271676373,4280563538
4294967295,4294967295,25,253,4257246973,4271650730
4294967295,4294967295,26,164,4233958820,4257275386
4294967295,4294967295,27,66,4196272450,4233964360
4294967295,4294967295,28,204,4135271884,4196274820
4294967295,4294967295,29,28,4036595228,4135287704
4294967295,4294967295,30,209,3876886481,4036566072
4294967295,4294967295,31,219,3618458587,3876859810
4294967295,4294967295,32,88,3200370520,3618478006
4294967295,4294967295,33,103,2523866727,3200356016
4294967295,4294967295,34,126,1429265278,2523876558
4294967295,4294967295,35,203,3953132491,1429255932
4294967295,4294967295,36,146,1087422098,3953133462
4294967295,4294967295,37,187,745571515,1087405348
4294967295,4294967295,38,155,1832945307,745539958
4294967295,4294967295,39,173,2578454189,1832914230
4294967295,4294967295,40,144,116406928,2578459994
4294967295,4294967295,41,122,2694881914,116421920
4294967295,4294967295,42,21,2811279893,2694857972
4294967295,4294967295,43,31,1211152671,2811261994
4294967295,4294967295,44,105,4022396521,1211134526
4294967295,4294967295,45,17,938557201,4022389970
4294967295,4294967295,46,244,665996020,938573346
4294967295,4294967295,47,10,1604588554,666015208
4294967295,4294967295,48,252,2270608892,1604593684
4294967295,4294967295,49,13,3875185677,2270591992
4294967295,4294967295,50,19,1850786835,3875162138
4294967295,4294967295,51,65,1430966337,1850771494
4294967295,4294967295,52,169,3281725609,1430954114
4294967295,4294967295,53,212,417722836,3281736018
4294967295,4294967295,54,251,3699455227,417719208
4294967295,4294967295,55,158,4117187998,3699468790
4294967295,4294967295,56,50,3521709362,4117207868
4294967295,4294967295,57,160,3343951264,3521710692
4294967295,4294967295,58,165,2570671525,3343928128
4294967295,4294967295,59,138,1619654282,2570693450
4294967295,4294967295,60,95,4190345311,1619651860
4294967295,4294967295,61,211,1515003347,4190318782
4294967295,4294967295,62,100,1410362468,1515010982
4294967295,4294967295,63,110,2925401198,1410390216
4294967295,4294967295,64,164,40829348,2925406428
4294967295,4294967295,65,36,2966236196,40829768
4294967295,4294967295,66,144,3007077264,2966247496
4294967295,4294967295,67,104,1678380904,3007100704
4294967295,4294967295,68,240,390518256,1678384848
4294967295,4294967295,69,177,2068892337,390507488
4294967295,4294967295,70,67,2459386179,2068878690
4294967295,4294967295,71,232,233314280,2459402886
4294967295,4294967295,72,86,2692723286,233320400
4294967295,4294967295,73,125,2926023805,2692703404
4294967295,4294967295,74,167,1323732391,2925996282
4294967295,4294967295,75,73,4249699401,1323703118
4294967295,4294967295,76,224,1278452704,4249716882
4294967295,4294967295,77,83,1233178707,1278429120
4294967295,4294967295,78,103,2511595623,1233166502
4294967295,4294967295,79,117,3744756085,2511589582
4294967295,4294967295,80,184,1961407416,3744785130
4294967295,4294967295,81,91,1411205723,1961387888
4294967295,4294967295,82,38,3372612646,1411224758
4294967295,4294967295,83,3,488869123,3372611660
4294967295,4294967295,84,83,3861451347,488839686
4294967295,4294967295,85,172,55328428,3861456038
4294967295,4294967295,86,254,3916800510,55344472
4294967295,4294967295,87,85,3972120917,3916776444
4294967295,4294967295,88,167,3593914023,3972104874
4294967295,4294967295,89,249,3271036921,3593899342
4294967295,4294967295,90,64,2569973056,3271041010
4294967295,4294967295,91,115,1546025587,2569951872
4294967295,4294967295,92,102,4116008806,1546056934
4294967295,4294967295,93,178,1367118770,4116029132
4294967295,4294967295,94,49,1188152881,1367091044
4294967295,4294967295,95,199,2555229127,1188138082
4294967295,4294967295,96,241,3743347697,2555209614
4294967295,4294967295,97,113,2003586929,3743344610
4294967295,4294967295,98,196,1451984580,2003607266
4294967295,4294967295,99,107,3455560811,1451953544
4294967295,4294967295,100,95,612525663,3455539414
4294967295,4294967295,101,148,4068091284,612551870
4294967295,4294967295,102,230,385685478,4068100904
4294967295,4294967295,103,244,158825204,385691596
4294967295,4294967295,104,180,544548276,158856680
4294967295,4294967295,105,80,703414608,544557928
4294967295,4294967295,106,8,1247989256,703431328
4294967295,4294967295,107,177,1951407793,1247976464
4294967295,4294967295,108,114,3199392114,1951415650
4294967295,4294967295,109,71,855830599,3199382244
4294967295,4294967295,110,115,4055208819,855826574
4294967295,4294967295,111,117,616040309,4055181030
4294967295,4294967295,112,208,376255952,616042218
4294967295,4294967295,113,138,992311946,376269728
4294967295,4294967295,114,180,1368613044,992343316
4294967295,4294967295,115,124,2360981116,1368637800
4294967295,4294967295,116,97,3729600097,2360962296
4294967295,4294967295,117,186,1795606970,3729611970
4294967295,4294967295,118,55,1230237751,1795593076
4294967295,4294967295,119,227,3025826787,1230233710
4294967295,4294967295,120,52,4256090164,3025856454
4294967295,4294967295,121,47,2986965039,4256075880
4294967295,4294967295,122,198,2948104390,2986995806
4294967295,4294967295,123,235,1640100331,2948071820
4294967295,4294967295,124,99,293201251,1640096726
4294967295,4294967295,125,157,1933291165,293194438
4294967295,4294967295,126,1,2226464769,1933270330
4294967295,4294967295,127,60,4159745340,2226475010
4294967295,4294967295,128,123,2091231867,4159724152
4294967295,4294967295,129,111,1955966831,2091209974
4294967295,4294967295,130,213,4047156181,1955946206
4294967295,4294967295,131,137,1708115593,4047136682
4294967295,4294967295,132,189,1460270269,1708100882
4294967295,4294967295,133,141,3168368269,1460267386
4294967295,4294967295,134,148,333698708,3168398618
4294967295,4294967295,135,67,3502086723,333688104
4294967295,4294967295,136,175,3835748783,3502060678
4294967295,4294967295,137,229,3042834405,3835741022
4294967295,4294967295,138,41,2583606057,3042832330
4294967295,4294967295,139,29,1331451421,2583586386
4294967295,4294967295,140,140,3915059852,1331473466
4294967295,4294967295,141,82,951570770,3915064600
4294967295,4294967295,142,189,571656125,951558820
4294967295,4294967295,143,31,1523200543,571641722
4294967295,4294967295,144,184,2094855096,1523213374
4294967295,4294967295,145,175,3618065327,2094851952
4294967295,4294967295,146,206,1417969358,3618084702
4294967295,4294967295,147,250,741119226,1418001820
4294967295,4294967295,148,145,2159093649,741091828
4294967295,4294967295,149,22,2900195606,2159103778
4294967295,4294967295,150,78,764363086,2900226604
4294967295,4294967295,151,200,3664606408,764379804
4294967295,4294967295,152,44,134048812,3664636304
4294967295,4294967295,153,232,3798712808,134076504
4294967295,4294967295,154,41,3932773417,3798696912
4294967295,4294967295,155,34,3436526626,3932797010
4294967295,4294967295,156,150,3074371734,3436542020
4294967295,4294967295,157,112,2215958896,3074384172
4294967295,4294967295,158,13,995365901,2215949024
4294967295,4294967295,159,250,3211320058,995371034
4294967295,4294967295,160,15,4206681615,3211310580
4294967295,4294967295,161,19,3123016211,4206672926
4294967295,4294967295,162,68,3034751044,3123045414
4294967295,4294967295,163,175,1862804655,3034726536
4294967295,4294967295,164,230,602573286,1862814046
4294967295,4294967295,165,43,2465357099,602543052
4294967295,4294967295,166,34,3067924002,2465380950
4294967295,4294967295,167,155,1238324891,3067911236
4294967295,4294967295,168,122,11291002,1238347062
4294967295,4294967295,169,42,1249656874,11309812
4294967295,4294967295,170,72,1260983112,1249673300
4294967295,4294967295,171,228,2510661348,1260988048
4294967295,4294967295,172,89,3771626585,2510638536
4294967295,4294967295,173,122,1987327610,3771656370
4294967295,4294967295,174,166,1464030630,1987341556
4294967295,4294967295,175,64,3451394112,1464052556
4294967295,4294967295,176,204,620485580,3451400320
4294967295,4294967295,177,25,4071876633,620476312
4294967295,4294967295,178,203,397379531,4071870514
4294967295,4294967295,179,201,174251977,397348758
4294967295,4294967295,180,41,571592489,174243730
4294967295,4294967295,181,229,745823717,571579986
4294967295,4294967295,182,28,1317427740,745847754
4294967295,4294967295,183,2,2063298562,1317450808
4294967295,4294967295,184,60,3380778044,2063327236
4294967295,4294967295,185,125,1149110397,3380750456
4294967295,4294967295,186,114,234895730,1149112570
4294967295,4294967295,187,222,1384023006,234910436
4294967295,4294967295,188,161,1618901665,1383991228
4294967295,4294967295,189,254,3002924286,1618933058
4294967295,4294967295,190,63,326889279,3002923516
4294967295,4294967295,191,123,3329808507,326884990
4294967295,4294967295,192,117,3656683381,3329798390
4294967295,4294967295,193,225,2691485665,3656654570
4294967295,4294967295,194,173,2053160621,2691473346
4294967295,4294967295,195,29,449649949,2053143898
4294967295,4294967295,196,148,2502801300,449657402
4294967295,4294967295,197,99,2952440163,2502782760
4294967295,4294967295,198,239,1160233455,2952417990
4294967295,4294967295,199,165,4112635557,1160217566
4294967295,4294967295,200,41,977875241,4112624970
4294967295,4294967295,201,156,795545500,977887826
4294967295,4294967295,202,138,1773437322,795549496
4294967295,4294967295,203,77,2568954445,1773404948
4294967295,4294967295,204,174,47400878,2568963226
4294967295,4294967295,205,246,2616382454,47419228
4294967295,4294967295,206,73,2663790409,2616371180
4294967295,4294967295,207,126,985208446,2663804562
4294967295,4294967295,208,142,3649018766,985214204
4294967295,4294967295,209,25,339239961,3648993052
4294967295,4294967295,210,78,3988258638,339265586
4294967295,4294967295,211,207,32556751,3988258460
4294967295,4294967295,212,59,4020800571,32542110
4294967295,4294967295,213,21,4053313045,4020770934
4294967295,4294967295,214,161,3779093665,4053290026
4294967295,4294967295,215,108,3537442156,3779119426
4294967295,4294967295,216,26,3021599770,3537447640
4294967295,4294967295,217,13,2264077069,3021596724
4294967295,4294967295,218,78,990711374,2264081946
4294967295,4294967295,219,182,3254796982,990715036
4294967295,4294967295,220,8,4245529096,3254814060
4294967295,4294967295,221,125,3205351805,4245505040
4294967295,4294967295,222,11,3155875595,3205337850
4294967295,4294967295,223,17,2066235665,3155865110
4294967295,4294967295,224,56,927150136,2066252322
4294967295,4294967295,225,146,2993414802,927162480
4294967295,4294967295,226,149,3920569749,2993407268
4294967295,4294967295,227,78,2619019342,3920579370
4294967295,4294967295,228,198,2244635590,2619023516
4294967295,4294967295,229,40,568719400,2244663180
4294967295,4294967295,230,221,2813380573,568717392
4294967295,4294967295,231,11,3382083595,2813366202
4294967295,4294967295,232,209,1900449745,3382050838
4294967295,4294967295,233,185,987504569,1900421026
4294967295,4294967295,234,20,2887933716,987512690
4294967295,4294967295,235,154,3875470746,2887958056
4294967295,4294967295,236,93,2468460893,3875470132
4294967295,4294967295,237,239,2048945647,2468442810
4294967295,4294967295,238,152,222449304,2048973790
4294967295,4294967295,239,14,2271443214,222469424
4294967295,4294967295,240,76,2493943628,2271474204
4294967295,4294967295,241,181,470421685,2493914776
4294967295,4294967295,242,2,2964340738,470425962
4294967295,4294967295,243,110,3434783086,2964357124
4294967295,4294967295,244,225,2104148705,3434758876
4294967295,4294967295,245,159,1243924639,2104133058
4294967295,4294967295,246,1,3348043521,1243910462
4294967295,4294967295,247,64,296992576,3348049410
4294967295,4294967295,248,131,3645025411,296976000
4294967295,4294967295,249,135,3941980039,3645004038
4294967295,4294967295,250,21,3292006421,3941969678
4294967295,4294967295,251,56,2939010872,3292008490
4294967295,4294967295,252,155,1936035483,2938994288
4294967295,4294967295,253,167,580033447,1936006454
4294967295,4294967295,254,133,2516014213,580007758
4294967295,4294967295,255,88,3096043608,2516035850
65535,1,0,0,65536,65534
65535,1,1,254,131070,65536
65535,1,2,253,196605,131068
65535,1,3,247,327671,196602
65535,1,4,233,524265,327662
65535,1,5,193,851905,524242
65535,1,6,85,1376085,851842
65535,1,7,45,2227757,1375914
65535,1,8,5,3603205,2227290
65535,1,9,101,5829221,3601930
65535,1,10,213,9427669,5825738
65535,1,11,117,15243893,9418154
65535,1,12,149,24636053,15217898
65535,1,13,21,39848469,24630570
65535,1,14,84,64481620,39851050
65535,1,15,211,104326867,64475816
65535,1,16,79,168796239,104320422
65535,1,17,69,273092165,168771742
65535,1,18,40,441867560,273095818
65535,1,19,218,714987226,441891408
65535,1,20,5,1156868101,714976692
65535,1,21,190,1871871422,1156894730
65535,1,22,134,3028798342,1871903612
65535,1,23,137,605721225,3028784908
65535,1,24,31,3634478111,605693202
65535,1,25,81,4240153937,3634460734
65535,1,26,225,3579622113,4240128674
65535,1,27,101,3524763749,3579602370
65535,1,28,141,2809374349,3524739274
65535,1,29,229,2039123429,2809351450
65535,1,30,229,553478373,2039094218
65535,1,31,148,2592599444,553505226
65535,1,32,243,3146099955,2592594728
65535,1,33,15,1443706127,3146078694
65535,1,34,4,294831108,1443719710
65535,1,35,39,1738535463,294815752
65535,1,36,87,2033347671,1738531918
65535,1,37,252,3771907324,2033375406
65535,1,38,167,1510298279,3771890168
65535,1,39,70,987242310,1510319438
65535,1,40,218,2497569754,987250316
65535,1,41,65,3484812865,2497562548
65535,1,42,54,1687409718,3484814466
65535,1,43,239,877245679,1687398508
65535,1,44,75,2564624971,877226462
65535,1,45,116,3441856116,2564629654
65535,1,46,127,1711489407,3441827048
65535,1,47,230,858365926,1711506174
65535,1,48,203,2569847499,858341324
65535,1,49,99,3428173155,2569831830
65535,1,50,93,1703022685,3428158150
65535,1,51,128,836217728,1703026874
65535,1,52,187,2539222971,836196096
65535,1,53,118,3375449718,2539253622
65535,1,54,98,1619754082,3375467756
65535,1,55,176,700286384,1619785924
65535,1,56,37,2320040997,700255072
65535,1,57,170,3020297130,2320042058
65535,1,58,158,1045376926,3020302164
65535,1,59,144,4065691280,1045389116
65535,1,60,93,816082013,4065660192
65535,1,61,218,586802650,816109754
65535,1,62,111,1402905711,586795956
65535,1,63,147,1989678227,1402882270
65535,1,64,4,3392565764,1989683494
65535,1,65,46,1087311150,3392594952
65535,1,66,100,184942180,1087314524
65535,1,67,37,1272256293,184941768
65535,1,68,18,1457203986,1272262218
65535,1,69,110,2729477230,1457215012
65535,1,70,1,4186660609,2729445596
65535,1,71,222,2621163230,4186684930
65535,1,72,191,2512866239,2621148604
65535,1,73,58,839066938,2512885630
65535,1,74,242,3351962098,839076468
65535,1,75,89,4191030873,3351954404
65535,1,76,150,3248021654,4191034546
65535,1,77,223,3144080863,3248013612
65535,1,78,235,2097118443,3144072126
65535,1,79,148,946255252,2097150422
65535,1,80,255,3043386623,946236200
65535,1,81,38,3989648678,3043412478
65535,1,82,74,2738107466,3989662284
65535,1,83,224,2432815840,2738120852
65535,1,84,85,875957845,2432804288
65535,1,85,106,3308765802,875961514
65535,1,86,127,4184711551,3308750036
65535,1,87,211,3198470099,4184687358
65535,1,88,165,3088175781,3198455718
65535,1,89,241,1991652593,3088164170
65535,1,90,44,784863020,1991666146
65535,1,91,58,2776533050,784866904
65535,1,92,205,3561369293,2776502388
65535,1,93,14,2042916366,3561381274
65535,1,94,182,1309358518,2042944540
65535,1,95,136,3352317832,1309373292
65535,1,96,124,366744188,3352338192
65535,1,97,8,3719087112,366748920
65535,1,98,9,4085820681,3719071760
65535,1,99,35,3509903907,4085799442
65535,1,100,89,3300728409,3509896262
65535,1,101,248,2515665144,3300736178
65535,1,102,162,1521434274,2515665392
65535,1,103,52,4037115700,1521450308
65535,1,104,172,1263631276,4037148264
65535,1,105,192,1005843904,1263662936
65535,1,106,217,2269504217,1005841280
65535,1,107,51,3275338035,2269496754
65535,1,108,25,1249847321,3275317862
65535,1,109,152,230208152,1249857586
65535,1,110,99,1480045923,230188336
65535,1,111,247,1710215159,1480026822
65535,1,112,181,3190229685,1710202862
65535,1,113,88,605467992,3190232426
65535,1,114,27,3795681307,605448880
65535,1,115,231,106130151,3795648566
65535,1,116,4,3901806084,106157518
65535,1,117,215,4007952855,3901795336
65535,1,118,183,3614748599,4007920558
65535,1,119,29,3327681309,3614728046
65535,1,120,168,2647467432,3327706682
65535,1,121,138,1680216458,2647477072
65535,1,122,100,32730724,1680220948
65535,1,123,220,1712979932,32758984
65535,1,124,129,1745738881,1712979896
65535,1,125,187,3458709691,1745729794
65535,1,126,121,909453945,3458691446
65535,1,127,104,73188968,909464818
65535,1,128,195,982639043,73174224
65535,1,129,87,1055805527,982631302
65535,1,130,52,2038457396,1055826094
65535,1,131,22,3094309142,2038483048
65535,1,132,148,837851796,3094336044
65535,1,133,85,3932161877,837825832
65535,1,134,210,475022290,3932163754
65535,1,135,78,112236110,475039652
65535,1,136,65,587248705,112209052
65535,1,137,31,699438367,587229314
65535,1,138,193,1286640321,699411006
65535,1,139,193,1986023361,1286612354
65535,1,140,4,3272656132,1986043778
65535,1,141,139,963717515,3272641032
65535,1,142,30,4236369182,963728150
65535,1,143,83,905121107,4236360252
65535,1,144,226,846517474,905124518
65535,1,145,107,1751630955,846506436
65535,1,146,155,2598122139,1751615702
65535,1,147,12,54783500,2598135094
65535,1,148,79,2652913999,54778904
65535,1,149,182,2707709622,2652930718
65535,1,150,10,1065697290,2707733868
65535,1,151,128,3773447552,1065713684
65535,1,152,20,544209684,3773463296
65535,1,153,41,22704425,544208424
65535,1,154,122,566941818,22733394
65535,1,155,71,589665095,566931700
65535,1,156,131,1156568963,589637262
65535,1,157,149,1746195861,1156558598
65535,1,158,49,2902743601,1746185002
65535,1,159,140,353984396,2902766690
65535,1,160,122,3256775546,354008856
65535,1,161,12,3610813964,3256805108
65535,1,162,13,2572628749,3610790936
65535,1,163,50,1888465458,2572641818
65535,1,164,127,166120063,1888445540
65535,1,165,99,2054551907,166106366
65535,1,166,197,2220656581,2054550214
65535,1,167,81,4275176017,2220625802
65535,1,168,44,2200835116,4275176610
65535,1,169,250,2181049594,2200840280
65535,1,170,76,86934092,2181061108
65535,1,171,141,2267963021,86901912
65535,1,172,178,2354889138,2267987226
65535,1,173,127,327893119,2354873188
65535,1,174,98,2682782818,327909630
65535,1,175,194,3010693570,2682783940
65535,1,176,73,1398479945,3010663300
65535,1,177,22,114183190,1398487186
65535,1,178,190,1512689854,114202668
65535,1,179,169,1626880425,1512677756
65535,1,180,206,3139572942,1626895186
65535,1,181,238,471506158,3139578268
65535,1,182,121,3611059065,471480796
65535,1,183,206,4082565326,3611084530
65535,1,184,142,3398682766,4082565532
65535,1,185,185,3186266809,3398668572
65535,1,186,143,2289940111,3186238834
65535,1,187,145,1181192849,2289921310
65535,1,188,65,3471086145,1181164834
65535,1,189,165,357255589,3471058050
65535,1,190,204,3828332492,357274442
65535,1,191,227,4185588451,3828314008
65535,1,192,94,3718935902,4185589190
65535,1,193,130,3609587842,3718965948
65535,1,194,193,3033582529,3609583876
65535,1,195,135,2348185735,3033569154
65535,1,196,144,1086818448,2348216590
65535,1,197,47,3435004463,1086787872
65535,1,198,126,226825598,3435005022
65535,1,199,90,3661836122,226831100
65535,1,200,176,3888679344,3661848244
65535,1,201,21,3255530005,3888649056
65535,1,202,138,2849240970,3255559210
65535,1,203,63,1809830719,2849238804
65535,1,204,147,364090771,1809819262
65535,1,205,165,2173882789,364063526
65535,1,206,113,2537934449,2173870922
65535,1,207,45,416825389,2537921762
65535,1,208,60,2954763580,416841818
65535,1,209,210,3371612882,2954771064
65535,1,210,29,2031398941,3371595172
65535,1,211,223,1108006367,2031378490
65535,1,212,249,3139374073,1107995582
65535,1,213,176,4247372720,3139377138
65535,1,214,83,3091767123,4247357280
65535,1,215,7,3044132359,3091742374
65535,1,216,181,1840892597,3044117518
65535,1,217,121,590029177,1840878954
65535,1,218,92,2430916700,590037746
65535,1,219,171,3020944299,2430906552
65535,1,220,15,1156880399,3020941142
65535,1,221,117,4177794933,1156853790
65535,1,222,8,1039687432,4177800938
65535,1,223,250,922545402,1039711760
65535,1,224,5,1962252293,922540532
65535,1,225,255,2884766207,1962225674
65535,1,226,8,552027144,2884768766
65535,1,227,14,3436813326,552044560
65535,1,228,45,3988832301,3436787740
65535,1,229,119,3130636407,3988815962
65535,1,230,73,2824466761,3130618094
65535,1,231,129,1660113793,2824462994
65535,1,232,148,189630868,1660135170
65535,1,233,43,1849735723,189600552
65535,1,234,127,2039318399,1849717846
65535,1,235,85,3889005397,2039287550
65535,1,236,169,1633293737,3888973482
65535,1,237,252,1227305468,1633299282
65535,1,238,74,2860617546,1227318264
65535,1,239,141,4087906957,2860588692
65535,1,240,175,2653496239,4087874842
65535,1,241,120,2446412920,2653505374
65535,1,242,78,804970574,2446432496
65535,1,243,141,3251394957,804962460
65535,1,244,182,4056380342,3251417882
65535,1,245,134,3012860550,4056409964
65535,1,246,121,2774277241,3012834572
65535,1,247,254,1492151806,2774284530
65535,1,248,238,4266464494,1492179964
65535,1,249,216,1463682520,4266469852
65535,1,250,140,1435186572,1463684016
65535,1,251,200,2898884296,1435200280
65535,1,252,168,39147688,2898914704
65535,1,253,224,2938085088,39170384
65535,1,254,17,2977230609,2938060224
65535,1,255,227,1620319203,2977226274
4294901760,65535,0,255,4294967295,4294901760
4294901760,65535,1,255,4294901759,4294967294
4294901760,65535,2,253,4294901757,4294901758
4294901760,65535,3,249,4294836217,4294901754
4294901760,65535,4,237,4294770669,4294836210
4294901760,65535,5,205,4294639565,4294770650
4294901760,65535,6,117,4294442869,4294639514
4294901760,65535,7,133,4294114949,4294442730
4294901760,65535,8,245,4293590005,4294114570
4294901760,65535,9,245,4292736245,4293588970
4294901760,65535,10,213,4291355093,4292733418
4294901760,65535,11,149,4289113493,4291347370
4294901760,65535,12,213,4285472469,4289092394
4294901760,65535,13,212,4279605460,4285480362
4294901760,65535,14,83,4270092115,4279579048
4294901760,65535,15,78,4254732366,4270120614
4294901760,65535,16,66,4229889858,4254736540
4294901760,65535,17,33,4189658913,4229889668
4294901760,65535,18,198,4124589254,4189666882
4294901760,65535,19,206,4019304398,4124604812
4294901760,65535,20,41,3848923433,4019285916
4294901760,65535,21,239,3573236207,3848917586
4294901760,65535,22,48,3127203376,3573253086
4294901760,65535,23,62,2405511230,3127225440
4294901760,65535,24,220,1237781724,2405523580
4294901760,65535,25,52,3643308596,1237785016
4294901760,65535,26,32,586157600,3643339880
4294901760,65535,27,168,4229501096,586161216
4294901760,65535,28,144,520699280,4229505360
4294901760,65535,29,112,455253104,520715040
4294901760,65535,30,1,975942657,455227616
4294901760,65535,31,227,1431150819,975923202
4294901760,65535,32,201,2407049673,1431126470
4294901760,65535,33,89,3838154073,2407027602
4294901760,65535,34,69,1950187077,3838126770
4294901760,65535,35,60,1493378876,1950219402
4294901760,65535,36,2,3443608322,1493388920
4294901760,65535,37,124,642049148,3443627524
4294901760,65535,38,253,4085669629,642042104
4294901760,65535,39,242,432768754,4085693946
4294901760,65535,40,223,223464415,432737764
4294901760,65535,41,163,656188835,223451070
4294901760,65535,42,5,879616773,656165702
4294901760,65535,43,81,1535775057,879609354
4294901760,65535,44,172,2415388844,1535779490
4294901760,65535,45,251,3951162363,2415382872
4294901760,65535,46,79,2071574863,3951159286
4294901760,65535,47,149,1727748757,2071556766
4294901760,65535,48,200,3799328712,1727771946
4294901760,65535,49,186,1232143546,3799338896
4294901760,65535,50,4,736516356,1232144756
4294901760,65535,51,124,1968683900,736539144
4294901760,65535,52,1,2705205505,1968666360
4294901760,65535,53,250,378915066,2705216002
4294901760,65535,54,247,3084116983,378900980
4294901760,65535,55,227,3463010787,3084109806
4294901760,65535,56,180,2252176308,3463033798
4294901760,65535,57,46,1420274478,2252207976
4294901760,65535,58,197,3672460741,1420252764
4294901760,65535,59,230,797766118,3672480650
4294901760,65535,60,87,175275863,797762508
4294901760,65535,61,122,973070970,175308462
4294901760,65535,62,163,1148371875,973063412
4294901760,65535,63,59,2121419835,1148356422
4294901760,65535,64,188,3269795772,2121439350
4294901760,65535,65,238,1096275950,3269803896
4294901760,65535,66,85,71102293,1096265692
4294901760,65535,67,135,1167363719,71098026
4294901760,65535,68,185,1238432697,1167334670
4294901760,65535,69,129,2405766273,1238431602
4294901760,65535,70,116,3644203124,2405771522
4294901760,65535,71,234,1755015658,3644211432
4294901760,65535,72,188,1104286908,1755042772
4294901760,65535,73,76,2859334988,1104292216
4294901760,65535,74,17,3963626513,2859334296
4294901760,65535,75,186,2528002746,3963635746
4294901760,65535,76,150,2196688278,2528019828
4294901760,65535,77,161,429727905,2196675372
4294901760,65535,78,110,2626411630,429736258
4294901760,65535,79,31,3056138783,2626402524
4294901760,65535,80,27,1387572507,3056137278
4294901760,65535,81,117,148721269,1387551286
4294901760,65535,82,32,1536292640,148741354
4294901760,65535,83,43,1685031723,1536290368
4294901760,65535,84,151,3221292183,1685001814
4294901760,65535,85,132,611327876,3221293358
4294901760,65535,86,54,3832629302,611335944
4294901760,65535,87,116,149016436,3832647788
4294901760,65535,88,85,3981651797,149004008
4294901760,65535,89,146,4130667922,3981663914
4294901760,65535,90,207,3817363919,4130667300
4294901760,65535,91,194,3653086914,3817386910
4294901760,65535,92,35,3175485731,3653066116
4294901760,65535,93,202,2533588938,3175490118
4294901760,65535,94,218,1414144474,2533621652
4294901760,65535,95,72,3947774792,1414153140
4294901760,65535,96,68,1066977860,3947792016
4294901760,65535,97,25,719788825,1066964104
4294901760,65535,98,186,1786759866,719795762
4294901760,65535,99,167,2506541991,1786746228
4294901760,65535,100,195,4293274819,2506528590
4294901760,65535,101,212,2504847572,4293286278
4294901760,65535,102,47,2503162671,2504843688
4294901760,65535,103,6,713054214,2503177822
4294901760,65535,104,106,3216254570,713076748
4294901760,65535,105,224,3929341152,3216264404
4294901760,65535,106,149,2850637461,3929340352
4294901760,65535,107,234,2485028586,2850655530
4294901760,65535,108,255,1040685823,2484997588
4294901760,65535,109,211,3525657555,1040659966
4294901760,65535,110,164,271367588,3525674918
4294901760,65535,111,239,3797025519,271350600
4294901760,65535,112,38,4068376870,3797026270
4294901760,65535,113,43,3570403371,4068344396
4294901760,65535,114,162,3343782562,3570405462
4294901760,65535,115,154,2619225498,3343787332
4294901760,65535,116,120,1668059256,2619239220
4294901760,65535,117,37,4287269925,1668030704
4294901760,65535,118,59,1660303675,4287240266
4294901760,65535,119,192,1652591296,1660318326
4294901760,65535,120,247,3312879607,1652561280
4294901760,65535,121,111,670442863,3312848878
4294901760,65535,122,204,3983301324,670452446
4294901760,65535,123,118,358809718,3983324568
4294901760,65535,124,132,47167108,358809836
4294901760,65535,125,245,405958133,47148296
4294901760,65535,126,242,453134578,405986282
4294901760,65535,127,206,859139534,453153252
4294901760,65535,128,128,1312320896,859167644
4294901760,65535,129,156,2171516572,1312348928
4294901760,65535,130,57,3483846713,2171497784
4294901760,65535,131,170,1360395690,3483865202
4294901760,65535,132,199,549292999,1360395092
4294901760,65535,133,227,1909658339,549263246
4294901760,65535,134,84,2458926420,1909663174
4294901760,65535,135,110,73637998,2458942120
4294901760,65535,136,133,2532555653,73613532
4294901760,65535,137,231,2606151655,2532538122
4294901760,65535,138,217,843704025,2606133198
4294901760,65535,139,129,3449830785,843697586
4294901760,65535,140,180,4293544116,3449846530
4294901760,65535,141,106,3448441962,4293562728
4294901760,65535,142,60,3447040572,3448445140
4294901760,65535,143,77,2600496461,3447018616
4294901760,65535,144,18,1752575762,2600524442
4294901760,65535,145,190,58144958,1752587812
4294901760,65535,146,160,1810747296,58159484
4294901760,65535,147,189,1868894397,1810734912
4294901760,65535,148,186,3679633594,1868898682
4294901760,65535,149,239,1253548783,3679617396
4294901760,65535,150,83,638175059,1253524958
4294901760,65535,151,133,1891685509,638160550
4294901760,65535,152,177,2529834929,1891674378
4294901760,65535,153,108,126556268,2529849186
4294901760,65535,154,58,2656411706,126562520
4294901760,65535,155,77,2782949709,2656387188
4294901760,65535,156,14,1144398606,2782978714
4294901760,65535,157,182,3927386294,1144407580
4294901760,65535,158,136,776837000,3927396716
4294901760,65535,159,125,409239677,776810256
4294901760,65535,160,11,1186017291,409207034
4294901760,65535,161,16,1595236624,1186029590
4294901760,65535,162,54,2781291062,1595261472
4294901760,65535,163,140,81593996,2781299820
4294901760,65535,164,132,2862895492,81595672
4294901760,65535,165,32,2944512032,2862916360
4294901760,65535,166,73,1512440649,2944491584
4294901760,65535,167,210,161965778,1512441490
4294901760,65535,168,54,1674433590,161992100
4294901760,65535,169,17,1836414481,1674422380
4294901760,65535,170,142,3510867086,1836444706
4294901760,65535,171,63,1052316991,3510839580
4294901760,65535,172,154,268194714,1052322430
4294901760,65535,173,178,1320538546,268216116
4294901760,65535,174,153,1588742809,1320526692
4294901760,65535,175,150,2909288598,1588761906
4294901760,65535,176,94,203097694,2909303084
4294901760,65535,177,232,3112402408,203099324
4294901760,65535,178,140,3315533964,3112434640
4294901760,65535,179,232,2133003496,3315536152
4294901760,65535,180,232,1153575656,2133006800
4294901760,65535,181,160,3286593440,1153586640
4294901760,65535,182,16,145241360,3286622016
4294901760,65535,183,96,3431876960,145254944
4294901760,65535,184,224,3577150688,3431895744
4294901760,65535,185,129,2714078337,3577149888
4294901760,65535,186,195,1996231363,2714048770
4294901760,65535,187,136,415317640,1996236166
4294901760,65535,188,150,2411569814,415333648
4294901760,65535,189,61,2826879549,2411545900
4294901760,65535,190,167,943442343,2826863738
4294901760,65535,191,201,3770292169,943428430
4294901760,65535,192,224,418759392,3770298258
4294901760,65535,193,83,4189042003,418743744
4294901760,65535,194,103,312799335,4189022886
4294901760,65535,195,117,206850933,312795342
4294901760,65535,196,184,519665592,206870250
4294901760,65535,197,90,726566490,519696240
4294901760,65535,198,37,1246231589,726535348
4294901760,65535,199,255,1972765951,1246230602
4294901760,65535,200,72,3218997832,1972767230
4294901760,65535,201,142,896798350,3218998416
4294901760,65535,202,172,4115800492,896802076
4294901760,65535,203,116,717643892,4115809112
4294901760,65535,204,64,538510400,717668584
4294901760,65535,205,104,1256180072,538511488
4294901760,65535,206,81,1794677585,1256166096
4294901760,65535,207,115,3050817907,1794651810
4294901760,65535,208,137,550488457,3050803942
4294901760,65535,209,249,3601278457,550474514
4294901760,65535,210,4,4151762692,3601288178
4294901760,65535,211,251,3458075131,4151754248
4294901760,65535,212,254,3314864638,3458077686
4294901760,65535,213,243,2477963251,3314852860
4294901760,65535,214,227,1497830371,2477944806
4294901760,65535,215,172,3975780268,1497835462
4294901760,65535,216,31,1178621727,3975753560
4294901760,65535,217,150,859430294,1178644030
4294901760,65535,218,107,2038065515,859421484
4294901760,65535,219,2,2897513986,2038092502
4294901760,65535,220,219,640610011,2897484804
4294901760,65535,221,187,3538090427,640605622
4294901760,65535,222,45,4178694445,3538088822
4294901760,65535,223,209,3421803985,4178682458
4294901760,65535,224,253,3305491965,3421776802
4294901760,65535,225,157,2432288669,3305479162
4294901760,65535,226,53,1442786101,2432274234
4294901760,65535,227,164,3875071396,1442797162
4294901760,65535,228,179,1022894515,3875064648
4294901760,65535,229,174,603000494,1022903142
4294901760,65535,230,194,1625907394,603004252
4294901760,65535,231,224,2228936416,1625932164
4294901760,65535,232,69,3854860101,2228927936
4294901760,65535,233,74,1788853322,3854892682
4294901760,65535,234,31,1348761375,1788835988
4294901760,65535,235,210,3137627858,1348791870
4294901760,65535,236,226,191478754,3137654180
4294901760,65535,237,105,3329115497,191461316
4294901760,65535,238,150,3520594582,3329133266
4294901760,65535,239,254,2554761214,3520595244
4294901760,65535,240,41,1780360489,2554732540
4294901760,65535,241,78,40135246,1780370002
4294901760,65535,242,238,1820532462,40162460
4294901760,65535,243,120,1860702840,1820540380
4294901760,65535,244,204,3681247948,1860707568
4294901760,65535,245,136,1247013512,3681273240
4294901760,65535,246,169,633313961,1247008016
4294901760,65535,247,99,1880296035,633288018
4294901760,65535,248,24,2513586712,1880298694
4294901760,65535,249,246,98937078,2513605680
4294901760,65535,250,29,2612520477,98914796
4294901760,65535,251,39,2711428647,2612513850
4294901760,65535,252,136,1028982920,2711436366
4294901760,65535,253,94,3740421470,1028985104
4294901760,65535,254,204,474459084,3740441276
4294901760,65535,255,85,4214878805,474437528
