dx,dz,distance,instructions
0,0,0,17
0,1,1,18
0,2,2,18
0,3,3,18
0,4,4,18
0,5,5,18
0,6,6,18
0,7,7,18
0,8,8,18
0,9,9,18
0,10,10,18
0,11,11,18
0,12,12,18
0,13,13,18
0,14,14,18
0,15,15,18
0,16,16,18
0,17,17,18
0,18,18,18
0,19,19,18
0,20,20,18
0,21,21,18
0,22,22,18
0,23,23,18
0,24,24,18
0,25,25,18
0,26,26,18
0,27,27,18
0,28,28,18
0,29,29,18
0,30,30,18
0,31,31,18
0,32,32,18
0,33,33,18
0,34,34,18
0,35,35,18
0,36,36,18
0,37,37,18
0,38,38,18
0,39,39,18
0,40,40,18
0,41,41,18
0,42,42,18
0,43,43,18
0,44,44,18
0,45,45,18
0,46,46,18
0,47,47,18
0,48,48,18
0,49,49,18
0,50,50,18
0,51,51,18
0,52,52,18
0,53,53,18
0,54,54,18
0,55,55,18
0,56,56,18
0,57,57,18
0,58,58,18
0,59,59,18
0,60,60,18
0,61,61,18
0,62,62,18
0,63,63,18
0,64,64,18
0,96,96,18
0,100,100,18
0,127,127,18
0,128,128,18
0,160,160,18
0,192,192,18
0,255,255,18
0,256,256,18
0,320,320,18
0,512,512,18
0,576,576,18
0,640,640,18
0,1024,1024,18
0,1120,1120,18
0,1152,1152,18
1,0,1,17
1,1,1,12
1,2,2,15
1,3,3,15
1,4,4,18
1,5,5,18
1,6,6,18
1,7,7,18
1,8,8,18
1,9,9,18
1,10,10,18
1,11,11,18
1,12,12,18
1,13,13,18
1,14,14,18
1,15,15,18
1,16,16,18
1,17,17,18
1,18,18,18
1,19,19,18
1,20,20,18
1,21,21,18
1,22,22,18
1,23,23,18
1,24,24,18
1,25,25,18
1,26,26,18
1,27,27,18
1,28,28,18
1,29,29,18
1,30,30,18
1,31,31,18
1,32,32,18
1,33,33,18
1,34,34,18
1,35,35,18
1,36,36,18
1,37,37,18
1,38,38,18
1,39,39,18
1,40,40,18
1,41,41,18
1,42,42,18
1,43,43,18
1,44,44,18
1,45,45,18
1,46,46,18
1,47,47,18
1,48,48,18
1,49,49,18
1,50,50,18
1,51,51,18
1,52,52,18
1,53,53,18
1,54,54,18
1,55,55,18
1,56,56,18
1,57,57,18
1,58,58,18
1,59,59,18
1,60,60,18
1,61,61,18
1,62,62,18
1,63,63,18
1,64,64,18
1,96,96,18
1,100,100,18
1,127,127,18
1,128,128,18
1,160,160,18
1,192,192,18
1,255,255,18
1,256,256,18
1,320,320,18
1,512,512,18
1,576,576,18
1,640,640,18
1,1024,1024,18
1,1120,1120,18
1,1152,1152,18
2,0,2,17
2,1,2,14
2,2,3,12
2,3,4,15
2,4,5,15
2,5,6,15
2,6,7,15
2,7,8,18
2,8,9,18
2,9,10,18
2,10,11,18
2,11,12,18
2,12,13,18
2,13,14,18
2,14,15,18
2,15,16,18
2,16,17,18
2,17,18,18
2,18,19,18
2,19,20,18
2,20,21,18
2,21,22,18
2,22,23,18
2,23,24,18
2,24,25,18
2,25,26,18
2,26,27,18
2,27,28,18
2,28,29,18
2,29,30,18
2,30,31,18
2,31,32,18
2,32,33,18
2,33,34,18
2,34,35,18
2,35,36,18
2,36,37,18
2,37,38,18
2,38,39,18
2,39,40,18
2,40,41,18
2,41,42,18
2,42,43,18
2,43,44,18
2,44,45,18
2,45,46,18
2,46,47,18
2,47,48,18
2,48,49,18
2,49,50,18
2,50,51,18
2,51,52,18
2,52,53,18
2,53,54,18
2,54,55,18
2,55,56,18
2,56,57,18
2,57,58,18
2,58,59,18
2,59,60,18
2,60,61,18
2,61,62,18
2,62,63,18
2,63,64,18
2,64,65,18
2,96,97,18
2,100,101,18
2,127,128,18
2,128,129,18
2,160,161,18
2,192,193,18
2,255,256,18
2,256,257,18
2,320,321,18
2,512,513,18
2,576,577,18
2,640,641,18
2,1024,1025,18
2,1120,1121,18
2,1152,1153,18
3,0,3,17
3,1,3,14
3,2,4,14
3,3,4,12
3,4,5,13
3,5,6,15
3,6,7,15
3,7,8,15
3,8,9,15
3,9,10,15
3,10,11,15
3,11,12,18
3,12,13,18
3,13,14,18
3,14,15,18
3,15,16,18
3,16,17,18
3,17,18,18
3,18,19,18
3,19,20,18
3,20,21,18
3,21,22,18
3,22,23,18
3,23,24,18
3,24,25,18
3,25,26,18
3,26,27,18
3,27,28,18
3,28,29,18
3,29,30,18
3,30,31,18
3,31,32,18
3,32,33,18
3,33,34,18
3,34,35,18
3,35,36,18
3,36,37,18
3,37,38,18
3,38,39,18
3,39,40,18
3,40,41,18
3,41,42,18
3,42,43,18
3,43,44,18
3,44,45,18
3,45,46,18
3,46,47,18
3,47,48,18
3,48,49,18
3,49,50,18
3,50,51,18
3,51,52,18
3,52,53,18
3,53,54,18
3,54,55,18
3,55,56,18
3,56,57,18
3,57,58,18
3,58,59,18
3,59,60,18
3,60,61,18
3,61,62,18
3,62,63,18
3,63,64,18
3,64,65,18
3,96,97,18
3,100,101,18
3,127,128,18
3,128,129,18
3,160,161,18
3,192,193,18
3,255,256,18
3,256,257,18
3,320,321,18
3,512,513,18
3,576,577,18
3,640,641,18
3,1024,1025,18
3,1120,1121,18
3,1152,1153,18
4,0,4,17
4,1,4,17
4,2,5,14
4,3,5,12
4,4,6,12
4,5,7,13
4,6,7,15
4,7,8,15
4,8,9,15
4,9,10,15
4,10,11,15
4,11,12,15
4,12,13,15
4,13,14,15
4,14,15,18
4,15,16,18
4,16,17,18
4,17,18,18
4,18,19,18
4,19,20,18
4,20,21,18
4,21,22,18
4,22,23,18
4,23,24,18
4,24,25,18
4,25,26,18
4,26,27,18
4,27,28,18
4,28,29,18
4,29,30,18
4,30,31,18
4,31,32,18
4,32,33,18
4,33,34,18
4,34,35,18
4,35,36,18
4,36,37,18
4,37,38,18
4,38,39,18
4,39,40,18
4,40,41,18
4,41,42,18
4,42,43,18
4,43,44,18
4,44,45,18
4,45,46,18
4,46,47,18
4,47,48,18
4,48,49,18
4,49,50,18
4,50,51,18
4,51,52,18
4,52,53,18
4,53,54,18
4,54,55,18
4,55,56,18
4,56,57,18
4,57,58,18
4,58,59,18
4,59,60,18
4,60,61,18
4,61,62,18
4,62,63,18
4,63,64,18
4,64,65,18
4,96,97,18
4,100,101,18
4,127,128,18
4,128,129,18
4,160,161,18
4,192,193,18
4,255,256,18
4,256,257,18
4,320,321,18
4,512,513,18
4,576,577,18
4,640,641,18
4,1024,1025,18
4,1120,1121,18
4,1152,1153,18
5,0,5,17
5,1,5,17
5,2,6,14
5,3,6,14
5,4,7,12
5,5,7,12
5,6,8,13
5,7,9,13
5,8,9,15
5,9,10,15
5,10,11,15
5,11,12,15
5,12,13,15
5,13,14,15
5,14,15,15
5,15,16,15
5,16,17,15
5,17,18,15
5,18,19,18
5,19,20,18
5,20,21,18
5,21,22,18
5,22,23,18
5,23,24,18
5,24,25,18
5,25,26,18
5,26,27,18
5,27,28,18
5,28,29,18
5,29,30,18
5,30,31,18
5,31,32,18
5,32,33,18
5,33,34,18
5,34,35,18
5,35,36,18
5,36,37,18
5,37,38,18
5,38,39,18
5,39,40,18
5,40,41,18
5,41,42,18
5,42,43,18
5,43,44,18
5,44,45,18
5,45,46,18
5,46,47,18
5,47,48,18
5,48,49,18
5,49,50,18
5,50,51,18
5,51,52,18
5,52,53,18
5,53,54,18
5,54,55,18
5,55,56,18
5,56,57,18
5,57,58,18
5,58,59,18
5,59,60,18
5,60,61,18
5,61,62,18
5,62,63,18
5,63,64,18
5,64,65,18
5,96,97,18
5,100,101,18
5,127,128,18
5,128,129,18
5,160,161,18
5,192,193,18
5,255,256,18
5,256,257,18
5,320,321,18
5,512,513,18
5,576,577,18
5,640,641,18
5,1024,1025,18
5,1120,1121,18
5,1152,1153,18
6,0,6,17
6,1,6,17
6,2,7,14
6,3,7,14
6,4,7,14
6,5,8,12
6,6,9,12
6,7,10,13
6,8,11,13
6,9,11,15
6,10,12,15
6,11,13,15
6,12,14,15
6,13,15,15
6,14,16,15
6,15,17,15
6,16,18,15
6,17,19,15
6,18,20,15
6,19,21,15
6,20,22,15
6,21,23,18
6,22,24,18
6,23,25,18
6,24,26,18
6,25,27,18
6,26,28,18
6,27,29,18
6,28,30,18
6,29,31,18
6,30,32,18
6,31,33,18
6,32,34,18
6,33,35,18
6,34,36,18
6,35,37,18
6,36,38,18
6,37,39,18
6,38,40,18
6,39,41,18
6,40,42,18
6,41,43,18
6,42,44,18
6,43,45,18
6,44,46,18
6,45,47,18
6,46,48,18
6,47,49,18
6,48,50,18
6,49,51,18
6,50,52,18
6,51,53,18
6,52,54,18
6,53,55,18
6,54,56,18
6,55,57,18
6,56,58,18
6,57,59,18
6,58,60,18
6,59,61,18
6,60,62,18
6,61,63,18
6,62,64,18
6,63,65,18
6,64,66,18
6,96,98,18
6,100,102,18
6,127,129,18
6,128,130,18
6,160,162,18
6,192,194,18
6,255,257,18
6,256,258,18
6,320,322,18
6,512,514,18
6,576,578,18
6,640,642,18
6,1024,1026,18
6,1120,1122,18
6,1152,1154,18
7,0,7,17
7,1,7,17
7,2,8,17
7,3,8,14
7,4,8,14
7,5,9,12
7,6,10,12
7,7,10,12
7,8,11,13
7,9,12,13
7,10,13,13
7,11,13,15
7,12,14,15
7,13,15,15
7,14,16,15
7,15,17,15
7,16,18,15
7,17,19,15
7,18,20,15
7,19,21,15
7,20,22,15
7,21,23,15
7,22,24,15
7,23,25,15
7,24,26,15
7,25,27,18
7,26,28,18
7,27,29,18
7,28,30,18
7,29,31,18
7,30,32,18
7,31,33,18
7,32,34,18
7,33,35,18
7,34,36,18
7,35,37,18
7,36,38,18
7,37,39,18
7,38,40,18
7,39,41,18
7,40,42,18
7,41,43,18
7,42,44,18
7,43,45,18
7,44,46,18
7,45,47,18
7,46,48,18
7,47,49,18
7,48,50,18
7,49,51,18
7,50,52,18
7,51,53,18
7,52,54,18
7,53,55,18
7,54,56,18
7,55,57,18
7,56,58,18
7,57,59,18
7,58,60,18
7,59,61,18
7,60,62,18
7,61,63,18
7,62,64,18
7,63,65,18
7,64,66,18
7,96,98,18
7,100,102,18
7,127,129,18
7,128,130,18
7,160,162,18
7,192,194,18
7,255,257,18
7,256,258,18
7,320,322,18
7,512,514,18
7,576,578,18
7,640,642,18
7,1024,1026,18
7,1120,1122,18
7,1152,1154,18
8,0,8,17
8,1,8,17
8,2,9,17
8,3,9,14
8,4,9,14
8,5,9,14
8,6,11,12
8,7,11,12
8,8,11,12
8,9,12,13
8,10,13,13
8,11,14,13
8,12,14,15
8,13,15,15
8,14,16,15
8,15,17,15
8,16,18,15
8,17,19,15
8,18,20,15
8,19,21,15
8,20,22,15
8,21,23,15
8,22,24,15
8,23,25,15
8,24,26,15
8,25,27,15
8,26,28,15
8,27,29,15
8,28,29,18
8,29,30,18
8,30,31,18
8,31,32,18
8,32,33,18
8,33,34,18
8,34,35,18
8,35,36,18
8,36,37,18
8,37,38,18
8,38,39,18
8,39,40,18
8,40,41,18
8,41,42,18
8,42,43,18
8,43,44,18
8,44,45,18
8,45,46,18
8,46,47,18
8,47,48,18
8,48,49,18
8,49,50,18
8,50,51,18
8,51,52,18
8,52,53,18
8,53,54,18
8,54,55,18
8,55,56,18
8,56,57,18
8,57,58,18
8,58,59,18
8,59,60,18
8,60,61,18
8,61,62,18
8,62,63,18
8,63,64,18
8,64,65,18
8,96,97,18
8,100,101,18
8,127,128,18
8,128,129,18
8,160,161,18
8,192,193,18
8,255,256,18
8,256,257,18
8,320,321,18
8,512,513,18
8,576,577,18
8,640,641,18
8,1024,1025,18
8,1120,1121,18
8,1152,1153,18
9,0,9,17
9,1,9,17
9,2,10,17
9,3,10,14
9,4,10,14
9,5,10,14
9,6,11,14
9,7,12,12
9,8,12,12
9,9,12,12
9,10,13,13
9,11,14,13
9,12,15,13
9,13,16,13
9,14,16,15
9,15,17,15
9,16,18,15
9,17,19,15
9,18,20,15
9,19,21,15
9,20,22,15
9,21,23,15
9,22,24,15
9,23,25,15
9,24,26,15
9,25,27,15
9,26,28,15
9,27,29,15
9,28,30,15
9,29,31,15
9,30,32,15
9,31,33,15
9,32,33,18
9,33,34,18
9,34,35,18
9,35,36,18
9,36,37,18
9,37,38,18
9,38,39,18
9,39,40,18
9,40,41,18
9,41,42,18
9,42,43,18
9,43,44,18
9,44,45,18
9,45,46,18
9,46,47,18
9,47,48,18
9,48,49,18
9,49,50,18
9,50,51,18
9,51,52,18
9,52,53,18
9,53,54,18
9,54,55,18
9,55,56,18
9,56,57,18
9,57,58,18
9,58,59,18
9,59,60,18
9,60,61,18
9,61,62,18
9,62,63,18
9,63,64,18
9,64,65,18
9,96,97,18
9,100,101,18
9,127,128,18
9,128,129,18
9,160,161,18
9,192,193,18
9,255,256,18
9,256,257,18
9,320,321,18
9,512,513,18
9,576,577,18
9,640,641,18
9,1024,1025,18
9,1120,1121,18
9,1152,1153,18
10,0,10,17
10,1,10,17
10,2,11,17
10,3,11,14
10,4,11,14
10,5,11,14
10,6,12,14
10,7,13,12
10,8,13,12
10,9,13,12
10,10,14,12
10,11,15,13
10,12,16,13
10,13,17,13
10,14,18,13
10,15,18,15
10,16,19,15
10,17,20,15
10,18,21,15
10,19,22,15
10,20,23,15
10,21,24,15
10,22,25,15
10,23,26,15
10,24,27,15
10,25,28,15
10,26,29,15
10,27,30,15
10,28,31,15
10,29,32,15
10,30,33,15
10,31,34,15
10,32,35,15
10,33,36,15
10,34,37,15
10,35,37,18
10,36,38,18
10,37,39,18
10,38,40,18
10,39,41,18
10,40,42,18
10,41,43,18
10,42,44,18
10,43,45,18
10,44,46,18
10,45,47,18
10,46,48,18
10,47,49,18
10,48,50,18
10,49,51,18
10,50,52,18
10,51,53,18
10,52,54,18
10,53,55,18
10,54,56,18
10,55,57,18
10,56,58,18
10,57,59,18
10,58,60,18
10,59,61,18
10,60,62,18
10,61,63,18
10,62,64,18
10,63,65,18
10,64,66,18
10,96,98,18
10,100,102,18
10,127,129,18
10,128,130,18
10,160,162,18
10,192,194,18
10,255,257,18
10,256,258,18
10,320,322,18
10,512,514,18
10,576,578,18
10,640,642,18
10,1024,1026,18
10,1120,1122,18
10,1152,1154,18
11,0,11,17
11,1,11,17
11,2,12,17
11,3,12,17
11,4,12,14
11,5,12,14
11,6,13,14
11,7,13,14
11,8,14,12
11,9,14,12
11,10,15,12
11,11,15,12
11,12,16,13
11,13,17,13
11,14,18,13
11,15,19,13
11,16,20,13
11,17,20,15
11,18,21,15
11,19,22,15
11,20,23,15
11,21,24,15
11,22,25,15
11,23,26,15
11,24,27,15
11,25,28,15
11,26,29,15
11,27,30,15
11,28,31,15
11,29,32,15
11,30,33,15
11,31,34,15
11,32,35,15
11,33,36,15
11,34,37,15
11,35,38,15
11,36,39,15
11,37,40,15
11,38,41,15
11,39,41,18
11,40,42,18
11,41,43,18
11,42,44,18
11,43,45,18
11,44,46,18
11,45,47,18
11,46,48,18
11,47,49,18
11,48,50,18
11,49,51,18
11,50,52,18
11,51,53,18
11,52,54,18
11,53,55,18
11,54,56,18
11,55,57,18
11,56,58,18
11,57,59,18
11,58,60,18
11,59,61,18
11,60,62,18
11,61,63,18
11,62,64,18
11,63,65,18
11,64,66,18
11,96,98,18
11,100,102,18
11,127,129,18
11,128,130,18
11,160,162,18
11,192,194,18
11,255,257,18
11,256,258,18
11,320,322,18
11,512,514,18
11,576,578,18
11,640,642,18
11,1024,1026,18
11,1120,1122,18
11,1152,1154,18
12,0,12,17
12,1,12,17
12,2,13,17
12,3,13,17
12,4,13,14
12,5,13,14
12,6,14,14
12,7,14,14
12,8,14,14
12,9,15,12
12,10,16,12
12,11,16,12
12,12,17,12
12,13,18,13
12,14,19,13
12,15,20,13
12,16,21,13
12,17,22,13
12,18,21,15
12,19,22,15
12,20,23,15
12,21,24,15
12,22,25,15
12,23,26,15
12,24,27,15
12,25,28,15
12,26,29,15
12,27,30,15
12,28,31,15
12,29,32,15
12,30,33,15
12,31,34,15
12,32,35,15
12,33,36,15
12,34,37,15
12,35,38,15
12,36,39,15
12,37,40,15
12,38,41,15
12,39,42,15
12,40,43,15
12,41,44,15
12,42,44,18
12,43,45,18
12,44,46,18
12,45,47,18
12,46,48,18
12,47,49,18
12,48,50,18
12,49,51,18
12,50,52,18
12,51,53,18
12,52,54,18
12,53,55,18
12,54,56,18
12,55,57,18
12,56,58,18
12,57,59,18
12,58,60,18
12,59,61,18
12,60,62,18
12,61,63,18
12,62,64,18
12,63,65,18
12,64,66,18
12,96,98,18
12,100,102,18
12,127,129,18
12,128,130,18
12,160,162,18
12,192,194,18
12,255,257,18
12,256,258,18
12,320,322,18
12,512,514,18
12,576,578,18
12,640,642,18
12,1024,1026,18
12,1120,1122,18
12,1152,1154,18
13,0,13,17
13,1,13,17
13,2,14,17
13,3,14,17
13,4,14,14
13,5,14,14
13,6,15,14
13,7,15,14
13,8,15,14
13,9,16,12
13,10,17,12
13,11,17,12
13,12,18,12
13,13,18,12
13,14,19,13
13,15,20,13
13,16,21,13
13,17,22,13
13,18,23,13
13,19,24,13
13,20,23,15
13,21,24,15
13,22,25,15
13,23,26,15
13,24,27,15
13,25,28,15
13,26,29,15
13,27,30,15
13,28,31,15
13,29,32,15
13,30,33,15
13,31,34,15
13,32,35,15
13,33,36,15
13,34,37,15
13,35,38,15
13,36,39,15
13,37,40,15
13,38,41,15
13,39,42,15
13,40,43,15
13,41,44,15
13,42,45,15
13,43,46,15
13,44,47,15
13,45,48,15
13,46,48,18
13,47,49,18
13,48,50,18
13,49,51,18
13,50,52,18
13,51,53,18
13,52,54,18
13,53,55,18
13,54,56,18
13,55,57,18
13,56,58,18
13,57,59,18
13,58,60,18
13,59,61,18
13,60,62,18
13,61,63,18
13,62,64,18
13,63,65,18
13,64,66,18
13,96,98,18
13,100,102,18
13,127,129,18
13,128,130,18
13,160,162,18
13,192,194,18
13,255,257,18
13,256,258,18
13,320,322,18
13,512,514,18
13,576,578,18
13,640,642,18
13,1024,1026,18
13,1120,1122,18
13,1152,1154,18
14,0,14,17
14,1,14,17
14,2,15,17
14,3,15,17
14,4,15,17
14,5,15,14
14,6,16,14
14,7,16,14
14,8,16,14
14,9,16,14
14,10,18,12
14,11,18,12
14,12,19,12
14,13,19,12
14,14,20,12
14,15,21,13
14,16,22,13
14,17,23,13
14,18,24,13
14,19,25,13
14,20,26,13
14,21,25,15
14,22,26,15
14,23,27,15
14,24,28,15
14,25,29,15
14,26,30,15
14,27,31,15
14,28,32,15
14,29,33,15
14,30,34,15
14,31,35,15
14,32,36,15
14,33,37,15
14,34,38,15
14,35,39,15
14,36,40,15
14,37,41,15
14,38,42,15
14,39,43,15
14,40,44,15
14,41,45,15
14,42,46,15
14,43,47,15
14,44,48,15
14,45,49,15
14,46,50,15
14,47,51,15
14,48,52,15
14,49,52,18
14,50,53,18
14,51,54,18
14,52,55,18
14,53,56,18
14,54,57,18
14,55,58,18
14,56,59,18
14,57,60,18
14,58,61,18
14,59,62,18
14,60,63,18
14,61,64,18
14,62,65,18
14,63,66,18
14,64,67,18
14,96,99,18
14,100,103,18
14,127,130,18
14,128,131,18
14,160,163,18
14,192,195,18
14,255,258,18
14,256,259,18
14,320,323,18
14,512,515,18
14,576,579,18
14,640,643,18
14,1024,1027,18
14,1120,1123,18
14,1152,1155,18
15,0,15,17
15,1,15,17
15,2,16,17
15,3,16,17
15,4,16,17
15,5,16,14
15,6,17,14
15,7,17,14
15,8,17,14
15,9,17,14
15,10,18,14
15,11,19,12
15,12,20,12
15,13,20,12
15,14,21,12
15,15,21,12
15,16,22,13
15,17,23,13
15,18,24,13
15,19,25,13
15,20,26,13
15,21,27,13
15,22,28,13
15,23,27,15
15,24,28,15
15,25,29,15
15,26,30,15
15,27,31,15
15,28,32,15
15,29,33,15
15,30,34,15
15,31,35,15
15,32,36,15
15,33,37,15
15,34,38,15
15,35,39,15
15,36,40,15
15,37,41,15
15,38,42,15
15,39,43,15
15,40,44,15
15,41,45,15
15,42,46,15
15,43,47,15
15,44,48,15
15,45,49,15
15,46,50,15
15,47,51,15
15,48,52,15
15,49,53,15
15,50,54,15
15,51,55,15
15,52,56,15
15,53,56,18
15,54,57,18
15,55,58,18
15,56,59,18
15,57,60,18
15,58,61,18
15,59,62,18
15,60,63,18
15,61,64,18
15,62,65,18
15,63,66,18
15,64,67,18
15,96,99,18
15,100,103,18
15,127,130,18
15,128,131,18
15,160,163,18
15,192,195,18
15,255,258,18
15,256,259,18
15,320,323,18
15,512,515,18
15,576,579,18
15,640,643,18
15,1024,1027,18
15,1120,1123,18
15,1152,1155,18
16,0,16,17
16,1,16,17
16,2,17,17
16,3,17,17
16,4,17,17
16,5,17,14
16,6,18,14
16,7,18,14
16,8,18,14
16,9,18,14
16,10,19,14
16,11,20,12
16,12,21,12
16,13,21,12
16,14,22,12
16,15,22,12
16,16,22,12
16,17,23,13
16,18,24,13
16,19,25,13
16,20,26,13
16,21,27,13
16,22,28,13
16,23,29,13
16,24,28,15
16,25,29,15
16,26,30,15
16,27,31,15
16,28,32,15
16,29,33,15
16,30,34,15
16,31,35,15
16,32,36,15
16,33,37,15
16,34,38,15
16,35,39,15
16,36,40,15
16,37,41,15
16,38,42,15
16,39,43,15
16,40,44,15
16,41,45,15
16,42,46,15
16,43,47,15
16,44,48,15
16,45,49,15
16,46,50,15
16,47,51,15
16,48,52,15
16,49,53,15
16,50,54,15
16,51,55,15
16,52,56,15
16,53,57,15
16,54,58,15
16,55,59,15
16,56,58,18
16,57,59,18
16,58,60,18
16,59,61,18
16,60,62,18
16,61,63,18
16,62,64,18
16,63,65,18
16,64,66,18
16,96,98,18
16,100,102,18
16,127,129,18
16,128,130,18
16,160,162,18
16,192,194,18
16,255,257,18
16,256,258,18
16,320,322,18
16,512,514,18
16,576,578,18
16,640,642,18
16,1024,1026,18
16,1120,1122,18
16,1152,1154,18
17,0,17,17
17,1,17,17
17,2,18,17
17,3,18,17
17,4,18,17
17,5,18,14
17,6,19,14
17,7,19,14
17,8,19,14
17,9,19,14
17,10,20,14
17,11,20,14
17,12,22,12
17,13,22,12
17,14,23,12
17,15,23,12
17,16,23,12
17,17,23,12
17,18,24,13
17,19,25,13
17,20,26,13
17,21,27,13
17,22,28,13
17,23,29,13
17,24,30,13
17,25,31,13
17,26,30,15
17,27,31,15
17,28,32,15
17,29,33,15
17,30,34,15
17,31,35,15
17,32,36,15
17,33,37,15
17,34,38,15
17,35,39,15
17,36,40,15
17,37,41,15
17,38,42,15
17,39,43,15
17,40,44,15
17,41,45,15
17,42,46,15
17,43,47,15
17,44,48,15
17,45,49,15
17,46,50,15
17,47,51,15
17,48,52,15
17,49,53,15
17,50,54,15
17,51,55,15
17,52,56,15
17,53,57,15
17,54,58,15
17,55,59,15
17,56,60,15
17,57,61,15
17,58,62,15
17,59,63,15
17,60,62,18
17,61,63,18
17,62,64,18
17,63,65,18
17,64,66,18
17,96,98,18
17,100,102,18
17,127,129,18
17,128,130,18
17,160,162,18
17,192,194,18
17,255,257,18
17,256,258,18
17,320,322,18
17,512,514,18
17,576,578,18
17,640,642,18
17,1024,1026,18
17,1120,1122,18
17,1152,1154,18
18,0,18,17
18,1,18,17
18,2,19,17
18,3,19,17
18,4,19,17
18,5,19,17
18,6,20,14
18,7,20,14
18,8,20,14
18,9,20,14
18,10,21,14
18,11,21,14
18,12,21,14
18,13,23,12
18,14,24,12
18,15,24,12
18,16,24,12
18,17,24,12
18,18,25,12
18,19,26,13
18,20,27,13
18,21,28,13
18,22,29,13
18,23,30,13
18,24,31,13
18,25,32,13
18,26,33,13
18,27,32,15
18,28,33,15
18,29,34,15
18,30,35,15
18,31,36,15
18,32,37,15
18,33,38,15
18,34,39,15
18,35,40,15
18,36,41,15
18,37,42,15
18,38,43,15
18,39,44,15
18,40,45,15
18,41,46,15
18,42,47,15
18,43,48,15
18,44,49,15
18,45,50,15
18,46,51,15
18,47,52,15
18,48,53,15
18,49,54,15
18,50,55,15
18,51,56,15
18,52,57,15
18,53,58,15
18,54,59,15
18,55,60,15
18,56,61,15
18,57,62,15
18,58,63,15
18,59,64,15
18,60,65,15
18,61,66,15
18,62,67,15
18,63,66,18
18,64,67,18
18,96,99,18
18,100,103,18
18,127,130,18
18,128,131,18
18,160,163,18
18,192,195,18
18,255,258,18
18,256,259,18
18,320,323,18
18,512,515,18
18,576,579,18
18,640,643,18
18,1024,1027,18
18,1120,1123,18
18,1152,1155,18
19,0,19,17
19,1,19,17
19,2,20,17
19,3,20,17
19,4,20,17
19,5,20,17
19,6,21,14
19,7,21,14
19,8,21,14
19,9,21,14
19,10,22,14
19,11,22,14
19,12,22,14
19,13,24,12
19,14,25,12
19,15,25,12
19,16,25,12
19,17,25,12
19,18,26,12
19,19,26,12
19,20,27,13
19,21,28,13
19,22,29,13
19,23,30,13
19,24,31,13
19,25,32,13
19,26,33,13
19,27,34,13
19,28,35,13
19,29,34,15
19,30,35,15
19,31,36,15
19,32,37,15
19,33,38,15
19,34,39,15
19,35,40,15
19,36,41,15
19,37,42,15
19,38,43,15
19,39,44,15
19,40,45,15
19,41,46,15
19,42,47,15
19,43,48,15
19,44,49,15
19,45,50,15
19,46,51,15
19,47,52,15
19,48,53,15
19,49,54,15
19,50,55,15
19,51,56,15
19,52,57,15
19,53,58,15
19,54,59,15
19,55,60,15
19,56,61,15
19,57,62,15
19,58,63,15
19,59,64,15
19,60,65,15
19,61,66,15
19,62,67,15
19,63,68,15
19,64,69,15
19,96,99,18
19,100,103,18
19,127,130,18
19,128,131,18
19,160,163,18
19,192,195,18
19,255,258,18
19,256,259,18
19,320,323,18
19,512,515,18
19,576,579,18
19,640,643,18
19,1024,1027,18
19,1120,1123,18
19,1152,1155,18
20,0,20,17
20,1,20,17
20,2,21,17
20,3,21,17
20,4,21,17
20,5,21,17
20,6,22,14
20,7,22,14
20,8,22,14
20,9,22,14
20,10,23,14
20,11,23,14
20,12,23,14
20,13,23,14
20,14,26,12
20,15,26,12
20,16,26,12
20,17,26,12
20,18,27,12
20,19,27,12
20,20,28,12
20,21,29,13
20,22,30,13
20,23,31,13
20,24,32,13
20,25,33,13
20,26,34,13
20,27,35,13
20,28,36,13
20,29,37,13
20,30,35,15
20,31,36,15
20,32,37,15
20,33,38,15
20,34,39,15
20,35,40,15
20,36,41,15
20,37,42,15
20,38,43,15
20,39,44,15
20,40,45,15
20,41,46,15
20,42,47,15
20,43,48,15
20,44,49,15
20,45,50,15
20,46,51,15
20,47,52,15
20,48,53,15
20,49,54,15
20,50,55,15
20,51,56,15
20,52,57,15
20,53,58,15
20,54,59,15
20,55,60,15
20,56,61,15
20,57,62,15
20,58,63,15
20,59,64,15
20,60,65,15
20,61,66,15
20,62,67,15
20,63,68,15
20,64,69,15
20,96,99,18
20,100,103,18
20,127,130,18
20,128,131,18
20,160,163,18
20,192,195,18
20,255,258,18
20,256,259,18
20,320,323,18
20,512,515,18
20,576,579,18
20,640,643,18
20,1024,1027,18
20,1120,1123,18
20,1152,1155,18
21,0,21,17
21,1,21,17
21,2,22,17
21,3,22,17
21,4,22,17
21,5,22,17
21,6,23,17
21,7,23,14
21,8,23,14
21,9,23,14
21,10,24,14
21,11,24,14
21,12,24,14
21,13,24,14
21,14,25,14
21,15,27,12
21,16,27,12
21,17,27,12
21,18,28,12
21,19,28,12
21,20,29,12
21,21,29,12
21,22,30,13
21,23,31,13
21,24,32,13
21,25,33,13
21,26,34,13
21,27,35,13
21,28,36,13
21,29,37,13
21,30,38,13
21,31,39,13
21,32,37,15
21,33,38,15
21,34,39,15
21,35,40,15
21,36,41,15
21,37,42,15
21,38,43,15
21,39,44,15
21,40,45,15
21,41,46,15
21,42,47,15
21,43,48,15
21,44,49,15
21,45,50,15
21,46,51,15
21,47,52,15
21,48,53,15
21,49,54,15
21,50,55,15
21,51,56,15
21,52,57,15
21,53,58,15
21,54,59,15
21,55,60,15
21,56,61,15
21,57,62,15
21,58,63,15
21,59,64,15
21,60,65,15
21,61,66,15
21,62,67,15
21,63,68,15
21,64,69,15
21,96,99,18
21,100,103,18
21,127,130,18
21,128,131,18
21,160,163,18
21,192,195,18
21,255,258,18
21,256,259,18
21,320,323,18
21,512,515,18
21,576,579,18
21,640,643,18
21,1024,1027,18
21,1120,1123,18
21,1152,1155,18
22,0,22,17
22,1,22,17
22,2,23,17
22,3,23,17
22,4,23,17
22,5,23,17
22,6,24,17
22,7,24,14
22,8,24,14
22,9,24,14
22,10,25,14
22,11,25,14
22,12,25,14
22,13,25,14
22,14,26,14
22,15,28,12
22,16,28,12
22,17,28,12
22,18,29,12
22,19,29,12
22,20,30,12
22,21,30,12
22,22,31,12
22,23,32,13
22,24,33,13
22,25,34,13
22,26,35,13
22,27,36,13
22,28,37,13
22,29,38,13
22,30,39,13
22,31,40,13
22,32,41,13
22,33,39,15
22,34,40,15
22,35,41,15
22,36,42,15
22,37,43,15
22,38,44,15
22,39,45,15
22,40,46,15
22,41,47,15
22,42,48,15
22,43,49,15
22,44,50,15
22,45,51,15
22,46,52,15
22,47,53,15
22,48,54,15
22,49,55,15
22,50,56,15
22,51,57,15
22,52,58,15
22,53,59,15
22,54,60,15
22,55,61,15
22,56,62,15
22,57,63,15
22,58,64,15
22,59,65,15
22,60,66,15
22,61,67,15
22,62,68,15
22,63,69,15
22,64,70,15
22,96,100,18
22,100,104,18
22,127,131,18
22,128,132,18
22,160,164,18
22,192,196,18
22,255,259,18
22,256,260,18
22,320,324,18
22,512,516,18
22,576,580,18
22,640,644,18
22,1024,1028,18
22,1120,1124,18
22,1152,1156,18
23,0,23,17
23,1,23,17
23,2,24,17
23,3,24,17
23,4,24,17
23,5,24,17
23,6,25,17
23,7,25,14
23,8,25,14
23,9,25,14
23,10,26,14
23,11,26,14
23,12,26,14
23,13,26,14
23,14,27,14
23,15,27,14
23,16,29,12
23,17,29,12
23,18,30,12
23,19,30,12
23,20,31,12
23,21,31,12
23,22,32,12
23,23,32,12
23,24,33,13
23,25,34,13
23,26,35,13
23,27,36,13
23,28,37,13
23,29,38,13
23,30,39,13
23,31,40,13
23,32,41,13
23,33,42,13
23,34,43,13
23,35,41,15
23,36,42,15
23,37,43,15
23,38,44,15
23,39,45,15
23,40,46,15
23,41,47,15
23,42,48,15
23,43,49,15
23,44,50,15
23,45,51,15
23,46,52,15
23,47,53,15
23,48,54,15
23,49,55,15
23,50,56,15
23,51,57,15
23,52,58,15
23,53,59,15
23,54,60,15
23,55,61,15
23,56,62,15
23,57,63,15
23,58,64,15
23,59,65,15
23,60,66,15
23,61,67,15
23,62,68,15
23,63,69,15
23,64,70,15
23,96,100,18
23,100,104,18
23,127,131,18
23,128,132,18
23,160,164,18
23,192,196,18
23,255,259,18
23,256,260,18
23,320,324,18
23,512,516,18
23,576,580,18
23,640,644,18
23,1024,1028,18
23,1120,1124,18
23,1152,1156,18
24,0,24,17
24,1,24,17
24,2,25,17
24,3,25,17
24,4,25,17
24,5,25,17
24,6,26,17
24,7,26,14
24,8,26,14
24,9,26,14
24,10,27,14
24,11,27,14
24,12,27,14
24,13,27,14
24,14,28,14
24,15,28,14
24,16,28,14
24,17,30,12
24,18,31,12
24,19,31,12
24,20,32,12
24,21,32,12
24,22,33,12
24,23,33,12
24,24,33,12
24,25,34,13
24,26,35,13
24,27,36,13
24,28,37,13
24,29,38,13
24,30,39,13
24,31,40,13
24,32,41,13
24,33,42,13
24,34,43,13
24,35,44,13
24,36,42,15
24,37,43,15
24,38,44,15
24,39,45,15
24,40,46,15
24,41,47,15
24,42,48,15
24,43,49,15
24,44,50,15
24,45,51,15
24,46,52,15
24,47,53,15
24,48,54,15
24,49,55,15
24,50,56,15
24,51,57,15
24,52,58,15
24,53,59,15
24,54,60,15
24,55,61,15
24,56,62,15
24,57,63,15
24,58,64,15
24,59,65,15
24,60,66,15
24,61,67,15
24,62,68,15
24,63,69,15
24,64,70,15
24,96,99,18
24,100,103,18
24,127,130,18
24,128,131,18
24,160,163,18
24,192,195,18
24,255,258,18
24,256,259,18
24,320,323,18
24,512,515,18
24,576,579,18
24,640,643,18
24,1024,1027,18
24,1120,1123,18
24,1152,1155,18
25,0,25,17
25,1,25,17
25,2,26,17
25,3,26,17
25,4,26,17
25,5,26,17
25,6,27,17
25,7,27,17
25,8,27,14
25,9,27,14
25,10,28,14
25,11,28,14
25,12,28,14
25,13,28,14
25,14,29,14
25,15,29,14
25,16,29,14
25,17,31,12
25,18,32,12
25,19,32,12
25,20,33,12
25,21,33,12
25,22,34,12
25,23,34,12
25,24,34,12
25,25,34,12
25,26,35,13
25,27,36,13
25,28,37,13
25,29,38,13
25,30,39,13
25,31,40,13
25,32,41,13
25,33,42,13
25,34,43,13
25,35,44,13
25,36,45,13
25,37,46,13
25,38,44,15
25,39,45,15
25,40,46,15
25,41,47,15
25,42,48,15
25,43,49,15
25,44,50,15
25,45,51,15
25,46,52,15
25,47,53,15
25,48,54,15
25,49,55,15
25,50,56,15
25,51,57,15
25,52,58,15
25,53,59,15
25,54,60,15
25,55,61,15
25,56,62,15
25,57,63,15
25,58,64,15
25,59,65,15
25,60,66,15
25,61,67,15
25,62,68,15
25,63,69,15
25,64,70,15
25,96,99,18
25,100,103,18
25,127,130,18
25,128,131,18
25,160,163,18
25,192,195,18
25,255,258,18
25,256,259,18
25,320,323,18
25,512,515,18
25,576,579,18
25,640,643,18
25,1024,1027,18
25,1120,1123,18
25,1152,1155,18
26,0,26,17
26,1,26,17
26,2,27,17
26,3,27,17
26,4,27,17
26,5,27,17
26,6,28,17
26,7,28,17
26,8,28,14
26,9,28,14
26,10,29,14
26,11,29,14
26,12,29,14
26,13,29,14
26,14,30,14
26,15,30,14
26,16,30,14
26,17,30,14
26,18,33,12
26,19,33,12
26,20,34,12
26,21,34,12
26,22,35,12
26,23,35,12
26,24,35,12
26,25,35,12
26,26,36,12
26,27,37,13
26,28,38,13
26,29,39,13
26,30,40,13
26,31,41,13
26,32,42,13
26,33,43,13
26,34,44,13
26,35,45,13
26,36,46,13
26,37,47,13
26,38,48,13
26,39,46,15
26,40,47,15
26,41,48,15
26,42,49,15
26,43,50,15
26,44,51,15
26,45,52,15
26,46,53,15
26,47,54,15
26,48,55,15
26,49,56,15
26,50,57,15
26,51,58,15
26,52,59,15
26,53,60,15
26,54,61,15
26,55,62,15
26,56,63,15
26,57,64,15
26,58,65,15
26,59,66,15
26,60,67,15
26,61,68,15
26,62,69,15
26,63,70,15
26,64,71,15
26,96,100,18
26,100,104,18
26,127,131,18
26,128,132,18
26,160,164,18
26,192,196,18
26,255,259,18
26,256,260,18
26,320,324,18
26,512,516,18
26,576,580,18
26,640,644,18
26,1024,1028,18
26,1120,1124,18
26,1152,1156,18
27,0,27,17
27,1,27,17
27,2,28,17
27,3,28,17
27,4,28,17
27,5,28,17
27,6,29,17
27,7,29,17
27,8,29,14
27,9,29,14
27,10,30,14
27,11,30,14
27,12,30,14
27,13,30,14
27,14,31,14
27,15,31,14
27,16,31,14
27,17,31,14
27,18,32,14
27,19,34,12
27,20,35,12
27,21,35,12
27,22,36,12
27,23,36,12
27,24,36,12
27,25,36,12
27,26,37,12
27,27,37,12
27,28,38,13
27,29,39,13
27,30,40,13
27,31,41,13
27,32,42,13
27,33,43,13
27,34,44,13
27,35,45,13
27,36,46,13
27,37,47,13
27,38,48,13
27,39,49,13
27,40,50,13
27,41,48,15
27,42,49,15
27,43,50,15
27,44,51,15
27,45,52,15
27,46,53,15
27,47,54,15
27,48,55,15
27,49,56,15
27,50,57,15
27,51,58,15
27,52,59,15
27,53,60,15
27,54,61,15
27,55,62,15
27,56,63,15
27,57,64,15
27,58,65,15
27,59,66,15
27,60,67,15
27,61,68,15
27,62,69,15
27,63,70,15
27,64,71,15
27,96,100,18
27,100,104,18
27,127,131,18
27,128,132,18
27,160,164,18
27,192,196,18
27,255,259,18
27,256,260,18
27,320,324,18
27,512,516,18
27,576,580,18
27,640,644,18
27,1024,1028,18
27,1120,1124,18
27,1152,1156,18
28,0,28,17
28,1,28,17
28,2,29,17
28,3,29,17
28,4,29,17
28,5,29,17
28,6,30,17
28,7,30,17
28,8,29,17
28,9,30,14
28,10,31,14
28,11,31,14
28,12,31,14
28,13,31,14
28,14,32,14
28,15,32,14
28,16,32,14
28,17,32,14
28,18,33,14
28,19,35,12
28,20,36,12
28,21,36,12
28,22,37,12
28,23,37,12
28,24,37,12
28,25,37,12
28,26,38,12
28,27,38,12
28,28,39,12
28,29,40,13
28,30,41,13
28,31,42,13
28,32,43,13
28,33,44,13
28,34,45,13
28,35,46,13
28,36,47,13
28,37,48,13
28,38,49,13
28,39,50,13
28,40,51,13
28,41,52,13
28,42,49,15
28,43,50,15
28,44,51,15
28,45,52,15
28,46,53,15
28,47,54,15
28,48,55,15
28,49,56,15
28,50,57,15
28,51,58,15
28,52,59,15
28,53,60,15
28,54,61,15
28,55,62,15
28,56,63,15
28,57,64,15
28,58,65,15
28,59,66,15
28,60,67,15
28,61,68,15
28,62,69,15
28,63,70,15
28,64,71,15
28,96,103,15
28,100,104,18
28,127,131,18
28,128,132,18
28,160,164,18
28,192,196,18
28,255,259,18
28,256,260,18
28,320,324,18
28,512,516,18
28,576,580,18
28,640,644,18
28,1024,1028,18
28,1120,1124,18
28,1152,1156,18
29,0,29,17
29,1,29,17
29,2,30,17
29,3,30,17
29,4,30,17
29,5,30,17
29,6,31,17
29,7,31,17
29,8,30,17
29,9,31,14
29,10,32,14
29,11,32,14
29,12,32,14
29,13,32,14
29,14,33,14
29,15,33,14
29,16,33,14
29,17,33,14
29,18,34,14
29,19,34,14
29,20,37,12
29,21,37,12
29,22,38,12
29,23,38,12
29,24,38,12
29,25,38,12
29,26,39,12
29,27,39,12
29,28,40,12
29,29,40,12
29,30,41,13
29,31,42,13
29,32,43,13
29,33,44,13
29,34,45,13
29,35,46,13
29,36,47,13
29,37,48,13
29,38,49,13
29,39,50,13
29,40,51,13
29,41,52,13
29,42,53,13
29,43,54,13
29,44,51,15
29,45,52,15
29,46,53,15
29,47,54,15
29,48,55,15
29,49,56,15
29,50,57,15
29,51,58,15
29,52,59,15
29,53,60,15
29,54,61,15
29,55,62,15
29,56,63,15
29,57,64,15
29,58,65,15
29,59,66,15
29,60,67,15
29,61,68,15
29,62,69,15
29,63,70,15
29,64,71,15
29,96,103,15
29,100,107,15
29,127,131,18
29,128,132,18
29,160,164,18
29,192,196,18
29,255,259,18
29,256,260,18
29,320,324,18
29,512,516,18
29,576,580,18
29,640,644,18
29,1024,1028,18
29,1120,1124,18
29,1152,1156,18
30,0,30,17
30,1,30,17
30,2,31,17
30,3,31,17
30,4,31,17
30,5,31,17
30,6,32,17
30,7,32,17
30,8,31,17
30,9,32,14
30,10,33,14
30,11,33,14
30,12,33,14
30,13,33,14
30,14,34,14
30,15,34,14
30,16,34,14
30,17,34,14
30,18,35,14
30,19,35,14
30,20,35,14
30,21,38,12
30,22,39,12
30,23,39,12
30,24,39,12
30,25,39,12
30,26,40,12
30,27,40,12
30,28,41,12
30,29,41,12
30,30,42,12
30,31,43,13
30,32,44,13
30,33,45,13
30,34,46,13
30,35,47,13
30,36,48,13
30,37,49,13
30,38,50,13
30,39,51,13
30,40,52,13
30,41,53,13
30,42,54,13
30,43,55,13
30,44,56,13
30,45,53,15
30,46,54,15
30,47,55,15
30,48,56,15
30,49,57,15
30,50,58,15
30,51,59,15
30,52,60,15
30,53,61,15
30,54,62,15
30,55,63,15
30,56,64,15
30,57,65,15
30,58,66,15
30,59,67,15
30,60,68,15
30,61,69,15
30,62,70,15
30,63,71,15
30,64,72,15
30,96,104,15
30,100,108,15
30,127,132,18
30,128,133,18
30,160,165,18
30,192,197,18
30,255,260,18
30,256,261,18
30,320,325,18
30,512,517,18
30,576,581,18
30,640,645,18
30,1024,1029,18
30,1120,1125,18
30,1152,1157,18
31,0,31,17
31,1,31,17
31,2,32,17
31,3,32,17
31,4,32,17
31,5,32,17
31,6,33,17
31,7,33,17
31,8,32,17
31,9,33,14
31,10,34,14
31,11,34,14
31,12,34,14
31,13,34,14
31,14,35,14
31,15,35,14
31,16,35,14
31,17,35,14
31,18,36,14
31,19,36,14
31,20,36,14
31,21,39,12
31,22,40,12
31,23,40,12
31,24,40,12
31,25,40,12
31,26,41,12
31,27,41,12
31,28,42,12
31,29,42,12
31,30,43,12
31,31,43,12
31,32,44,13
31,33,45,13
31,34,46,13
31,35,47,13
31,36,48,13
31,37,49,13
31,38,50,13
31,39,51,13
31,40,52,13
31,41,53,13
31,42,54,13
31,43,55,13
31,44,56,13
31,45,57,13
31,46,58,13
31,47,55,15
31,48,56,15
31,49,57,15
31,50,58,15
31,51,59,15
31,52,60,15
31,53,61,15
31,54,62,15
31,55,63,15
31,56,64,15
31,57,65,15
31,58,66,15
31,59,67,15
31,60,68,15
31,61,69,15
31,62,70,15
31,63,71,15
31,64,72,15
31,96,104,15
31,100,108,15
31,127,132,18
31,128,133,18
31,160,165,18
31,192,197,18
31,255,260,18
31,256,261,18
31,320,325,18
31,512,517,18
31,576,581,18
31,640,645,18
31,1024,1029,18
31,1120,1125,18
31,1152,1157,18
32,0,32,17
32,1,32,17
32,2,33,17
32,3,33,17
32,4,33,17
32,5,33,17
32,6,34,17
32,7,34,17
32,8,33,17
32,9,33,17
32,10,35,14
32,11,35,14
32,12,35,14
32,13,35,14
32,14,36,14
32,15,36,14
32,16,36,14
32,17,36,14
32,18,37,14
32,19,37,14
32,20,37,14
32,21,37,14
32,22,41,12
32,23,41,12
32,24,41,12
32,25,41,12
32,26,42,12
32,27,42,12
32,28,43,12
32,29,43,12
32,30,44,12
32,31,44,12
32,32,44,12
32,33,45,13
32,34,46,13
32,35,47,13
32,36,48,13
32,37,49,13
32,38,50,13
32,39,51,13
32,40,52,13
32,41,53,13
32,42,54,13
32,43,55,13
32,44,56,13
32,45,57,13
32,46,58,13
32,47,59,13
32,48,56,15
32,49,57,15
32,50,58,15
32,51,59,15
32,52,60,15
32,53,61,15
32,54,62,15
32,55,63,15
32,56,64,15
32,57,65,15
32,58,66,15
32,59,67,15
32,60,68,15
32,61,69,15
32,62,70,15
32,63,71,15
32,64,72,15
32,96,104,15
32,100,108,15
32,127,131,18
32,128,132,18
32,160,164,18
32,192,196,18
32,255,259,18
32,256,260,18
32,320,324,18
32,512,516,18
32,576,580,18
32,640,644,18
32,1024,1028,18
32,1120,1124,18
32,1152,1156,18
33,0,33,17
33,1,33,17
33,2,34,17
33,3,34,17
33,4,34,17
33,5,34,17
33,6,35,17
33,7,35,17
33,8,34,17
33,9,34,17
33,10,36,14
33,11,36,14
33,12,36,14
33,13,36,14
33,14,37,14
33,15,37,14
33,16,37,14
33,17,37,14
33,18,38,14
33,19,38,14
33,20,38,14
33,21,38,14
33,22,39,14
33,23,42,12
33,24,42,12
33,25,42,12
33,26,43,12
33,27,43,12
33,28,44,12
33,29,44,12
33,30,45,12
33,31,45,12
33,32,45,12
33,33,45,12
33,34,46,13
33,35,47,13
33,36,48,13
33,37,49,13
33,38,50,13
33,39,51,13
33,40,52,13
33,41,53,13
33,42,54,13
33,43,55,13
33,44,56,13
33,45,57,13
33,46,58,13
33,47,59,13
33,48,60,13
33,49,61,13
33,50,58,15
33,51,59,15
33,52,60,15
33,53,61,15
33,54,62,15
33,55,63,15
33,56,64,15
33,57,65,15
33,58,66,15
33,59,67,15
33,60,68,15
33,61,69,15
33,62,70,15
33,63,71,15
33,64,72,15
33,96,104,15
33,100,108,15
33,127,131,18
33,128,132,18
33,160,164,18
33,192,196,18
33,255,259,18
33,256,260,18
33,320,324,18
33,512,516,18
33,576,580,18
33,640,644,18
33,1024,1028,18
33,1120,1124,18
33,1152,1156,18
34,0,34,17
34,1,34,17
34,2,35,17
34,3,35,17
34,4,35,17
34,5,35,17
34,6,36,17
34,7,36,17
34,8,35,17
34,9,35,17
34,10,37,14
34,11,37,14
34,12,37,14
34,13,37,14
34,14,38,14
34,15,38,14
34,16,38,14
34,17,38,14
34,18,39,14
34,19,39,14
34,20,39,14
34,21,39,14
34,22,40,14
34,23,43,12
34,24,43,12
34,25,43,12
34,26,44,12
34,27,44,12
34,28,45,12
34,29,45,12
34,30,46,12
34,31,46,12
34,32,46,12
34,33,46,12
34,34,47,12
34,35,48,13
34,36,49,13
34,37,50,13
34,38,51,13
34,39,52,13
34,40,53,13
34,41,54,13
34,42,55,13
34,43,56,13
34,44,57,13
34,45,58,13
34,46,59,13
34,47,60,13
34,48,61,13
34,49,62,13
34,50,63,13
34,51,60,15
34,52,61,15
34,53,62,15
34,54,63,15
34,55,64,15
34,56,65,15
34,57,66,15
34,58,67,15
34,59,68,15
34,60,69,15
34,61,70,15
34,62,71,15
34,63,72,15
34,64,73,15
34,96,105,15
34,100,109,15
34,127,132,18
34,128,133,18
34,160,165,18
34,192,197,18
34,255,260,18
34,256,261,18
34,320,325,18
34,512,517,18
34,576,581,18
34,640,645,18
34,1024,1029,18
34,1120,1125,18
34,1152,1157,18
35,0,35,17
35,1,35,17
35,2,36,17
35,3,36,17
35,4,36,17
35,5,36,17
35,6,37,17
35,7,37,17
35,8,36,17
35,9,36,17
35,10,37,17
35,11,38,14
35,12,38,14
35,13,38,14
35,14,39,14
35,15,39,14
35,16,39,14
35,17,39,14
35,18,40,14
35,19,40,14
35,20,40,14
35,21,40,14
35,22,41,14
35,23,41,14
35,24,44,12
35,25,44,12
35,26,45,12
35,27,45,12
35,28,46,12
35,29,46,12
35,30,47,12
35,31,47,12
35,32,47,12
35,33,47,12
35,34,48,12
35,35,48,12
35,36,49,13
35,37,50,13
35,38,51,13
35,39,52,13
35,40,53,13
35,41,54,13
35,42,55,13
35,43,56,13
35,44,57,13
35,45,58,13
35,46,59,13
35,47,60,13
35,48,61,13
35,49,62,13
35,50,63,13
35,51,64,13
35,52,65,13
35,53,62,15
35,54,63,15
35,55,64,15
35,56,65,15
35,57,66,15
35,58,67,15
35,59,68,15
35,60,69,15
35,61,70,15
35,62,71,15
35,63,72,15
35,64,73,15
35,96,105,15
35,100,109,15
35,127,132,18
35,128,133,18
35,160,165,18
35,192,197,18
35,255,260,18
35,256,261,18
35,320,325,18
35,512,517,18
35,576,581,18
35,640,645,18
35,1024,1029,18
35,1120,1125,18
35,1152,1157,18
36,0,36,17
36,1,36,17
36,2,37,17
36,3,37,17
36,4,37,17
36,5,37,17
36,6,38,17
36,7,38,17
36,8,37,17
36,9,37,17
36,10,38,17
36,11,39,14
36,12,39,14
36,13,39,14
36,14,40,14
36,15,40,14
36,16,40,14
36,17,40,14
36,18,41,14
36,19,41,14
36,20,41,14
36,21,41,14
36,22,42,14
36,23,42,14
36,24,42,14
36,25,45,12
36,26,46,12
36,27,46,12
36,28,47,12
36,29,47,12
36,30,48,12
36,31,48,12
36,32,48,12
36,33,48,12
36,34,49,12
36,35,49,12
36,36,50,12
36,37,51,13
36,38,52,13
36,39,53,13
36,40,54,13
36,41,55,13
36,42,56,13
36,43,57,13
36,44,58,13
36,45,59,13
36,46,60,13
36,47,61,13
36,48,62,13
36,49,63,13
36,50,64,13
36,51,65,13
36,52,66,13
36,53,67,13
36,54,63,15
36,55,64,15
36,56,65,15
36,57,66,15
36,58,67,15
36,59,68,15
36,60,69,15
36,61,70,15
36,62,71,15
36,63,72,15
36,64,73,15
36,96,105,15
36,100,109,15
36,127,132,18
36,128,133,18
36,160,165,18
36,192,197,18
36,255,260,18
36,256,261,18
36,320,325,18
36,512,517,18
36,576,581,18
36,640,645,18
36,1024,1029,18
36,1120,1125,18
36,1152,1157,18
37,0,37,17
37,1,37,17
37,2,38,17
37,3,38,17
37,4,38,17
37,5,38,17
37,6,39,17
37,7,39,17
37,8,38,17
37,9,38,17
37,10,39,17
37,11,40,14
37,12,40,14
37,13,40,14
37,14,41,14
37,15,41,14
37,16,41,14
37,17,41,14
37,18,42,14
37,19,42,14
37,20,42,14
37,21,42,14
37,22,43,14
37,23,43,14
37,24,43,14
37,25,46,12
37,26,47,12
37,27,47,12
37,28,48,12
37,29,48,12
37,30,49,12
37,31,49,12
37,32,49,12
37,33,49,12
37,34,50,12
37,35,50,12
37,36,51,12
37,37,51,12
37,38,52,13
37,39,53,13
37,40,54,13
37,41,55,13
37,42,56,13
37,43,57,13
37,44,58,13
37,45,59,13
37,46,60,13
37,47,61,13
37,48,62,13
37,49,63,13
37,50,64,13
37,51,65,13
37,52,66,13
37,53,67,13
37,54,68,13
37,55,69,13
37,56,65,15
37,57,66,15
37,58,67,15
37,59,68,15
37,60,69,15
37,61,70,15
37,62,71,15
37,63,72,15
37,64,73,15
37,96,105,15
37,100,109,15
37,127,136,15
37,128,137,15
37,160,165,18
37,192,197,18
37,255,260,18
37,256,261,18
37,320,325,18
37,512,517,18
37,576,581,18
37,640,645,18
37,1024,1029,18
37,1120,1125,18
37,1152,1157,18
38,0,38,17
38,1,38,17
38,2,39,17
38,3,39,17
38,4,39,17
38,5,39,17
38,6,40,17
38,7,40,17
38,8,39,17
38,9,39,17
38,10,40,17
38,11,41,14
38,12,41,14
38,13,41,14
38,14,42,14
38,15,42,14
38,16,42,14
38,17,42,14
38,18,43,14
38,19,43,14
38,20,43,14
38,21,43,14
38,22,44,14
38,23,44,14
38,24,44,14
38,25,44,14
38,26,48,12
38,27,48,12
38,28,49,12
38,29,49,12
38,30,50,12
38,31,50,12
38,32,50,12
38,33,50,12
38,34,51,12
38,35,51,12
38,36,52,12
38,37,52,12
38,38,53,12
38,39,54,13
38,40,55,13
38,41,56,13
38,42,57,13
38,43,58,13
38,44,59,13
38,45,60,13
38,46,61,13
38,47,62,13
38,48,63,13
38,49,64,13
38,50,65,13
38,51,66,13
38,52,67,13
38,53,68,13
38,54,69,13
38,55,70,13
38,56,71,13
38,57,67,15
38,58,68,15
38,59,69,15
38,60,70,15
38,61,71,15
38,62,72,15
38,63,73,15
38,64,74,15
38,96,106,15
38,100,110,15
38,127,137,15
38,128,138,15
38,160,166,18
38,192,198,18
38,255,261,18
38,256,262,18
38,320,326,18
38,512,518,18
38,576,582,18
38,640,646,18
38,1024,1030,18
38,1120,1126,18
38,1152,1158,18
39,0,39,17
39,1,39,17
39,2,40,17
39,3,40,17
39,4,40,17
39,5,40,17
39,6,41,17
39,7,41,17
39,8,40,17
39,9,40,17
39,10,41,17
39,11,41,17
39,12,42,14
39,13,42,14
39,14,43,14
39,15,43,14
39,16,43,14
39,17,43,14
39,18,44,14
39,19,44,14
39,20,44,14
39,21,44,14
39,22,45,14
39,23,45,14
39,24,45,14
39,25,45,14
39,26,46,14
39,27,49,12
39,28,50,12
39,29,50,12
39,30,51,12
39,31,51,12
39,32,51,12
39,33,51,12
39,34,52,12
39,35,52,12
39,36,53,12
39,37,53,12
39,38,54,12
39,39,54,12
39,40,55,13
39,41,56,13
39,42,57,13
39,43,58,13
39,44,59,13
39,45,60,13
39,46,61,13
39,47,62,13
39,48,63,13
39,49,64,13
39,50,65,13
39,51,66,13
39,52,67,13
39,53,68,13
39,54,69,13
39,55,70,13
39,56,71,13
39,57,72,13
39,58,73,13
39,59,69,15
39,60,70,15
39,61,71,15
39,62,72,15
39,63,73,15
39,64,74,15
39,96,106,15
39,100,110,15
39,127,137,15
39,128,138,15
39,160,166,18
39,192,198,18
39,255,261,18
39,256,262,18
39,320,326,18
39,512,518,18
39,576,582,18
39,640,646,18
39,1024,1030,18
39,1120,1126,18
39,1152,1158,18
40,0,40,17
40,1,40,17
40,2,41,17
40,3,41,17
40,4,41,17
40,5,41,17
40,6,42,17
40,7,42,17
40,8,41,17
40,9,41,17
40,10,42,17
40,11,42,17
40,12,43,14
40,13,43,14
40,14,44,14
40,15,44,14
40,16,44,14
40,17,44,14
40,18,45,14
40,19,45,14
40,20,45,14
40,21,45,14
40,22,46,14
40,23,46,14
40,24,46,14
40,25,46,14
40,26,47,14
40,27,50,12
40,28,51,12
40,29,51,12
40,30,52,12
40,31,52,12
40,32,52,12
40,33,52,12
40,34,53,12
40,35,53,12
40,36,54,12
40,37,54,12
40,38,55,12
40,39,55,12
40,40,55,12
40,41,56,13
40,42,57,13
40,43,58,13
40,44,59,13
40,45,60,13
40,46,61,13
40,47,62,13
40,48,63,13
40,49,64,13
40,50,65,13
40,51,66,13
40,52,67,13
40,53,68,13
40,54,69,13
40,55,70,13
40,56,71,13
40,57,72,13
40,58,73,13
40,59,74,13
40,60,70,15
40,61,71,15
40,62,72,15
40,63,73,15
40,64,74,15
40,96,106,15
40,100,110,15
40,127,137,15
40,128,138,15
40,160,165,18
40,192,197,18
40,255,260,18
40,256,261,18
40,320,325,18
40,512,517,18
40,576,581,18
40,640,645,18
40,1024,1029,18
40,1120,1125,18
40,1152,1157,18
41,0,41,17
41,1,41,17
41,2,42,17
41,3,42,17
41,4,42,17
41,5,42,17
41,6,43,17
41,7,43,17
41,8,42,17
41,9,42,17
41,10,43,17
41,11,43,17
41,12,44,14
41,13,44,14
41,14,45,14
41,15,45,14
41,16,45,14
41,17,45,14
41,18,46,14
41,19,46,14
41,20,46,14
41,21,46,14
41,22,47,14
41,23,47,14
41,24,47,14
41,25,47,14
41,26,48,14
41,27,48,14
41,28,52,12
41,29,52,12
41,30,53,12
41,31,53,12
41,32,53,12
41,33,53,12
41,34,54,12
41,35,54,12
41,36,55,12
41,37,55,12
41,38,56,12
41,39,56,12
41,40,56,12
41,41,56,12
41,42,57,13
41,43,58,13
41,44,59,13
41,45,60,13
41,46,61,13
41,47,62,13
41,48,63,13
41,49,64,13
41,50,65,13
41,51,66,13
41,52,67,13
41,53,68,13
41,54,69,13
41,55,70,13
41,56,71,13
41,57,72,13
41,58,73,13
41,59,74,13
41,60,75,13
41,61,76,13
41,62,72,15
41,63,73,15
41,64,74,15
41,96,106,15
41,100,110,15
41,127,137,15
41,128,138,15
41,160,165,18
41,192,197,18
41,255,260,18
41,256,261,18
41,320,325,18
41,512,517,18
41,576,581,18
41,640,645,18
41,1024,1029,18
41,1120,1125,18
41,1152,1157,18
42,0,42,17
42,1,42,17
42,2,43,17
42,3,43,17
42,4,43,17
42,5,43,17
42,6,44,17
42,7,44,17
42,8,43,17
42,9,43,17
42,10,44,17
42,11,44,17
42,12,44,17
42,13,45,14
42,14,46,14
42,15,46,14
42,16,46,14
42,17,46,14
42,18,47,14
42,19,47,14
42,20,47,14
42,21,47,14
42,22,48,14
42,23,48,14
42,24,48,14
42,25,48,14
42,26,49,14
42,27,49,14
42,28,49,14
42,29,53,12
42,30,54,12
42,31,54,12
42,32,54,12
42,33,54,12
42,34,55,12
42,35,55,12
42,36,56,12
42,37,56,12
42,38,57,12
42,39,57,12
42,40,57,12
42,41,57,12
42,42,58,12
42,43,59,13
42,44,60,13
42,45,61,13
42,46,62,13
42,47,63,13
42,48,64,13
42,49,65,13
42,50,66,13
42,51,67,13
42,52,68,13
42,53,69,13
42,54,70,13
42,55,71,13
42,56,72,13
42,57,73,13
42,58,74,13
42,59,75,13
42,60,76,13
42,61,77,13
42,62,78,13
42,63,74,15
42,64,75,15
42,96,107,15
42,100,111,15
42,127,138,15
42,128,139,15
42,160,166,18
42,192,198,18
42,255,261,18
42,256,262,18
42,320,326,18
42,512,518,18
42,576,582,18
42,640,646,18
42,1024,1030,18
42,1120,1126,18
42,1152,1158,18
43,0,43,17
43,1,43,17
43,2,44,17
43,3,44,17
43,4,44,17
43,5,44,17
43,6,45,17
43,7,45,17
43,8,44,17
43,9,44,17
43,10,45,17
43,11,45,17
43,12,45,17
43,13,46,14
43,14,47,14
43,15,47,14
43,16,47,14
43,17,47,14
43,18,48,14
43,19,48,14
43,20,48,14
43,21,48,14
43,22,49,14
43,23,49,14
43,24,49,14
43,25,49,14
43,26,50,14
43,27,50,14
43,28,50,14
43,29,54,12
43,30,55,12
43,31,55,12
43,32,55,12
43,33,55,12
43,34,56,12
43,35,56,12
43,36,57,12
43,37,57,12
43,38,58,12
43,39,58,12
43,40,58,12
43,41,58,12
43,42,59,12
43,43,59,12
43,44,60,13
43,45,61,13
43,46,62,13
43,47,63,13
43,48,64,13
43,49,65,13
43,50,66,13
43,51,67,13
43,52,68,13
43,53,69,13
43,54,70,13
43,55,71,13
43,56,72,13
43,57,73,13
43,58,74,13
43,59,75,13
43,60,76,13
43,61,77,13
43,62,78,13
43,63,79,13
43,64,80,13
43,96,107,15
43,100,111,15
43,127,138,15
43,128,139,15
43,160,166,18
43,192,198,18
43,255,261,18
43,256,262,18
43,320,326,18
43,512,518,18
43,576,582,18
43,640,646,18
43,1024,1030,18
43,1120,1126,18
43,1152,1158,18
44,0,44,17
44,1,44,17
44,2,45,17
44,3,45,17
44,4,45,17
44,5,45,17
44,6,46,17
44,7,46,17
44,8,45,17
44,9,45,17
44,10,46,17
44,11,46,17
44,12,46,17
44,13,47,14
44,14,48,14
44,15,48,14
44,16,48,14
44,17,48,14
44,18,49,14
44,19,49,14
44,20,49,14
44,21,49,14
44,22,50,14
44,23,50,14
44,24,50,14
44,25,50,14
44,26,51,14
44,27,51,14
44,28,51,14
44,29,51,14
44,30,56,12
44,31,56,12
44,32,56,12
44,33,56,12
44,34,57,12
44,35,57,12
44,36,58,12
44,37,58,12
44,38,59,12
44,39,59,12
44,40,59,12
44,41,59,12
44,42,60,12
44,43,60,12
44,44,61,12
44,45,62,13
44,46,63,13
44,47,64,13
44,48,65,13
44,49,66,13
44,50,67,13
44,51,68,13
44,52,69,13
44,53,70,13
44,54,71,13
44,55,72,13
44,56,73,13
44,57,74,13
44,58,75,13
44,59,76,13
44,60,77,13
44,61,78,13
44,62,79,13
44,63,80,13
44,64,81,13
44,96,107,15
44,100,111,15
44,127,138,15
44,128,139,15
44,160,166,18
44,192,198,18
44,255,261,18
44,256,262,18
44,320,326,18
44,512,518,18
44,576,582,18
44,640,646,18
44,1024,1030,18
44,1120,1126,18
44,1152,1158,18
45,0,45,17
45,1,45,17
45,2,46,17
45,3,46,17
45,4,46,17
45,5,46,17
45,6,47,17
45,7,47,17
45,8,46,17
45,9,46,17
45,10,47,17
45,11,47,17
45,12,47,17
45,13,48,14
45,14,49,14
45,15,49,14
45,16,49,14
45,17,49,14
45,18,50,14
45,19,50,14
45,20,50,14
45,21,50,14
45,22,51,14
45,23,51,14
45,24,51,14
45,25,51,14
45,26,52,14
45,27,52,14
45,28,52,14
45,29,52,14
45,30,53,14
45,31,57,12
45,32,57,12
45,33,57,12
45,34,58,12
45,35,58,12
45,36,59,12
45,37,59,12
45,38,60,12
45,39,60,12
45,40,60,12
45,41,60,12
45,42,61,12
45,43,61,12
45,44,62,12
45,45,62,12
45,46,63,13
45,47,64,13
45,48,65,13
45,49,66,13
45,50,67,13
45,51,68,13
45,52,69,13
45,53,70,13
45,54,71,13
45,55,72,13
45,56,73,13
45,57,74,13
45,58,75,13
45,59,76,13
45,60,77,13
45,61,78,13
45,62,79,13
45,63,80,13
45,64,81,13
45,96,107,15
45,100,111,15
45,127,138,15
45,128,139,15
45,160,166,18
45,192,198,18
45,255,261,18
45,256,262,18
45,320,326,18
45,512,518,18
45,576,582,18
45,640,646,18
45,1024,1030,18
45,1120,1126,18
45,1152,1158,18
46,0,46,17
46,1,46,17
46,2,47,17
46,3,47,17
46,4,47,17
46,5,47,17
46,6,48,17
46,7,48,17
46,8,47,17
46,9,47,17
46,10,48,17
46,11,48,17
46,12,48,17
46,13,48,17
46,14,50,14
46,15,50,14
46,16,50,14
46,17,50,14
46,18,51,14
46,19,51,14
46,20,51,14
46,21,51,14
46,22,52,14
46,23,52,14
46,24,52,14
46,25,52,14
46,26,53,14
46,27,53,14
46,28,53,14
46,29,53,14
46,30,54,14
46,31,58,12
46,32,58,12
46,33,58,12
46,34,59,12
46,35,59,12
46,36,60,12
46,37,60,12
46,38,61,12
46,39,61,12
46,40,61,12
46,41,61,12
46,42,62,12
46,43,62,12
46,44,63,12
46,45,63,12
46,46,64,12
46,47,65,13
46,48,66,13
46,49,67,13
46,50,68,13
46,51,69,13
46,52,70,13
46,53,71,13
46,54,72,13
46,55,73,13
46,56,74,13
46,57,75,13
46,58,76,13
46,59,77,13
46,60,78,13
46,61,79,13
46,62,80,13
46,63,81,13
46,64,82,13
46,96,108,15
46,100,112,15
46,127,139,15
46,128,140,15
46,160,172,15
46,192,199,18
46,255,262,18
46,256,263,18
46,320,327,18
46,512,519,18
46,576,583,18
46,640,647,18
46,1024,1031,18
46,1120,1127,18
46,1152,1159,18
47,0,47,17
47,1,47,17
47,2,48,17
47,3,48,17
47,4,48,17
47,5,48,17
47,6,49,17
47,7,49,17
47,8,48,17
47,9,48,17
47,10,49,17
47,11,49,17
47,12,49,17
47,13,49,17
47,14,51,14
47,15,51,14
47,16,51,14
47,17,51,14
47,18,52,14
47,19,52,14
47,20,52,14
47,21,52,14
47,22,53,14
47,23,53,14
47,24,53,14
47,25,53,14
47,26,54,14
47,27,54,14
47,28,54,14
47,29,54,14
47,30,55,14
47,31,55,14
47,32,59,12
47,33,59,12
47,34,60,12
47,35,60,12
47,36,61,12
47,37,61,12
47,38,62,12
47,39,62,12
47,40,62,12
47,41,62,12
47,42,63,12
47,43,63,12
47,44,64,12
47,45,64,12
47,46,65,12
47,47,65,12
47,48,66,13
47,49,67,13
47,50,68,13
47,51,69,13
47,52,70,13
47,53,71,13
47,54,72,13
47,55,73,13
47,56,74,13
47,57,75,13
47,58,76,13
47,59,77,13
47,60,78,13
47,61,79,13
47,62,80,13
47,63,81,13
47,64,82,13
47,96,108,15
47,100,112,15
47,127,139,15
47,128,140,15
47,160,172,15
47,192,199,18
47,255,262,18
47,256,263,18
47,320,327,18
47,512,519,18
47,576,583,18
47,640,647,18
47,1024,1031,18
47,1120,1127,18
47,1152,1159,18
48,0,48,17
48,1,48,17
48,2,49,17
48,3,49,17
48,4,49,17
48,5,49,17
48,6,50,17
48,7,50,17
48,8,49,17
48,9,49,17
48,10,50,17
48,11,50,17
48,12,50,17
48,13,50,17
48,14,52,14
48,15,52,14
48,16,52,14
48,17,52,14
48,18,53,14
48,19,53,14
48,20,53,14
48,21,53,14
48,22,54,14
48,23,54,14
48,24,54,14
48,25,54,14
48,26,55,14
48,27,55,14
48,28,55,14
48,29,55,14
48,30,56,14
48,31,56,14
48,32,56,14
48,33,60,12
48,34,61,12
48,35,61,12
48,36,62,12
48,37,62,12
48,38,63,12
48,39,63,12
48,40,63,12
48,41,63,12
48,42,64,12
48,43,64,12
48,44,65,12
48,45,65,12
48,46,66,12
48,47,66,12
48,48,66,12
48,49,67,13
48,50,68,13
48,51,69,13
48,52,70,13
48,53,71,13
48,54,72,13
48,55,73,13
48,56,74,13
48,57,75,13
48,58,76,13
48,59,77,13
48,60,78,13
48,61,79,13
48,62,80,13
48,63,81,13
48,64,82,13
48,96,108,15
48,100,112,15
48,127,139,15
48,128,140,15
48,160,172,15
48,192,198,18
48,255,261,18
48,256,262,18
48,320,326,18
48,512,518,18
48,576,582,18
48,640,646,18
48,1024,1030,18
48,1120,1126,18
48,1152,1158,18
49,0,49,17
49,1,49,17
49,2,50,17
49,3,50,17
49,4,50,17
49,5,50,17
49,6,51,17
49,7,51,17
49,8,50,17
49,9,50,17
49,10,51,17
49,11,51,17
49,12,51,17
49,13,51,17
49,14,52,17
49,15,53,14
49,16,53,14
49,17,53,14
49,18,54,14
49,19,54,14
49,20,54,14
49,21,54,14
49,22,55,14
49,23,55,14
49,24,55,14
49,25,55,14
49,26,56,14
49,27,56,14
49,28,56,14
49,29,56,14
49,30,57,14
49,31,57,14
49,32,57,14
49,33,61,12
49,34,62,12
49,35,62,12
49,36,63,12
49,37,63,12
49,38,64,12
49,39,64,12
49,40,64,12
49,41,64,12
49,42,65,12
49,43,65,12
49,44,66,12
49,45,66,12
49,46,67,12
49,47,67,12
49,48,67,12
49,49,67,12
49,50,68,13
49,51,69,13
49,52,70,13
49,53,71,13
49,54,72,13
49,55,73,13
49,56,74,13
49,57,75,13
49,58,76,13
49,59,77,13
49,60,78,13
49,61,79,13
49,62,80,13
49,63,81,13
49,64,82,13
49,96,108,15
49,100,112,15
49,127,139,15
49,128,140,15
49,160,172,15
49,192,198,18
49,255,261,18
49,256,262,18
49,320,326,18
49,512,518,18
49,576,582,18
49,640,646,18
49,1024,1030,18
49,1120,1126,18
49,1152,1158,18
50,0,50,17
50,1,50,17
50,2,51,17
50,3,51,17
50,4,51,17
50,5,51,17
50,6,52,17
50,7,52,17
50,8,51,17
50,9,51,17
50,10,52,17
50,11,52,17
50,12,52,17
50,13,52,17
50,14,53,17
50,15,54,14
50,16,54,14
50,17,54,14
50,18,55,14
50,19,55,14
50,20,55,14
50,21,55,14
50,22,56,14
50,23,56,14
50,24,56,14
50,25,56,14
50,26,57,14
50,27,57,14
50,28,57,14
50,29,57,14
50,30,58,14
50,31,58,14
50,32,58,14
50,33,58,14
50,34,63,12
50,35,63,12
50,36,64,12
50,37,64,12
50,38,65,12
50,39,65,12
50,40,65,12
50,41,65,12
50,42,66,12
50,43,66,12
50,44,67,12
50,45,67,12
50,46,68,12
50,47,68,12
50,48,68,12
50,49,68,12
50,50,69,12
50,51,70,13
50,52,71,13
50,53,72,13
50,54,73,13
50,55,74,13
50,56,75,13
50,57,76,13
50,58,77,13
50,59,78,13
50,60,79,13
50,61,80,13
50,62,81,13
50,63,82,13
50,64,83,13
50,96,109,15
50,100,113,15
50,127,140,15
50,128,141,15
50,160,173,15
50,192,199,18
50,255,262,18
50,256,263,18
50,320,327,18
50,512,519,18
50,576,583,18
50,640,647,18
50,1024,1031,18
50,1120,1127,18
50,1152,1159,18
51,0,51,17
51,1,51,17
51,2,52,17
51,3,52,17
51,4,52,17
51,5,52,17
51,6,53,17
51,7,53,17
51,8,52,17
51,9,52,17
51,10,53,17
51,11,53,17
51,12,53,17
51,13,53,17
51,14,54,17
51,15,55,14
51,16,55,14
51,17,55,14
51,18,56,14
51,19,56,14
51,20,56,14
51,21,56,14
51,22,57,14
51,23,57,14
51,24,57,14
51,25,57,14
51,26,58,14
51,27,58,14
51,28,58,14
51,29,58,14
51,30,59,14
51,31,59,14
51,32,59,14
51,33,59,14
51,34,60,14
51,35,64,12
51,36,65,12
51,37,65,12
51,38,66,12
51,39,66,12
51,40,66,12
51,41,66,12
51,42,67,12
51,43,67,12
51,44,68,12
51,45,68,12
51,46,69,12
51,47,69,12
51,48,69,12
51,49,69,12
51,50,70,12
51,51,70,12
51,52,71,13
51,53,72,13
51,54,73,13
51,55,74,13
51,56,75,13
51,57,76,13
51,58,77,13
51,59,78,13
51,60,79,13
51,61,80,13
51,62,81,13
51,63,82,13
51,64,83,13
51,96,109,15
51,100,113,15
51,127,140,15
51,128,141,15
51,160,173,15
51,192,199,18
51,255,262,18
51,256,263,18
51,320,327,18
51,512,519,18
51,576,583,18
51,640,647,18
51,1024,1031,18
51,1120,1127,18
51,1152,1159,18
52,0,52,17
52,1,52,17
52,2,53,17
52,3,53,17
52,4,53,17
52,5,53,17
52,6,54,17
52,7,54,17
52,8,53,17
52,9,53,17
52,10,54,17
52,11,54,17
52,12,54,17
52,13,54,17
52,14,55,17
52,15,56,14
52,16,56,14
52,17,56,14
52,18,57,14
52,19,57,14
52,20,57,14
52,21,57,14
52,22,58,14
52,23,58,14
52,24,58,14
52,25,58,14
52,26,59,14
52,27,59,14
52,28,59,14
52,29,59,14
52,30,60,14
52,31,60,14
52,32,60,14
52,33,60,14
52,34,61,14
52,35,65,12
52,36,66,12
52,37,66,12
52,38,67,12
52,39,67,12
52,40,67,12
52,41,67,12
52,42,68,12
52,43,68,12
52,44,69,12
52,45,69,12
52,46,70,12
52,47,70,12
52,48,70,12
52,49,70,12
52,50,71,12
52,51,71,12
52,52,72,12
52,53,73,13
52,54,74,13
52,55,75,13
52,56,76,13
52,57,77,13
52,58,78,13
52,59,79,13
52,60,80,13
52,61,81,13
52,62,82,13
52,63,83,13
52,64,84,13
52,96,109,15
52,100,113,15
52,127,140,15
52,128,141,15
52,160,173,15
52,192,199,18
52,255,262,18
52,256,263,18
52,320,327,18
52,512,519,18
52,576,583,18
52,640,647,18
52,1024,1031,18
52,1120,1127,18
52,1152,1159,18
53,0,53,17
53,1,53,17
53,2,54,17
53,3,54,17
53,4,54,17
53,5,54,17
53,6,55,17
53,7,55,17
53,8,54,17
53,9,54,17
53,10,55,17
53,11,55,17
53,12,55,17
53,13,55,17
53,14,56,17
53,15,56,17
53,16,57,14
53,17,57,14
53,18,58,14
53,19,58,14
53,20,58,14
53,21,58,14
53,22,59,14
53,23,59,14
53,24,59,14
53,25,59,14
53,26,60,14
53,27,60,14
53,28,60,14
53,29,60,14
53,30,61,14
53,31,61,14
53,32,61,14
53,33,61,14
53,34,62,14
53,35,62,14
53,36,67,12
53,37,67,12
53,38,68,12
53,39,68,12
53,40,68,12
53,41,68,12
53,42,69,12
53,43,69,12
53,44,70,12
53,45,70,12
53,46,71,12
53,47,71,12
53,48,71,12
53,49,71,12
53,50,72,12
53,51,72,12
53,52,73,12
53,53,73,12
53,54,74,13
53,55,75,13
53,56,76,13
53,57,77,13
53,58,78,13
53,59,79,13
53,60,80,13
53,61,81,13
53,62,82,13
53,63,83,13
53,64,84,13
53,96,109,15
53,100,113,15
53,127,140,15
53,128,141,15
53,160,173,15
53,192,199,18
53,255,262,18
53,256,263,18
53,320,327,18
53,512,519,18
53,576,583,18
53,640,647,18
53,1024,1031,18
53,1120,1127,18
53,1152,1159,18
54,0,54,17
54,1,54,17
54,2,55,17
54,3,55,17
54,4,55,17
54,5,55,17
54,6,56,17
54,7,56,17
54,8,55,17
54,9,55,17
54,10,56,17
54,11,56,17
54,12,56,17
54,13,56,17
54,14,57,17
54,15,57,17
54,16,58,14
54,17,58,14
54,18,59,14
54,19,59,14
54,20,59,14
54,21,59,14
54,22,60,14
54,23,60,14
54,24,60,14
54,25,60,14
54,26,61,14
54,27,61,14
54,28,61,14
54,29,61,14
54,30,62,14
54,31,62,14
54,32,62,14
54,33,62,14
54,34,63,14
54,35,63,14
54,36,63,14
54,37,68,12
54,38,69,12
54,39,69,12
54,40,69,12
54,41,69,12
54,42,70,12
54,43,70,12
54,44,71,12
54,45,71,12
54,46,72,12
54,47,72,12
54,48,72,12
54,49,72,12
54,50,73,12
54,51,73,12
54,52,74,12
54,53,74,12
54,54,75,12
54,55,76,13
54,56,77,13
54,57,78,13
54,58,79,13
54,59,80,13
54,60,81,13
54,61,82,13
54,62,83,13
54,63,84,13
54,64,85,13
54,96,110,15
54,100,114,15
54,127,141,15
54,128,142,15
54,160,174,15
54,192,200,18
54,255,263,18
54,256,264,18
54,320,328,18
54,512,520,18
54,576,584,18
54,640,648,18
54,1024,1032,18
54,1120,1128,18
54,1152,1160,18
55,0,55,17
55,1,55,17
55,2,56,17
55,3,56,17
55,4,56,17
55,5,56,17
55,6,57,17
55,7,57,17
55,8,56,17
55,9,56,17
55,10,57,17
55,11,57,17
55,12,57,17
55,13,57,17
55,14,58,17
55,15,58,17
55,16,59,14
55,17,59,14
55,18,60,14
55,19,60,14
55,20,60,14
55,21,60,14
55,22,61,14
55,23,61,14
55,24,61,14
55,25,61,14
55,26,62,14
55,27,62,14
55,28,62,14
55,29,62,14
55,30,63,14
55,31,63,14
55,32,63,14
55,33,63,14
55,34,64,14
55,35,64,14
55,36,64,14
55,37,69,12
55,38,70,12
55,39,70,12
55,40,70,12
55,41,70,12
55,42,71,12
55,43,71,12
55,44,72,12
55,45,72,12
55,46,73,12
55,47,73,12
55,48,73,12
55,49,73,12
55,50,74,12
55,51,74,12
55,52,75,12
55,53,75,12
55,54,76,12
55,55,76,12
55,56,77,13
55,57,78,13
55,58,79,13
55,59,80,13
55,60,81,13
55,61,82,13
55,62,83,13
55,63,84,13
55,64,85,13
55,96,110,15
55,100,114,15
55,127,141,15
55,128,142,15
55,160,174,15
55,192,206,15
55,255,263,18
55,256,264,18
55,320,328,18
55,512,520,18
55,576,584,18
55,640,648,18
55,1024,1032,18
55,1120,1128,18
55,1152,1160,18
56,0,56,17
56,1,56,17
56,2,57,17
56,3,57,17
56,4,57,17
56,5,57,17
56,6,58,17
56,7,58,17
56,8,57,17
56,9,57,17
56,10,58,17
56,11,58,17
56,12,58,17
56,13,58,17
56,14,59,17
56,15,59,17
56,16,58,17
56,17,60,14
56,18,61,14
56,19,61,14
56,20,61,14
56,21,61,14
56,22,62,14
56,23,62,14
56,24,62,14
56,25,62,14
56,26,63,14
56,27,63,14
56,28,63,14
56,29,63,14
56,30,64,14
56,31,64,14
56,32,64,14
56,33,64,14
56,34,65,14
56,35,65,14
56,36,65,14
56,37,65,14
56,38,71,12
56,39,71,12
56,40,71,12
56,41,71,12
56,42,72,12
56,43,72,12
56,44,73,12
56,45,73,12
56,46,74,12
56,47,74,12
56,48,74,12
56,49,74,12
56,50,75,12
56,51,75,12
56,52,76,12
56,53,76,12
56,54,77,12
56,55,77,12
56,56,77,12
56,57,78,13
56,58,79,13
56,59,80,13
56,60,81,13
56,61,82,13
56,62,83,13
56,63,84,13
56,64,85,13
56,96,110,15
56,100,114,15
56,127,141,15
56,128,142,15
56,160,174,15
56,192,206,15
56,255,262,18
56,256,263,18
56,320,327,18
56,512,519,18
56,576,583,18
56,640,647,18
56,1024,1031,18
56,1120,1127,18
56,1152,1159,18
57,0,57,17
57,1,57,17
57,2,58,17
57,3,58,17
57,4,58,17
57,5,58,17
57,6,59,17
57,7,59,17
57,8,58,17
57,9,58,17
57,10,59,17
57,11,59,17
57,12,59,17
57,13,59,17
57,14,60,17
57,15,60,17
57,16,59,17
57,17,61,14
57,18,62,14
57,19,62,14
57,20,62,14
57,21,62,14
57,22,63,14
57,23,63,14
57,24,63,14
57,25,63,14
57,26,64,14
57,27,64,14
57,28,64,14
57,29,64,14
57,30,65,14
57,31,65,14
57,32,65,14
57,33,65,14
57,34,66,14
57,35,66,14
57,36,66,14
57,37,66,14
57,38,67,14
57,39,72,12
57,40,72,12
57,41,72,12
57,42,73,12
57,43,73,12
57,44,74,12
57,45,74,12
57,46,75,12
57,47,75,12
57,48,75,12
57,49,75,12
57,50,76,12
57,51,76,12
57,52,77,12
57,53,77,12
57,54,78,12
57,55,78,12
57,56,78,12
57,57,78,12
57,58,79,13
57,59,80,13
57,60,81,13
57,61,82,13
57,62,83,13
57,63,84,13
57,64,85,13
57,96,110,15
57,100,114,15
57,127,141,15
57,128,142,15
57,160,174,15
57,192,206,15
57,255,262,18
57,256,263,18
57,320,327,18
57,512,519,18
57,576,583,18
57,640,647,18
57,1024,1031,18
57,1120,1127,18
57,1152,1159,18
58,0,58,17
58,1,58,17
58,2,59,17
58,3,59,17
58,4,59,17
58,5,59,17
58,6,60,17
58,7,60,17
58,8,59,17
58,9,59,17
58,10,60,17
58,11,60,17
58,12,60,17
58,13,60,17
58,14,61,17
58,15,61,17
58,16,60,17
58,17,62,14
58,18,63,14
58,19,63,14
58,20,63,14
58,21,63,14
58,22,64,14
58,23,64,14
58,24,64,14
58,25,64,14
58,26,65,14
58,27,65,14
58,28,65,14
58,29,65,14
58,30,66,14
58,31,66,14
58,32,66,14
58,33,66,14
58,34,67,14
58,35,67,14
58,36,67,14
58,37,67,14
58,38,68,14
58,39,73,12
58,40,73,12
58,41,73,12
58,42,74,12
58,43,74,12
58,44,75,12
58,45,75,12
58,46,76,12
58,47,76,12
58,48,76,12
58,49,76,12
58,50,77,12
58,51,77,12
58,52,78,12
58,53,78,12
58,54,79,12
58,55,79,12
58,56,79,12
58,57,79,12
58,58,80,12
58,59,81,13
58,60,82,13
58,61,83,13
58,62,84,13
58,63,85,13
58,64,86,13
58,96,111,15
58,100,115,15
58,127,142,15
58,128,143,15
58,160,175,15
58,192,207,15
58,255,263,18
58,256,264,18
58,320,328,18
58,512,520,18
58,576,584,18
58,640,648,18
58,1024,1032,18
58,1120,1128,18
58,1152,1160,18
59,0,59,17
59,1,59,17
59,2,60,17
59,3,60,17
59,4,60,17
59,5,60,17
59,6,61,17
59,7,61,17
59,8,60,17
59,9,60,17
59,10,61,17
59,11,61,17
59,12,61,17
59,13,61,17
59,14,62,17
59,15,62,17
59,16,61,17
59,17,63,14
59,18,64,14
59,19,64,14
59,20,64,14
59,21,64,14
59,22,65,14
59,23,65,14
59,24,65,14
59,25,65,14
59,26,66,14
59,27,66,14
59,28,66,14
59,29,66,14
59,30,67,14
59,31,67,14
59,32,67,14
59,33,67,14
59,34,68,14
59,35,68,14
59,36,68,14
59,37,68,14
59,38,69,14
59,39,69,14
59,40,74,12
59,41,74,12
59,42,75,12
59,43,75,12
59,44,76,12
59,45,76,12
59,46,77,12
59,47,77,12
59,48,77,12
59,49,77,12
59,50,78,12
59,51,78,12
59,52,79,12
59,53,79,12
59,54,80,12
59,55,80,12
59,56,80,12
59,57,80,12
59,58,81,12
59,59,81,12
59,60,82,13
59,61,83,13
59,62,84,13
59,63,85,13
59,64,86,13
59,96,111,15
59,100,115,15
59,127,142,15
59,128,143,15
59,160,175,15
59,192,207,15
59,255,263,18
59,256,264,18
59,320,328,18
59,512,520,18
59,576,584,18
59,640,648,18
59,1024,1032,18
59,1120,1128,18
59,1152,1160,18
60,0,60,17
60,1,60,17
60,2,61,17
60,3,61,17
60,4,61,17
60,5,61,17
60,6,62,17
60,7,62,17
60,8,61,17
60,9,61,17
60,10,62,17
60,11,62,17
60,12,62,17
60,13,62,17
60,14,63,17
60,15,63,17
60,16,62,17
60,17,62,17
60,18,65,14
60,19,65,14
60,20,65,14
60,21,65,14
60,22,66,14
60,23,66,14
60,24,66,14
60,25,66,14
60,26,67,14
60,27,67,14
60,28,67,14
60,29,67,14
60,30,68,14
60,31,68,14
60,32,68,14
60,33,68,14
60,34,69,14
60,35,69,14
60,36,69,14
60,37,69,14
60,38,70,14
60,39,70,14
60,40,70,14
60,41,75,12
60,42,76,12
60,43,76,12
60,44,77,12
60,45,77,12
60,46,78,12
60,47,78,12
60,48,78,12
60,49,78,12
60,50,79,12
60,51,79,12
60,52,80,12
60,53,80,12
60,54,81,12
60,55,81,12
60,56,81,12
60,57,81,12
60,58,82,12
60,59,82,12
60,60,83,12
60,61,84,13
60,62,85,13
60,63,86,13
60,64,87,13
60,96,111,15
60,100,115,15
60,127,142,15
60,128,143,15
60,160,175,15
60,192,207,15
60,255,263,18
60,256,264,18
60,320,328,18
60,512,520,18
60,576,584,18
60,640,648,18
60,1024,1032,18
60,1120,1128,18
60,1152,1160,18
61,0,61,17
61,1,61,17
61,2,62,17
61,3,62,17
61,4,62,17
61,5,62,17
61,6,63,17
61,7,63,17
61,8,62,17
61,9,62,17
61,10,63,17
61,11,63,17
61,12,63,17
61,13,63,17
61,14,64,17
61,15,64,17
61,16,63,17
61,17,63,17
61,18,66,14
61,19,66,14
61,20,66,14
61,21,66,14
61,22,67,14
61,23,67,14
61,24,67,14
61,25,67,14
61,26,68,14
61,27,68,14
61,28,68,14
61,29,68,14
61,30,69,14
61,31,69,14
61,32,69,14
61,33,69,14
61,34,70,14
61,35,70,14
61,36,70,14
61,37,70,14
61,38,71,14
61,39,71,14
61,40,71,14
61,41,76,12
61,42,77,12
61,43,77,12
61,44,78,12
61,45,78,12
61,46,79,12
61,47,79,12
61,48,79,12
61,49,79,12
61,50,80,12
61,51,80,12
61,52,81,12
61,53,81,12
61,54,82,12
61,55,82,12
61,56,82,12
61,57,82,12
61,58,83,12
61,59,83,12
61,60,84,12
61,61,84,12
61,62,85,13
61,63,86,13
61,64,87,13
61,96,111,15
61,100,115,15
61,127,142,15
61,128,143,15
61,160,175,15
61,192,207,15
61,255,263,18
61,256,264,18
61,320,328,18
61,512,520,18
61,576,584,18
61,640,648,18
61,1024,1032,18
61,1120,1128,18
61,1152,1160,18
62,0,62,17
62,1,62,17
62,2,63,17
62,3,63,17
62,4,63,17
62,5,63,17
62,6,64,17
62,7,64,17
62,8,63,17
62,9,63,17
62,10,64,17
62,11,64,17
62,12,64,17
62,13,64,17
62,14,65,17
62,15,65,17
62,16,64,17
62,17,64,17
62,18,67,14
62,19,67,14
62,20,67,14
62,21,67,14
62,22,68,14
62,23,68,14
62,24,68,14
62,25,68,14
62,26,69,14
62,27,69,14
62,28,69,14
62,29,69,14
62,30,70,14
62,31,70,14
62,32,70,14
62,33,70,14
62,34,71,14
62,35,71,14
62,36,71,14
62,37,71,14
62,38,72,14
62,39,72,14
62,40,72,14
62,41,72,14
62,42,78,12
62,43,78,12
62,44,79,12
62,45,79,12
62,46,80,12
62,47,80,12
62,48,80,12
62,49,80,12
62,50,81,12
62,51,81,12
62,52,82,12
62,53,82,12
62,54,83,12
62,55,83,12
62,56,83,12
62,57,83,12
62,58,84,12
62,59,84,12
62,60,85,12
62,61,85,12
62,62,86,12
62,63,87,13
62,64,88,13
62,96,112,15
62,100,116,15
62,127,143,15
62,128,144,15
62,160,176,15
62,192,208,15
62,255,264,18
62,256,265,18
62,320,329,18
62,512,521,18
62,576,585,18
62,640,649,18
62,1024,1033,18
62,1120,1129,18
62,1152,1161,18
63,0,63,17
63,1,63,17
63,2,64,17
63,3,64,17
63,4,64,17
63,5,64,17
63,6,65,17
63,7,65,17
63,8,64,17
63,9,64,17
63,10,65,17
63,11,65,17
63,12,65,17
63,13,65,17
63,14,66,17
63,15,66,17
63,16,65,17
63,17,65,17
63,18,66,17
63,19,68,14
63,20,68,14
63,21,68,14
63,22,69,14
63,23,69,14
63,24,69,14
63,25,69,14
63,26,70,14
63,27,70,14
63,28,70,14
63,29,70,14
63,30,71,14
63,31,71,14
63,32,71,14
63,33,71,14
63,34,72,14
63,35,72,14
63,36,72,14
63,37,72,14
63,38,73,14
63,39,73,14
63,40,73,14
63,41,73,14
63,42,74,14
63,43,79,12
63,44,80,12
63,45,80,12
63,46,81,12
63,47,81,12
63,48,81,12
63,49,81,12
63,50,82,12
63,51,82,12
63,52,83,12
63,53,83,12
63,54,84,12
63,55,84,12
63,56,84,12
63,57,84,12
63,58,85,12
63,59,85,12
63,60,86,12
63,61,86,12
63,62,87,12
63,63,87,12
63,64,88,13
63,96,112,15
63,100,116,15
63,127,143,15
63,128,144,15
63,160,176,15
63,192,208,15
63,255,264,18
63,256,265,18
63,320,329,18
63,512,521,18
63,576,585,18
63,640,649,18
63,1024,1033,18
63,1120,1129,18
63,1152,1161,18
64,0,64,17
64,1,64,17
64,2,65,17
64,3,65,17
64,4,65,17
64,5,65,17
64,6,66,17
64,7,66,17
64,8,65,17
64,9,65,17
64,10,66,17
64,11,66,17
64,12,66,17
64,13,66,17
64,14,67,17
64,15,67,17
64,16,66,17
64,17,66,17
64,18,67,17
64,19,69,14
64,20,69,14
64,21,69,14
64,22,70,14
64,23,70,14
64,24,70,14
64,25,70,14
64,26,71,14
64,27,71,14
64,28,71,14
64,29,71,14
64,30,72,14
64,31,72,14
64,32,72,14
64,33,72,14
64,34,73,14
64,35,73,14
64,36,73,14
64,37,73,14
64,38,74,14
64,39,74,14
64,40,74,14
64,41,74,14
64,42,75,14
64,43,80,12
64,44,81,12
64,45,81,12
64,46,82,12
64,47,82,12
64,48,82,12
64,49,82,12
64,50,83,12
64,51,83,12
64,52,84,12
64,53,84,12
64,54,85,12
64,55,85,12
64,56,85,12
64,57,85,12
64,58,86,12
64,59,86,12
64,60,87,12
64,61,87,12
64,62,88,12
64,63,88,12
64,64,88,12
64,96,112,15
64,100,116,15
64,127,143,15
64,128,144,15
64,160,176,15
64,192,208,15
64,255,263,18
64,256,264,18
64,320,328,18
64,512,520,18
64,576,584,18
64,640,648,18
64,1024,1032,18
64,1120,1128,18
64,1152,1160,18
96,0,96,17
96,1,96,17
96,2,97,17
96,3,97,17
96,4,97,17
96,5,97,17
96,6,98,17
96,7,98,17
96,8,97,17
96,9,97,17
96,10,98,17
96,11,98,17
96,12,98,17
96,13,98,17
96,14,99,17
96,15,99,17
96,16,98,17
96,17,98,17
96,18,99,17
96,19,99,17
96,20,99,17
96,21,99,17
96,22,100,17
96,23,100,17
96,24,99,17
96,25,99,17
96,26,100,17
96,27,100,17
96,28,103,14
96,29,103,14
96,30,104,14
96,31,104,14
96,32,104,14
96,33,104,14
96,34,105,14
96,35,105,14
96,36,105,14
96,37,105,14
96,38,106,14
96,39,106,14
96,40,106,14
96,41,106,14
96,42,107,14
96,43,107,14
96,44,107,14
96,45,107,14
96,46,108,14
96,47,108,14
96,48,108,14
96,49,108,14
96,50,109,14
96,51,109,14
96,52,109,14
96,53,109,14
96,54,110,14
96,55,110,14
96,56,110,14
96,57,110,14
96,58,111,14
96,59,111,14
96,60,111,14
96,61,111,14
96,62,112,14
96,63,112,14
96,64,112,14
96,96,132,12
96,100,136,13
96,127,163,13
96,128,164,13
96,160,184,15
96,192,216,15
96,255,279,15
96,256,280,15
96,320,344,15
96,512,524,18
96,576,588,18
96,640,652,18
96,1024,1036,18
96,1120,1132,18
96,1152,1164,18
100,0,100,17
100,1,100,17
100,2,101,17
100,3,101,17
100,4,101,17
100,5,101,17
100,6,102,17
100,7,102,17
100,8,101,17
100,9,101,17
100,10,102,17
100,11,102,17
100,12,102,17
100,13,102,17
100,14,103,17
100,15,103,17
100,16,102,17
100,17,102,17
100,18,103,17
100,19,103,17
100,20,103,17
100,21,103,17
100,22,104,17
100,23,104,17
100,24,103,17
100,25,103,17
100,26,104,17
100,27,104,17
100,28,104,17
100,29,107,14
100,30,108,14
100,31,108,14
100,32,108,14
100,33,108,14
100,34,109,14
100,35,109,14
100,36,109,14
100,37,109,14
100,38,110,14
100,39,110,14
100,40,110,14
100,41,110,14
100,42,111,14
100,43,111,14
100,44,111,14
100,45,111,14
100,46,112,14
100,47,112,14
100,48,112,14
100,49,112,14
100,50,113,14
100,51,113,14
100,52,113,14
100,53,113,14
100,54,114,14
100,55,114,14
100,56,114,14
100,57,114,14
100,58,115,14
100,59,115,14
100,60,115,14
100,61,115,14
100,62,116,14
100,63,116,14
100,64,116,14
100,96,136,12
100,100,138,12
100,127,165,13
100,128,166,13
100,160,185,15
100,192,217,15
100,255,280,15
100,256,281,15
100,320,345,15
100,512,525,18
100,576,589,18
100,640,653,18
100,1024,1037,18
100,1120,1133,18
100,1152,1165,18
127,0,127,17
127,1,127,17
127,2,128,17
127,3,128,17
127,4,128,17
127,5,128,17
127,6,129,17
127,7,129,17
127,8,128,17
127,9,128,17
127,10,129,17
127,11,129,17
127,12,129,17
127,13,129,17
127,14,130,17
127,15,130,17
127,16,129,17
127,17,129,17
127,18,130,17
127,19,130,17
127,20,130,17
127,21,130,17
127,22,131,17
127,23,131,17
127,24,130,17
127,25,130,17
127,26,131,17
127,27,131,17
127,28,131,17
127,29,131,17
127,30,132,17
127,31,132,17
127,32,131,17
127,33,131,17
127,34,132,17
127,35,132,17
127,36,132,17
127,37,136,14
127,38,137,14
127,39,137,14
127,40,137,14
127,41,137,14
127,42,138,14
127,43,138,14
127,44,138,14
127,45,138,14
127,46,139,14
127,47,139,14
127,48,139,14
127,49,139,14
127,50,140,14
127,51,140,14
127,52,140,14
127,53,140,14
127,54,141,14
127,55,141,14
127,56,141,14
127,57,141,14
127,58,142,14
127,59,142,14
127,60,142,14
127,61,142,14
127,62,143,14
127,63,143,14
127,64,143,14
127,96,163,12
127,100,165,12
127,127,175,12
127,128,176,13
127,160,208,13
127,192,224,15
127,255,287,15
127,256,288,15
127,320,352,15
127,512,529,18
127,576,593,18
127,640,657,18
127,1024,1041,18
127,1120,1137,18
127,1152,1169,18
128,0,128,17
128,1,128,17
128,2,129,17
128,3,129,17
128,4,129,17
128,5,129,17
128,6,130,17
128,7,130,17
128,8,129,17
128,9,129,17
128,10,130,17
128,11,130,17
128,12,130,17
128,13,130,17
128,14,131,17
128,15,131,17
128,16,130,17
128,17,130,17
128,18,131,17
128,19,131,17
128,20,131,17
128,21,131,17
128,22,132,17
128,23,132,17
128,24,131,17
128,25,131,17
128,26,132,17
128,27,132,17
128,28,132,17
128,29,132,17
128,30,133,17
128,31,133,17
128,32,132,17
128,33,132,17
128,34,133,17
128,35,133,17
128,36,133,17
128,37,137,14
128,38,138,14
128,39,138,14
128,40,138,14
128,41,138,14
128,42,139,14
128,43,139,14
128,44,139,14
128,45,139,14
128,46,140,14
128,47,140,14
128,48,140,14
128,49,140,14
128,50,141,14
128,51,141,14
128,52,141,14
128,53,141,14
128,54,142,14
128,55,142,14
128,56,142,14
128,57,142,14
128,58,143,14
128,59,143,14
128,60,143,14
128,61,143,14
128,62,144,14
128,63,144,14
128,64,144,14
128,96,164,12
128,100,166,12
128,127,176,12
128,128,176,12
128,160,208,13
128,192,224,15
128,255,287,15
128,256,288,15
128,320,352,15
128,512,528,18
128,576,592,18
128,640,656,18
128,1024,1040,18
128,1120,1136,18
128,1152,1168,18
160,0,160,17
160,1,160,17
160,2,161,17
160,3,161,17
160,4,161,17
160,5,161,17
160,6,162,17
160,7,162,17
160,8,161,17
160,9,161,17
160,10,162,17
160,11,162,17
160,12,162,17
160,13,162,17
160,14,163,17
160,15,163,17
160,16,162,17
160,17,162,17
160,18,163,17
160,19,163,17
160,20,163,17
160,21,163,17
160,22,164,17
160,23,164,17
160,24,163,17
160,25,163,17
160,26,164,17
160,27,164,17
160,28,164,17
160,29,164,17
160,30,165,17
160,31,165,17
160,32,164,17
160,33,164,17
160,34,165,17
160,35,165,17
160,36,165,17
160,37,165,17
160,38,166,17
160,39,166,17
160,40,165,17
160,41,165,17
160,42,166,17
160,43,166,17
160,44,166,17
160,45,166,17
160,46,172,14
160,47,172,14
160,48,172,14
160,49,172,14
160,50,173,14
160,51,173,14
160,52,173,14
160,53,173,14
160,54,174,14
160,55,174,14
160,56,174,14
160,57,174,14
160,58,175,14
160,59,175,14
160,60,175,14
160,61,175,14
160,62,176,14
160,63,176,14
160,64,176,14
160,96,184,14
160,100,185,14
160,127,208,12
160,128,208,12
160,160,220,12
160,192,252,13
160,255,295,15
160,256,296,15
160,320,360,15
160,512,552,15
160,576,596,18
160,640,660,18
160,1024,1044,18
160,1120,1140,18
160,1152,1172,18
192,0,192,17
192,1,192,17
192,2,193,17
192,3,193,17
192,4,193,17
192,5,193,17
192,6,194,17
192,7,194,17
192,8,193,17
192,9,193,17
192,10,194,17
192,11,194,17
192,12,194,17
192,13,194,17
192,14,195,17
192,15,195,17
192,16,194,17
192,17,194,17
192,18,195,17
192,19,195,17
192,20,195,17
192,21,195,17
192,22,196,17
192,23,196,17
192,24,195,17
192,25,195,17
192,26,196,17
192,27,196,17
192,28,196,17
192,29,196,17
192,30,197,17
192,31,197,17
192,32,196,17
192,33,196,17
192,34,197,17
192,35,197,17
192,36,197,17
192,37,197,17
192,38,198,17
192,39,198,17
192,40,197,17
192,41,197,17
192,42,198,17
192,43,198,17
192,44,198,17
192,45,198,17
192,46,199,17
192,47,199,17
192,48,198,17
192,49,198,17
192,50,199,17
192,51,199,17
192,52,199,17
192,53,199,17
192,54,200,17
192,55,206,14
192,56,206,14
192,57,206,14
192,58,207,14
192,59,207,14
192,60,207,14
192,61,207,14
192,62,208,14
192,63,208,14
192,64,208,14
192,96,216,14
192,100,217,14
192,127,224,14
192,128,224,14
192,160,252,12
192,192,264,12
192,255,327,13
192,256,328,13
192,320,368,15
192,512,560,15
192,576,624,15
192,640,688,15
192,1024,1048,18
192,1120,1144,18
192,1152,1176,18
255,0,255,17
255,1,255,17
255,2,256,17
255,3,256,17
255,4,256,17
255,5,256,17
255,6,257,17
255,7,257,17
255,8,256,17
255,9,256,17
255,10,257,17
255,11,257,17
255,12,257,17
255,13,257,17
255,14,258,17
255,15,258,17
255,16,257,17
255,17,257,17
255,18,258,17
255,19,258,17
255,20,258,17
255,21,258,17
255,22,259,17
255,23,259,17
255,24,258,17
255,25,258,17
255,26,259,17
255,27,259,17
255,28,259,17
255,29,259,17
255,30,260,17
255,31,260,17
255,32,259,17
255,33,259,17
255,34,260,17
255,35,260,17
255,36,260,17
255,37,260,17
255,38,261,17
255,39,261,17
255,40,260,17
255,41,260,17
255,42,261,17
255,43,261,17
255,44,261,17
255,45,261,17
255,46,262,17
255,47,262,17
255,48,261,17
255,49,261,17
255,50,262,17
255,51,262,17
255,52,262,17
255,53,262,17
255,54,263,17
255,55,263,17
255,56,262,17
255,57,262,17
255,58,263,17
255,59,263,17
255,60,263,17
255,61,263,17
255,62,264,17
255,63,264,17
255,64,263,17
255,96,279,14
255,100,280,14
255,127,287,14
255,128,287,14
255,160,295,14
255,192,327,12
255,255,351,12
255,256,352,13
255,320,416,13
255,512,576,15
255,576,640,15
255,640,704,15
255,1024,1057,18
255,1120,1153,18
255,1152,1185,18
256,0,256,17
256,1,256,17
256,2,257,17
256,3,257,17
256,4,257,17
256,5,257,17
256,6,258,17
256,7,258,17
256,8,257,17
256,9,257,17
256,10,258,17
256,11,258,17
256,12,258,17
256,13,258,17
256,14,259,17
256,15,259,17
256,16,258,17
256,17,258,17
256,18,259,17
256,19,259,17
256,20,259,17
256,21,259,17
256,22,260,17
256,23,260,17
256,24,259,17
256,25,259,17
256,26,260,17
256,27,260,17
256,28,260,17
256,29,260,17
256,30,261,17
256,31,261,17
256,32,260,17
256,33,260,17
256,34,261,17
256,35,261,17
256,36,261,17
256,37,261,17
256,38,262,17
256,39,262,17
256,40,261,17
256,41,261,17
256,42,262,17
256,43,262,17
256,44,262,17
256,45,262,17
256,46,263,17
256,47,263,17
256,48,262,17
256,49,262,17
256,50,263,17
256,51,263,17
256,52,263,17
256,53,263,17
256,54,264,17
256,55,264,17
256,56,263,17
256,57,263,17
256,58,264,17
256,59,264,17
256,60,264,17
256,61,264,17
256,62,265,17
256,63,265,17
256,64,264,17
256,96,280,14
256,100,281,14
256,127,288,14
256,128,288,14
256,160,296,14
256,192,328,12
256,255,352,12
256,256,352,12
256,320,416,13
256,512,576,15
256,576,640,15
256,640,704,15
256,1024,1056,18
256,1120,1152,18
256,1152,1184,18
320,0,320,17
320,1,320,17
320,2,321,17
320,3,321,17
320,4,321,17
320,5,321,17
320,6,322,17
320,7,322,17
320,8,321,17
320,9,321,17
320,10,322,17
320,11,322,17
320,12,322,17
320,13,322,17
320,14,323,17
320,15,323,17
320,16,322,17
320,17,322,17
320,18,323,17
320,19,323,17
320,20,323,17
320,21,323,17
320,22,324,17
320,23,324,17
320,24,323,17
320,25,323,17
320,26,324,17
320,27,324,17
320,28,324,17
320,29,324,17
320,30,325,17
320,31,325,17
320,32,324,17
320,33,324,17
320,34,325,17
320,35,325,17
320,36,325,17
320,37,325,17
320,38,326,17
320,39,326,17
320,40,325,17
320,41,325,17
320,42,326,17
320,43,326,17
320,44,326,17
320,45,326,17
320,46,327,17
320,47,327,17
320,48,326,17
320,49,326,17
320,50,327,17
320,51,327,17
320,52,327,17
320,53,327,17
320,54,328,17
320,55,328,17
320,56,327,17
320,57,327,17
320,58,328,17
320,59,328,17
320,60,328,17
320,61,328,17
320,62,329,17
320,63,329,17
320,64,328,17
320,96,344,14
320,100,345,14
320,127,352,14
320,128,352,14
320,160,360,14
320,192,368,14
320,255,416,12
320,256,416,12
320,320,440,12
320,512,592,15
320,576,656,15
320,640,720,15
320,1024,1104,15
320,1120,1160,18
320,1152,1192,18
512,0,512,17
512,1,512,17
512,2,513,17
512,3,513,17
512,4,513,17
512,5,513,17
512,6,514,17
512,7,514,17
512,8,513,17
512,9,513,17
512,10,514,17
512,11,514,17
512,12,514,17
512,13,514,17
512,14,515,17
512,15,515,17
512,16,514,17
512,17,514,17
512,18,515,17
512,19,515,17
512,20,515,17
512,21,515,17
512,22,516,17
512,23,516,17
512,24,515,17
512,25,515,17
512,26,516,17
512,27,516,17
512,28,516,17
512,29,516,17
512,30,517,17
512,31,517,17
512,32,516,17
512,33,516,17
512,34,517,17
512,35,517,17
512,36,517,17
512,37,517,17
512,38,518,17
512,39,518,17
512,40,517,17
512,41,517,17
512,42,518,17
512,43,518,17
512,44,518,17
512,45,518,17
512,46,519,17
512,47,519,17
512,48,518,17
512,49,518,17
512,50,519,17
512,51,519,17
512,52,519,17
512,53,519,17
512,54,520,17
512,55,520,17
512,56,519,17
512,57,519,17
512,58,520,17
512,59,520,17
512,60,520,17
512,61,520,17
512,62,521,17
512,63,521,17
512,64,520,17
512,96,524,17
512,100,525,17
512,127,529,17
512,128,528,17
512,160,552,14
512,192,560,14
512,255,576,14
512,256,576,14
512,320,592,14
512,512,704,12
512,576,768,13
512,640,832,13
512,1024,1152,15
512,1120,1248,15
512,1152,1280,15
576,0,576,17
576,1,576,17
576,2,577,17
576,3,577,17
576,4,577,17
576,5,577,17
576,6,578,17
576,7,578,17
576,8,577,17
576,9,577,17
576,10,578,17
576,11,578,17
576,12,578,17
576,13,578,17
576,14,579,17
576,15,579,17
576,16,578,17
576,17,578,17
576,18,579,17
576,19,579,17
576,20,579,17
576,21,579,17
576,22,580,17
576,23,580,17
576,24,579,17
576,25,579,17
576,26,580,17
576,27,580,17
576,28,580,17
576,29,580,17
576,30,581,17
576,31,581,17
576,32,580,17
576,33,580,17
576,34,581,17
576,35,581,17
576,36,581,17
576,37,581,17
576,38,582,17
576,39,582,17
576,40,581,17
576,41,581,17
576,42,582,17
576,43,582,17
576,44,582,17
576,45,582,17
576,46,583,17
576,47,583,17
576,48,582,17
576,49,582,17
576,50,583,17
576,51,583,17
576,52,583,17
576,53,583,17
576,54,584,17
576,55,584,17
576,56,583,17
576,57,583,17
576,58,584,17
576,59,584,17
576,60,584,17
576,61,584,17
576,62,585,17
576,63,585,17
576,64,584,17
576,96,588,17
576,100,589,17
576,127,593,17
576,128,592,17
576,160,596,17
576,192,624,14
576,255,640,14
576,256,640,14
576,320,656,14
576,512,768,12
576,576,792,12
576,640,856,13
576,1024,1168,15
576,1120,1264,15
576,1152,1296,15
640,0,640,17
640,1,640,17
640,2,641,17
640,3,641,17
640,4,641,17
640,5,641,17
640,6,642,17
640,7,642,17
640,8,641,17
640,9,641,17
640,10,642,17
640,11,642,17
640,12,642,17
640,13,642,17
640,14,643,17
640,15,643,17
640,16,642,17
640,17,642,17
640,18,643,17
640,19,643,17
640,20,643,17
640,21,643,17
640,22,644,17
640,23,644,17
640,24,643,17
640,25,643,17
640,26,644,17
640,27,644,17
640,28,644,17
640,29,644,17
640,30,645,17
640,31,645,17
640,32,644,17
640,33,644,17
640,34,645,17
640,35,645,17
640,36,645,17
640,37,645,17
640,38,646,17
640,39,646,17
640,40,645,17
640,41,645,17
640,42,646,17
640,43,646,17
640,44,646,17
640,45,646,17
640,46,647,17
640,47,647,17
640,48,646,17
640,49,646,17
640,50,647,17
640,51,647,17
640,52,647,17
640,53,647,17
640,54,648,17
640,55,648,17
640,56,647,17
640,57,647,17
640,58,648,17
640,59,648,17
640,60,648,17
640,61,648,17
640,62,649,17
640,63,649,17
640,64,648,17
640,96,652,17
640,100,653,17
640,127,657,17
640,128,656,17
640,160,660,17
640,192,688,14
640,255,704,14
640,256,704,14
640,320,720,14
640,512,832,12
640,576,856,12
640,640,880,12
640,1024,1184,15
640,1120,1280,15
640,1152,1312,15
1024,0,1024,17
1024,1,1024,17
1024,2,1025,17
1024,3,1025,17
1024,4,1025,17
1024,5,1025,17
1024,6,1026,17
1024,7,1026,17
1024,8,1025,17
1024,9,1025,17
1024,10,1026,17
1024,11,1026,17
1024,12,1026,17
1024,13,1026,17
1024,14,1027,17
1024,15,1027,17
1024,16,1026,17
1024,17,1026,17
1024,18,1027,17
1024,19,1027,17
1024,20,1027,17
1024,21,1027,17
1024,22,1028,17
1024,23,1028,17
1024,24,1027,17
1024,25,1027,17
1024,26,1028,17
1024,27,1028,17
1024,28,1028,17
1024,29,1028,17
1024,30,1029,17
1024,31,1029,17
1024,32,1028,17
1024,33,1028,17
1024,34,1029,17
1024,35,1029,17
1024,36,1029,17
1024,37,1029,17
1024,38,1030,17
1024,39,1030,17
1024,40,1029,17
1024,41,1029,17
1024,42,1030,17
1024,43,1030,17
1024,44,1030,17
1024,45,1030,17
1024,46,1031,17
1024,47,1031,17
1024,48,1030,17
1024,49,1030,17
1024,50,1031,17
1024,51,1031,17
1024,52,1031,17
1024,53,1031,17
1024,54,1032,17
1024,55,1032,17
1024,56,1031,17
1024,57,1031,17
1024,58,1032,17
1024,59,1032,17
1024,60,1032,17
1024,61,1032,17
1024,62,1033,17
1024,63,1033,17
1024,64,1032,17
1024,96,1036,17
1024,100,1037,17
1024,127,1041,17
1024,128,1040,17
1024,160,1044,17
1024,192,1048,17
1024,255,1057,17
1024,256,1056,17
1024,320,1104,14
1024,512,1152,14
1024,576,1168,14
1024,640,1184,14
1024,1024,1408,12
1024,1120,1504,13
1024,1152,1536,13
1120,0,1120,17
1120,1,1120,17
1120,2,1121,17
1120,3,1121,17
1120,4,1121,17
1120,5,1121,17
1120,6,1122,17
1120,7,1122,17
1120,8,1121,17
1120,9,1121,17
1120,10,1122,17
1120,11,1122,17
1120,12,1122,17
1120,13,1122,17
1120,14,1123,17
1120,15,1123,17
1120,16,1122,17
1120,17,1122,17
1120,18,1123,17
1120,19,1123,17
1120,20,1123,17
1120,21,1123,17
1120,22,1124,17
1120,23,1124,17
1120,24,1123,17
1120,25,1123,17
1120,26,1124,17
1120,27,1124,17
1120,28,1124,17
1120,29,1124,17
1120,30,1125,17
1120,31,1125,17
1120,32,1124,17
1120,33,1124,17
1120,34,1125,17
1120,35,1125,17
1120,36,1125,17
1120,37,1125,17
1120,38,1126,17
1120,39,1126,17
1120,40,1125,17
1120,41,1125,17
1120,42,1126,17
1120,43,1126,17
1120,44,1126,17
1120,45,1126,17
1120,46,1127,17
1120,47,1127,17
1120,48,1126,17
1120,49,1126,17
1120,50,1127,17
1120,51,1127,17
1120,52,1127,17
1120,53,1127,17
1120,54,1128,17
1120,55,1128,17
1120,56,1127,17
1120,57,1127,17
1120,58,1128,17
1120,59,1128,17
1120,60,1128,17
1120,61,1128,17
1120,62,1129,17
1120,63,1129,17
1120,64,1128,17
1120,96,1132,17
1120,100,1133,17
1120,127,1137,17
1120,128,1136,17
1120,160,1140,17
1120,192,1144,17
1120,255,1153,17
1120,256,1152,17
1120,320,1160,17
1120,512,1248,14
1120,576,1264,14
1120,640,1280,14
1120,1024,1504,12
1120,1120,1540,12
1120,1152,1572,13
1152,0,1152,17
1152,1,1152,17
1152,2,1153,17
1152,3,1153,17
1152,4,1153,17
1152,5,1153,17
1152,6,1154,17
1152,7,1154,17
1152,8,1153,17
1152,9,1153,17
1152,10,1154,17
1152,11,1154,17
1152,12,1154,17
1152,13,1154,17
1152,14,1155,17
1152,15,1155,17
1152,16,1154,17
1152,17,1154,17
1152,18,1155,17
1152,19,1155,17
1152,20,1155,17
1152,21,1155,17
1152,22,1156,17
1152,23,1156,17
1152,24,1155,17
1152,25,1155,17
1152,26,1156,17
1152,27,1156,17
1152,28,1156,17
1152,29,1156,17
1152,30,1157,17
1152,31,1157,17
1152,32,1156,17
1152,33,1156,17
1152,34,1157,17
1152,35,1157,17
1152,36,1157,17
1152,37,1157,17
1152,38,1158,17
1152,39,1158,17
1152,40,1157,17
1152,41,1157,17
1152,42,1158,17
1152,43,1158,17
1152,44,1158,17
1152,45,1158,17
1152,46,1159,17
1152,47,1159,17
1152,48,1158,17
1152,49,1158,17
1152,50,1159,17
1152,51,1159,17
1152,52,1159,17
1152,53,1159,17
1152,54,1160,17
1152,55,1160,17
1152,56,1159,17
1152,57,1159,17
1152,58,1160,17
1152,59,1160,17
1152,60,1160,17
1152,61,1160,17
1152,62,1161,17
1152,63,1161,17
1152,64,1160,17
1152,96,1164,17
1152,100,1165,17
1152,127,1169,17
1152,128,1168,17
1152,160,1172,17
1152,192,1176,17
1152,255,1185,17
1152,256,1184,17
1152,320,1192,17
1152,512,1280,14
1152,576,1296,14
1152,640,1312,14
1152,1024,1536,12
1152,1120,1572,12
1152,1152,1584,12
